:10400000007F00201D210100C51F010019210100B2
:1040100019210100192101001921010019210100B4
:104020000000000000000000000000001921010055
:1040300019210100000000001921010019210100CF
:104040000000000000000000000000000000000070
:104050000000000000000000000000000000000060
:104060000000000000000000000000000000000050
:104070000000000000000000000000000000000040
:104080000000000000000000000000000000000030
:104090000000000000000000000000000000000020
:1040A0000000000000000000000000000000000010
:1040B0000000000000000000000000000000000000
:1040C00010B5054C237833B9044B13B10448AFF352
:1040D00000800123237010BD780200200000000042
:1040E00070EC010008B5034B1BB103490348AFF363
:1040F000008008BD000000007C02002070EC010080
:104100000020704710B500231A4601395C1CDBB251
:104110008B4204DAC35C1A4492B22346F6E7D0B26B
:1041200010BDFFFF10B5074B196800220C4611F9AE
:10413000010B202804D0092802D002B11C6010BD58
:104140000122F3E7C406002010B50446FFF7EAFF9A
:10415000044A136893F90010A14204BF01331360AD
:1041600010BD00BFC406002070B50025ECB2A1420E
:104170000CD90446264614F9010BB8B12C2821D0DD
:104180000A2801D00D28F5D100200FE0013B0138AD
:10419000114642F20146DBB210F9015FECB20D2C80
:1041A00005D92C2D07D100230B70012070BD26FAF4
:1041B00004F4E407F7D48C1AE4B2A342F3D901F86B
:1041C000015BE9E7701C0135D0E7FFFF2DE9F843FB
:1041D000DFF83C900C4F064600254FF0BC0899F8DC
:1041E0000030ECB2A3420CD908FB047431462046DF
:1041F00015F04FFB01350028F1D194ED2D0ABDE8F3
:10420000F8839FED020AFAE7B80F002000000000D3
:10421000760A0020F0B52DED028B87B0FFF782FF04
:104220008A4A106890F900302D2B14460BD10130CA
:104230001060FFF7EFFFB1EE408AB0EE480A07B01A
:10424000BDEC028BF0BD212B0CD101301060FFF7CB
:10425000E1FFB5EE400AF1EE10FA00F0F3809FEDB9
:104260007C8AEAE7282B09D10130106000F070F950
:104270002920B0EE408AFFF767FFDEE75B2B35D1E0
:104280000130002310601F46844610F9015BE9B23B
:1042900021F02006413E192EDAB217D9303909290A
:1042A00014D95F2D12D00FB1C4F800C006AB1A4468
:1042B000002302F8183C2268104612F9011B79B15C
:1042C0005D294FF00103F7D122600BE00DF8035098
:1042D0000133172B4FF00107D6D120601A46E5E7CE
:1042E00003B120606846FFF771FF86E0782B05D1A7
:1042F0000130584B106093ED008A9EE7D9B2A1F1CE
:104300003005092D01D92E2B07D1694616F054F935
:10431000009B2360B0EE408A8FE721F020014139F5
:10432000192904D9002B9AD00130106097E7002397
:104330001F46844610F9011BCAB222F02005413DF8
:10434000192DDEB228D9303A092A25D95F2923D080
:104350000FB1C4F800C006AB3344002503F8185C65
:10436000FFF7E0FE236893F90020282A54D1013397
:1043700039492360684615F08CFA0646B0B12168C9
:104380002B4601220D4611F9010B002838D1002BD4
:104390003FF465AF256062E70DF803100133172B7A
:1043A0004FF00107C5D120601E46D4E700F0D0F8D9
:1043B0002A4C2C20F0EE408AFFF7C6FE25782670A6
:1043C00000F0C6F82C20B0EE408A2778FFF7BCFE3C
:1043D000267000F0BDF829202678FFF7B5FEF5EE2F
:1043E000408AF1EE10FA04D0002D18BF2F46277036
:1043F00023E7002D18BF2E462670B0EE408A1CE73A
:10440000002AC4D0282802D101320123BAE7292882
:1044100008BF02F1FF32F8E7012E7FF463AF9DF988
:104420000030412B01D10E4B65E7422B01D10D4BE2
:1044300061E7432B01D10C4B5DE7442B7FF452AF76
:104440000A4B58E7B7EE008AF7E600BFC406002023
:1044500000000000C8060020E5DD0100CC060020B9
:10446000B4060020B8060020BC060020C0060020CC
:1044700070B52DED028BFFF7CDFE1F4C1F4DB0EE3A
:10448000408A0126FFF74EFE236893F900202A2A6E
:1044900006D101332360FFF7BDFE28EE008AF1E765
:1044A0002F2A0FD101332360FFF7B4FEB5EE400A87
:1044B000F1EE10FA03D12E709FED118AE2E788EE3B
:1044C000008ADFE7252A11D101332360FFF7A2FE1E
:1044D000B5EE400AF1EE10FAF0EE400AEBD0B0EE85
:1044E000480A14F045FAB0EE408ACBE7B0EE480A2D
:1044F000BDEC028B70BD00BFC4060020CC060020BE
:104500000000000010B52DED028BFFF7B1FF0F4C3E
:10451000B0EE408AFFF706FE236893F900202B2AAD
:1045200006D101332360FFF7A3FF38EE008AF1E7DD
:104530002D2A06D101332360FFF79AFF38EE408A17
:10454000E8E7B0EE480ABDEC028B10BDC4060020BF
:1045500010B52DED028BFFF7D5FF334CDFED338A1D
:10456000B0EE408AFFF7DEFD236893F900203E2A73
:104570000FD193F901203D2A3DD102332360FFF78B
:10458000C1FFB4EEC80AF1EE10FA11D9B0EE688A94
:10459000E8E73C2A0FD193F901203D2A35D10233B7
:1045A0002360FFF7AFFFB4EEC80AF1EE10FAEDDBBF
:1045B000B7EE008AD6E73D2A0DD193F901203D2AB6
:1045C0002DD102332360FFF79DFFB4EE480AF1EED0
:1045D00010FAEDD0DAE7212A21D193F901203D2A02
:1045E0001DD102332360FFF78DFFB4EE480AF1EED0
:1045F00010FADDD1CAE701332360FFF783FFB4EE81
:10460000C80AF1EE10FAD3D4C0E701332360FFF7F4
:1046100079FFB4EEC80AF1EE10FAC9DCB6E7B0EEE5
:10462000480ABDEC028B10BDC4060020000000004B
:10463000F8B50F4615461C4615F092F9064608B91E
:104640000020F8BD384615F048F9321830562228B7
:1046500001D02728F4D1013C2B46E4B212F9011F06
:1046600041B1884206D05E1BF6B2B44202D903F8CB
:10467000011BF3E700221A700120E2E708B50246A9
:10468000104612F9013B3BB1303BDBB2092BF7D8A6
:1046900014F06DFA80B200E0184608BD2DE9F04F25
:1046A000F9B081469DF80C62869C879D082E8A464B
:1046B000934609AF14D15A4A0C21384615F07CF8BC
:1046C00000230DF150081BF90320D9B29AB12F2B0A
:1046D00010D02C2A08BF3B2208F803200133F2E750
:1046E000092E01D14F4AE7E74F4A0C21384615F011
:1046F00063F8E5E71946002308F801300CA8EA56EC
:10470000D9B242B11F2B05D02C2A08BF3B22C2547C
:104710000133F4E71946002343549B4694F90010F3
:104720005FFA8BF220AD59B3BBF15F0F27D00422A3
:104730003E49204615F0EDF830B93E2205F80B2031
:1047400004340BF1010BE9E704223949204615F046
:10475000E0F808B93C22F1E705223649204615F079
:10476000D8F820B9262205F80B200534E9E714F91A
:10477000012B2C2A08BF7C2205F80B20E1E75A46C2
:104780000023013EAB54092E06D8DFE806F0472E81
:10479000303234363E383A3C274B9DF81002274AD7
:1047A00027499DF930400393002808BF114625484A
:1047B0009DF80832CDF800800CAA002C08BF0246F4
:1047C0008898CDE90415CDE90620CDE901731E4A8C
:1047D00053464FF4807138A814F0EEFF38A94846CC
:1047E0000FF0F3FB79B0BDE8F08F184BD5E7184B0D
:1047F000D3E7184BD1E7184BCFE7184BCDE7184B51
:10480000CBE7184BC9E7184BC7E79DF81432174A96
:104810001748082114F0D0FF154BBEE7154BBCE735
:10482000AFD20100BAD20100C3D20100CBD2010045
:10483000D0D20100D5D2010070D20100A4D2010073
:10484000A8D2010067EC0100E1D2010077D201009B
:104850007BD201007ED2010082D2010086D201000B
:104860008CD2010097D20100A0D20100DBD201005E
:10487000CD06002073D201002DE9F04FB5B014AE83
:1048800099469DF8043109930D469DF808310A9325
:10489000002182469346304620229DF8FC409DF838
:1048A0000C8114F028FA102200210CA814F023FA2D
:1048B0001CAF1022002110A814F01DFA6022002164
:1048C000384614F018FA2023324669492846FFF783
:1048D000AFFE10230CAA67492846FFF7A9FE102354
:1048E00010AA65492846FFF7A3FE18B9634910A826
:1048F00014F0D9FF60233A4661492846FFF798FE35
:104900003B46194613F9012B202AFAD0092AF8D080
:104910001CADA94208D008460B9114F0DEFF0B999C
:10492000421C284614F0CEF9284614F0D6FF002287
:104930002844B84208D010F9013C202B01D0092BA3
:1049400002D100F8012DF4E74E490CA814F0A1FFA4
:10495000002878D04C490CA814F09BFF002874D094
:104960004A490CA814F095FF002870D048490CA8BB
:1049700014F08FFF00286CD046490CA814F089FF72
:10498000002850D10027B8F1000F66D1099B002BF9
:1049900065D1062F65D09DF97030782B61D19DF9D6
:1049A0007130002B5DD103223B49304614F0B1FF3A
:1049B000002814BF3B460A233849099310A814F075
:1049C00068FFB0FA80F04009099BB8F1000F4AD1A6
:1049D0000A9A52B9012202FA07F717F0120F44D1CE
:1049E00017F0640F14BF04241446449F2C4A99F90D
:1049F00000100495B8F1000F08BF17469DF800217C
:104A00004497CDE90202274ACDE90043002918BFA7
:104A10004A46CDE905673E9B59465046FFF73EFEA4
:104A200035B0BDE8F08F20490CA814F032FF40B13A
:104A30001E490CA814F02DFF68B1012CA2D0022C45
:104A400009D101279FE706279DE703279BE7042756
:104A500099E7052797E7022795E70823ACE707239F
:104A6000AAE73B46A8E70024BFE70224BDE700BF52
:104A7000ABDD0100B2DD0100BFDD0100A4D2010009
:104A8000C7DD010086D20100CEDD0100D4DD0100CA
:104A9000DBDD0100CDDD0100E1DD0100A8D2010078
:104AA00029D00100A3DD0100D3DD0100DADD010022
:104AB00038B500230D460B702B49044614F0E9FE6F
:104AC00050B32A49204614F0E4FE00283BD0284980
:104AD000204614F0DEFE002837D02649204614F088
:104AE000D8FEA0B32449204614F0D3FE88B323494E
:104AF000204614F0CEFE70B32149204614F0C9FEC2
:104B000058B32049204614F0C4FE40B31E49204645
:104B100014F0BFFE08B9092038BD1C49204614F026
:104B2000B8FEF0B103221A49204614F0F2FE002824
:104B3000F1D1E378303B092BEDD8E01C14F017F8E5
:104B400028700720E8E70120E6E70220E4E70320D9
:104B5000E2E70420E0E70520DEE70620DCE70820A6
:104B6000DAE70A20D8E700BF70D2010073D2010053
:104B700077D201007BD201007ED2010082D20100F7
:104B800086D201008CD2010097D20100A0D2010090
:104B9000F1DD010010B50C463E2114F06DFE08B9A0
:104BA000207010BD002310F9012FD9B23AB13C2A70
:104BB00005D00B2B02D0E2540133F4E71946002351
:104BC0006354EEE709490022C0E900210121417246
:104BD0004FF4285102728272C260027442744182A0
:104BE000027542758275C275704700BF00093D00AD
:104BF00000B50A46D0F880148FB051B10023684642
:104C0000ADF800308DF8023005F05FF80FB05DF8B8
:104C100004FBD0F884040028F8D08DF831108DF80A
:104C200032108DF833100B460146684603F022FE21
:104C3000ECE700B50A46D0F880148FB079B10023B4
:104C4000ADF800308DF802306846012305F03DF8DC
:104C500010B1684605F0CCFD0FB05DF804FBD0F84C
:104C600084040028F8D08DF831108DF832108DF8BA
:104C7000331001230146684603F0FCFD08B900200B
:104C8000EAE7684603F08CFE0028F8D0E4E710B4A9
:104C9000846B24B120465DF8044B04F027BEC06B42
:104CA00018B15DF8044B03F027BB4FF0FF305DF8FF
:104CB000044B704710B4034600240C70986B18B175
:104CC0005DF8044B05F099BED86B18B15DF8044B44
:104CD00004F066BA5DF8044B7047FFFF1346074ABD
:104CE00010B40C46116821B122465DF8044B06F061
:104CF00019B808465DF8044B704700BF48290020EA
:104D00002DE9F04FADF53B7D002281460F46564B15
:104D1000564929922AA8CDE938222893FFF7DEFFC9
:104D2000002800F09180052400234FF480723AA9F6
:104D30002AA8013CFFF7ABFF14F0FF04F4D11822BE
:104D4000214608A813F0D7FF00234FF480723AA938
:104D50002AA8FFF79CFF002873DD0EAC182322461B
:104D600000213AA8FFF700FA06460028ECD094F993
:104D70000030002BE8D008A9204614F08AFD002856
:104D8000E2D01722214608A814F0D5FD10230421F3
:104D900000250DEB03023AA88DF83750FFF7E4F930
:104DA000334904A814F075FD0028CDD00DF170082A
:104DB0003023424601213AA80DF1500AFFF7D4F9F9
:104DC0002023524607213AA8FFF7CEF994F900B004
:104DD000284B214653F8250014F05BFD002837D0FE
:104DE00001350C2DF4D1692F1AD00026702F19D15E
:104DF000BBF1530FA8D0204B204A002E14BF1E46F3
:104E00001646CDE901A8009623461D4A4FF480714D
:104E10007AA814F0D1FC7AA948460FF0D6F893E7A7
:104E2000202318E0732F8FD1BBF1530F8CD1134B7C
:104E3000144A002E08BF1A46CDE900282346124A1C
:104E40000CE02AA805F05DFF0DF53B7DBDE8F08F75
:104E5000692FCBD12A23CDE900480C4A4FF4807149
:104E60007AA814F0A9FCD6E794CE010017DD010062
:104E70008CD2010020D20100EDDC010029D001001C
:104E80003FDD010002DD010078DD01002FDD0100C2
:104E90000346806B08B104F07DBED86B08B103F007
:104EA00037BE704708B50830FFF7F2FF08BD03466C
:104EB000806B08B105F0B2B8D86B08B104F028B81F
:104EC000704708B50830FFF7F2FF08BD07B502AB21
:104ED000012203F8011D08301946FFF7E8FF03B06F
:104EE0005DF804FB054B1B78834281BF044B185CC3
:104EF000084100F0010098BF002070470108002021
:104F000002080020094B0A4A18600A4B83ED000A88
:104F100000231360084A1360084A1360084A1360AC
:104F2000084B00221A70FFF713BB00BFC406002015
:104F3000C0060020C8060020BC060020B8060020DD
:104F4000B4060020CC06002038B50B4B0B4A186085
:104F5000002313600A4A0B4C13600B4A13600B4A80
:104F600013600B4A0D46136000232370FFF7F0FA1D
:104F700023782B7038BD00BFC4060020C80600206F
:104F8000C0060020CC060020BC060020B806002089
:104F9000B40600202DE9F041B0B000222A4B2B4985
:104FA0000D920EA8CDE91C220C931F92CDE92E2262
:104FB0001E93FFF793FE0446C8B1254E254FDFF838
:104FC000988000220EA920A805F0E7FE044658B1FB
:104FD0002E9B83B11B7813F0D00F13D0002420A890
:104FE00005F08FFE002CECD00EA805F08AFE2046BE
:104FF00030B0BDE8F0812F9B23B193F8313013F02E
:10500000500FEAE73022694620A8FFF753FE6846B2
:1050100014F063FCC5B20B2DE0D907223146684677
:1050200014F077FC0028D9D1281F3946684414F0C1
:1050300030FC05460028D1D127226946064814F0E5
:105040007AFC88F82750CAE794CE010031D00100DD
:1050500039D00100E3D40100D90700202DE9F04F39
:105060000025E3B0704B119501462A4612A8CDE900
:1050700020551093FFF732FE0746002800F0D0803D
:105080006A4B6B4CDFF8CCB125701D709846DFF889
:10509000C89100234FF4807222A912A8FFF7F7FDF0
:1050A000002840F3B68022AEB24696F90030002BBD
:1050B00000F09C80002D00F083805946304614F0AB
:1050C0004FFC002879D18AF80000494622A814F044
:1050D00047FCA0B1574922A814F042FC78B1102334
:1050E00008AA544922A8FFF7A3FA40B1524908A8D8
:1050F00014F0CFFB00287DD1012388F800304F4900
:1051000022A814F02DFC0028C3D023781F2BBED872
:10511000182302AA4A4922A8FFF78AFA0028B6D023
:10512000DFF838912078BC26172202A900FB0690F0
:1051300014F001FC2378434906FB03934FF0000A67
:1051400083F817A020230DEB030222A8FFF770FAC3
:105150004E4694F800C03C4B002855D01F2203EB6C
:105160004C1008A9019314F0E6FB2278019B03EB95
:10517000421383F81FA02378BC225A4302F148014E
:10518000002006EB010C164449F8010078224FF488
:105190001061CCF8041086F85020FF2286F8B02069
:1051A0000133002286F85100C6F8B42086F8B80012
:1051B00086F8B9003076237069E7C61C002574E7CD
:1051C0002249304614F0CCFB30B9013E16F9013FBC
:1051D00063B10AF8013BF9E7B04204D916F9013B83
:1051E0000AF8013BF8E7061D3D465EE700238AF812
:1051F00000306AE7164908A814F04BFB00287FF43A
:105200007EAF88F800007AE74FEA4C1C03F80C00E8
:10521000B1E712A805F075FD2778003718BF012700
:10522000384663B0BDE8F08F94CE0100780A0020C4
:10523000760A002053D001005DD0010003DD01009B
:1052400065D00100ABDD01009402002045D00100D3
:1052500061D0010041D001004AD00100B80F002008
:1052600030B50025ABB0644B644905952A4606A8C5
:10527000CDE914550493FFF731FD044658B12B4690
:10528000502216A906A8FFF702FDA84205DC06A8D1
:1052900005F037FD00202BB030BD594916A814F099
:1052A0000AFB2AAB1844062200F8505C554916A8A0
:1052B00014F02FFB0028EAD153490DF15E0014F0E1
:1052C000E8FA28B19DF95E00A0F131035C425C412F
:1052D0004E4B50221C7016A9002306A8FFF7D7FCDE
:1052E0000028D4DD464916A814F0E5FA2AAB184484
:1052F000002300F8503C0422454916A814F009FB8D
:1053000004460028C3D10A2217A901A814F013FBF0
:1053100040498DF80E4001A814F0BBFA044620B1B4
:1053200006A805F0EEFC0120B5E70346502216A9B9
:1053300006A8FFF7ACFC0028A9DD314916A814F037
:10534000BAFA2AAB1844052200F8504C324916A884
:1053500014F0DFFA00289AD130490DF15D0014F005
:1053600098FA044620B106A805F0CBFC022092E78B
:105370000346502216A906A8FFF789FC002886DDFF
:105380001F4916A814F097FA2AAB1844092200F80E
:10539000504C234916A814F0BCFA00287FF477AFCC
:1053A0000DF1610013F0E3FB002822DD5428A8BFB3
:1053B00054201C4B5022187016A9002306A8FFF792
:1053C00066FC00287FF763AF0D4916A814F073FA46
:1053D0002AAB1844002300F8503C134916A814F0D7
:1053E00058FA00287FF453AF06A805F08AFC032082
:1053F00051E72020DDE700BF94CE010017DD01005A
:1054000072D1010075D101007CD101003A27002042
:1054100081D10100FC0A002086D10100D9070020BB
:105420008CD101000000002096D1010070B500244D
:105430009CB01B4E1B4B1C49347022460CA80B948D
:10544000CDE91A440A93FFF749FC054628B32346E1
:10545000282269460CA8FFF71AFCA0421ADD13495E
:10546000684614F028FA1CAB1844062200F8704C69
:105470000F49684614F04DFA60B90E490DF1060067
:1054800014F007FA28B19DF90650A5F131035D42E9
:105490005D4135700CA805F034FC1CB070BD00BF38
:1054A0003A27002094CE010017DD010072D10100DF
:1054B00075D101007CD1010030B5144B1B78BDB013
:1054C00005460BB300233CAC0393CDE9123340F205
:1054D00009220F4B0F4944F8E83D04A8FFF7FEFBF3
:1054E00090B10EF0FBFE0C4A00950346A02114A8D3
:1054F00014F062F914A920460EF067FD04A8FFF726
:10550000C7FC04A805F0FDFB3DB030BD3A270020E4
:1055100094CE0100F5D101000CD2010030B5164B3C
:105520001B78C7B005460C4623B300230393CDE98F
:10553000123340F20922114B1149029304A8FFF7DC
:10554000CDFBB8B10EF0CAFE0E4B0F4A002C08BFBF
:105550001C46C8210346CDE9005414A814F02CF9C8
:1055600014A902A80EF031FD04A8FFF791FC04A8CD
:1055700005F0C7FB47B030BD3A27002094CE0100AC
:10558000F5D1010029D0010014D2010010B52F4936
:105590002F48A0B0FFF72CFB002837D000222D4B5E
:1055A0002A490F9210A8CDE91E220E93FFF796FB11
:1055B00060B31E9B63B3DC6910A805F0A2FBB4F5D1
:1055C000006F23D9224C24492046FFF732FBD4F840
:1055D000803413B3002203F24444ADF800208DF868
:1055E000022013462146194A684604F01FFB28B1E1
:1055F000194A2146684604F041FC18B91349144879
:10560000FFF717FB154916480EF0EEFC20B010BD51
:105610001F9C002CD0D02469CEE7D4F88444002C01
:10562000ECD004F58964094A8DF83130214668468A
:105630008DF832308DF8333003F0BEF80028DDD01D
:10564000054A2146684603F0A5FBD6E722D10100B2
:10565000100B002094CE010035D101004AD1010089
:10566000CC41002070B50F4C0F4E451E15F9011F9F
:10567000B1B12288531C9BB2B3F5007F2380B15493
:10568000F4D34FF4007231460848FFF710FCB0F530
:10569000007F1EBF064B01221A7000232380E5E71E
:1056A00070BD00BF3C2900203B270020040A0020D9
:1056B000B40F002010B5084C22885AB10749084899
:1056C000FFF7F5FB238898421EBF064B01221A7094
:1056D0000023238010BD00BF3C2900203B27002071
:1056E000040A0020B40F00201FB50A4B1B780446A3
:1056F0005BB9CDE90133009301231A464FF4FA61F7
:1057000006F058FC204604B010BD034906F0DEFB4D
:10571000F8E700BF0C0B0020080B0020F0B5C5B067
:10572000002305460C460B93CDE91A3340F20922BB
:10573000254B26490A930CA8FFF7D0FA002841D040
:1057400008A8FFF7D1FF224A9DF825C09DF8220046
:105750009DF820309DF823609DF824709DF821105D
:105760000091002C18BF2246CDE9037C03F5FA63B3
:10577000CDE90552CDE90106164AA0211CA814F076
:105780001BF81CA90AA80EF020FC0CA8FFF780FB50
:105790000CA805F0B6FA104910480EF016FC294680
:1057A0000E480EF012FC54B194F900303BB12021A8
:1057B0000A480EF00EFC214608480EF006FC074889
:1057C0000EF00CFC45B0F0BD94CE010022D10100DA
:1057D00029D00100F3D0010018D10100CC410020F4
:1057E0002DE9F04F9A4DADF50F7D4FF0000A994B22
:1057F0001B785FFA8AF6B34240F220810022964B72
:105800009649259226A8CDE934222493FFF766FA1B
:105810008046002800F0178105274EAC00234FF486
:105820008072214626A8FFF732FA002840F308814B
:10583000013F17F0FF07F1D1BC27774307EB0509BC
:10584000484614F04AF8864A7301D118D35602919B
:105850008346019305E0029910A814F01AF8002875
:1058600044D000234FF48072214626A8FFF70FFA98
:10587000002840F3E0805FFA8BF31A464946204641
:10588000039314F046F80028EBD1039BE3562C2B2E
:10589000E7D1302318AA01212046FEF765FC0C232E
:1058A00009AA02212046FEF75FFC042306AA032171
:1058B0002046FEF759FC10230CAA04212046FEF7CF
:1058C00053FC082307AA05212046FEF74DFC602360
:1058D00036AA06212046FEF747FC202310AA0721FE
:1058E0002046FEF741FC019B002BB4D107F11800C4
:1058F0004FF0BC0B0BFB065B2F2218A9284414F0B9
:105900001AF800238BF847300DF117010CA88DF819
:1059100017300193FFF7CCF89DF817208BF84D0056
:105920008BF84F204F4907A813F0B3FF07F150043D
:10593000B0FA80F040092C448BF84E005F222046DC
:1059400036A913F0F8FF019B8BF8AF30013C2C23F4
:1059500014F901BFBBF1000F04D0BBF17C0FF7D1EC
:105960002370F5E7404909A813F093FF00285AD0A7
:105970003E4909A813F08DFF002854D01022594643
:1059800009A814F09DFFBC2404FB0654A06406A8DB
:1059900013F0EDF884F84C00BC2303FB0653FF2200
:1059A00083F8B0200022C3F8B420002283F8B82086
:1059B00083F8B92026A805F0A4F9B8F1000F2FD17B
:1059C000BC235E4306F148035A1943F805802E4470
:1059D0004FF410635360782386F85030FF2386F825
:1059E000B0300023C6F8B43096F9183086F85180EC
:1059F00086F8B88086F8B98043B907F118002F22DD
:105A00001B49284413F097FF86F8478044214B46F2
:105A1000184A36A813F0D0FE36A91348FFF77EFEC9
:105A20000AF1010AE3E6BC2303FB065300229A6451
:105A300083F84C20B0E74FF00008BBE7012003E0FB
:105A400026A805F05EF900200DF50F7DBDE8F08F6A
:105A5000B80F0020760A002094CE010017DD010067
:105A600094020020A8D20100BAD20100AFD20100F6
:105A7000A3DD0100CCD101002DE9F04FA14BADF524
:105A80003B7D1B780793002303939DF80C30079A06
:105A90009A420BD89B4A04921078002332A9DAB2BA
:105AA000904240F285815A540133F8E7039BBC25AC
:105AB0006B43954D5A1992F84D20082A02D0039B4A
:105AC0000133E1E7503500241D44A0464FF018098A
:105AD00095F90070002F4BD0072C48D85B2F04BFDE
:105AE000013501202B78A3F1410318BF0020192BA9
:105AF00039D82A4600237AAE154612F901CB5FFA4F
:105B00008CF121F0200EAEF1410EBEF1190FDFB283
:105B100005D93039092902D9BCF15F0F06D106F841
:105B200003C00133172B1546E6D11F4606F8078040
:105B300038B12B461D4613F9012B12B15D2A1D46C3
:105B4000F8D14FF0000A5FFA8AF39C4240F280825B
:105B50004AAB09FB0A30314613F09BFE0AF1010AF9
:105B60000028F0D1B4E70028B2D10135B0E7002712
:105B7000DFF894A1FBB29C42A1D94FF018084AABC0
:105B800008FB073800255F4B1B78EAB293420AD91D
:105B9000BC20414600FB02A013F07BFE013500282B
:105BA000F1D10137E6E71F2B08D9584958480EF0C4
:105BB0000CFA414656480EF017FAF2E70022554B10
:105BC0005549219222A8CDE930222093FFF786F88B
:105BD00004900028E5D005257AAE00234FF48072AA
:105BE000314622A8FFF753F8002803DC22A805F06D
:105BF00088F8D6E7013D15F0FF05EED100234FF4FC
:105C00008072314622A8FFF742F8002840F3CD8089
:105C1000404613F062FEC5B22A464146304613F0B4
:105C200078FE83460028E9D1735706932C2BE5D1E3
:105C3000344B1D784FF0BC0915FB09F309FB05A98E
:105C4000172241460AEB0300059313F074FE30233C
:105C500014AA0121304689F817B0FEF785FA0C2303
:105C60000DAA02213046FEF77FFA04230AAA032177
:105C70003046FEF779FA102310AA04213046FEF7C9
:105C800073FA08230BAA05213046FEF76DFA60234C
:105C900032AA06213046FEF767FA059B03F1180089
:105CA0002F2214A9504413F046FE0DF1270189F864
:105CB00047B010A88DF827B0FEF7FAFE9DF8273000
:105CC00089F84D0089F84F3014490BA813F0E1FD15
:105CD000059BB0FA80F0400989F84E0003F15000AE
:105CE00000EB0A065F2232A9304613F024FE069B21
:105CF00089F8AFB0701E10F9016F8EB17C2EFAD109
:105D00000370F8E7760A0020B80F00206BD001007E
:105D1000CC41002094CE010017DD0100A8D2010083
:105D2000B7490DA813F0B5FD002836D0B5490DA828
:105D300013F0AFFD88B3314610220DA814F0C0FD5A
:105D4000BC2606FB05A6B0640AA812F010FF86F870
:105D50004C00BC2303FB05A5FF2385F8B0300023CE
:105D6000A94AC5F8B430002385F8B830012385F876
:105D7000B9301378A549A648013313700EF025F900
:105D80004146A3480EF030F922A804F0BAFF049B64
:105D9000002B7FF406AF9F4908E7BC2303FB05A354
:105DA00000229A6483F84C20D3E700230493EBE7A6
:105DB000DFF87092002432AE049A671C1278FBB2AE
:105DC0009A4225D916F803804FF0BC0A08FB0A90C6
:105DD000FEF754FC64B2651C834635445346002CE0
:105DE000A5EB060210DB15F801AD05920AFB039046
:105DF0000393FEF743FC5845059A05D9013C85F805
:105E000001A064B2039BEAE706F802803C46D3E7B0
:105E1000814B06931A78002A37D1804B93F8008083
:105E20007F4B05934AAE00241C70347025460394C2
:105E3000049B1A78E3B29A4274D932AABC2112F8B0
:105E40000390784B01FB093C9CF84D30083B012B3B
:105E50001ED9059B74481B7807910022E3465FFA20
:105E600082FA53451CD950F832100F46DBF848101F
:105E70008F424FEAC20E06D186449EF804109BF86A
:105E80004CE0714509D00132E9E74FF03008C7E72F
:105E9000FF238CF8B0300134CAE78CF8B0A0FAE7E1
:105EA0002F2B0AD8079A11465E4A01FB0922039953
:105EB00092F84CC06144414520DD5A4B4FF0BC0A7A
:105EC0000AFB0933FF2283F8B02093F8B930002B86
:105ED000E1D1304613F001FD524B544A09FB0A331D
:105EE0000093534BC0F14001002808BF1346013511
:105EF000504A3044EDB213F05FFCCCE74A48976C4F
:105F000040F8337082F8B03000EBC300059A80F897
:105F100004C001334FF0000C13708BB280F805C041
:105F20000393B8E75DB16021CDE900564346424A8C
:105F30007AA813F041FC7AA94048FFF7EFFB069BD3
:105F40001B78002B58D1364A3D4910781C460A462A
:105F5000E5B2A84202F1080207D912F8085C02F87B
:105F6000073C2B44DBB20134F2E7364A1370364A61
:105F700003EB4303802402331470D3701024A8234E
:105F800054701371F0240123947053710027062577
:105F90001446FBB2834226D20B782A464FF0000CFF
:105FA0005FFA8CF602F101089E425FFA88F813D27C
:105FB00051F8046C0CEB060E4FEA1E46A654961CD4
:105FC000F6B24FEA1E29033204F80890D2B204F860
:105FD00006E00CF1010CE3E703EB43032B44DDB2D5
:105FE00001370831D5E76E1CF6B231461648FEF788
:105FF00089F8164B60551E700DF53B7DBDE8F08F9E
:10600000BAD20100AFD20100760A00208CD0010084
:10601000CC410020A0D00100780A00200000002020
:10602000750A0020B80F00207408002029D0010054
:1060300069D00100CBD00100D0D00100E7D0010031
:1060400078080020740A0020D5060020D807002018
:10605000012F7FF63DAD04EB44074AAB03EBC707C6
:10606000172231463846013413F065FCE4B287F854
:1060700017802DE508B505460C46FFF74FFB134981
:1060800013480DF0A2FF294611480DF09EFF94F928
:106090000030B3B120210E480DF09BFF21460C4883
:1060A0000DF0A2FF01210D200EF054F8FA200EF0A1
:1060B000D1F800210D200EF04DF8FA200EF0CAF8AC
:1060C000F0E703480DF08AFFECE700BFE8DD0100D0
:1060D000CC41002008B5FFF7EDFA0B4B186C68B106
:1060E00003F067FF0948FEF7D3FE084804F009FEF5
:1060F00007490848BDE80840FFF710BB586C002866
:10610000F0D002F09AFEEDE7FC090020040A00201E
:10611000440A002050D2010037B5054668460C46B7
:10612000FFF7E2FA9DF800009DF801309DF802208B
:1061300014307F281ED80C2B1CD81F2A1AD842EAEC
:10614000431343EA40239BB29DF803002B8017289A
:106150009DF804209DF805100ED83B2A0CD83B2949
:106160000AD8530143EAC02343EA51039BB2238078
:1061700003B030BD0023E7E70023F8E770B5B2B005
:10618000002332AC0993CDE918330E463A4B44F85C
:10619000A83D014640F201620AA8FEF79FFD0546B0
:1061A000002866D006A8FFF79FFA344920460DF074
:1061B0000CFF334920460DF008FF324920460DF010
:1061C00004FF314B31492046002E08BF19460DF01F
:1061D000FCFE2F4920460DF0F8FE2E4B2E4920469E
:1061E000002E08BF19460DF0F0FE9DF81D300593F6
:1061F0009DF81C3004939DF81B3003939DF81A30D2
:1062000002939DF8193001939DF81830234A03F545
:10621000FA6300936021224B1AA813F0CDFA1AA951
:1062200020460DF0D2FE1F4920460DF0CEFE69211A
:106230002046FEF765FD1C4920460DF0C6FE1B49B1
:1062400020460DF0C2FE70212046FEF759FD184988
:1062500020460DF0BAFE73212046FEF751FD154988
:1062600020460DF0B2FE0AA8FEF712FE0AA804F0BE
:1062700048FD284632B070BD94CE0100D2D701004F
:10628000FFD7010028D8010076D6010045D60100CD
:1062900071D8010052D701009FD60100B6D8010085
:1062A000FC0A0020F7D801003CDC010084DC01007E
:1062B000AFDC0100D1DC01007047FFFF38B50846B4
:1062C0001546084908221C4612F0F1FC1022064926
:1062D000284612F0ECFC204604220449BDE8384070
:1062E00012F0E5BCF0E30100F9E301000AE401006B
:1062F000054B187838B1054B186820B1044B186865
:10630000003018BF012070476C0A0020680A002086
:10631000700A0020034B1B680B604FF4007313805E
:10632000704700BF700A0020012070471A460B4BCF
:106330001B7810B5029C13B94FF0FF3010BD084B0D
:1063400018680028F8D0630AF6D005F054F8002841
:10635000F2D024F4FF7020F00100EFE76C0A002077
:10636000680A00201A460B4B1B7810B5029C13B923
:106370004FF0FF3010BD084B18680028F8D0630AB2
:10638000F6D005F07BF80028F2D024F4FF7020F05E
:106390000100EFE76C0A0020680A00204FF0FF3090
:1063A000704770B58CB000248DF80C1004928DF8F5
:1063B0000D40059403AB054693E8070009AB83E85D
:1063C000070006AE86E8070005F28C460ECB304685
:1063D00004F0D6FE95F89F34C5F888648BB9009315
:1063E00001231A463146284604F008FD38B90090CA
:1063F00003460122D5F88814284604F0FFFC0CB0AF
:1064000070BD2046FBE7FFFF0B4810B50024C0F825
:106410008044C0F88444C0F8884400F28C40FEF701
:10642000D1FB064B064A5C60C3E9104405481A607C
:10643000FEF7C8FB10BD00BF100B0020FC090020B8
:1064400094CE01009C06002038B504460DF046FFAE
:10645000054608480CF0B7FF38B90DF03FFF401B68
:10646000A042F6D34FF0FF3038BD0248BDE83840B7
:106470000DF00AB82C34002038B505460024AC4293
:1064800004D03220FFF7E0FF0134F8E738BDFFFF0A
:106490002DE9F04F9A499B48ADF5517DFEF7A8FBD9
:1064A00018B197499748FEF7C4FB0023964F9449CB
:1064B000559340F2016256A8649365935497FEF792
:1064C0000DFC0A9040B991499148FFF727F90A98C5
:1064D0000DF5517DBDE8F08F8E4B1E78002E40F0FB
:1064E000A080DFF86CA2B046B1468B4B18F80300D1
:1064F00090AD4FF4845300EB400B2B805FFA8BFB85
:10650000F023AB700BF10203EB70A823AB800024E7
:106510000622511CA042C9B20BD0931CDBB205F875
:10652000029005F801900332EC540134D2B2E4B287
:10653000EFE70BF1070B5FFA8BFB594628460992F0
:10654000FDF7E0FD099A2946A8545A4650460DF039
:106550000FF850460CF0FBFE5846FFF78DFF4FF446
:106560009670FFF771FF0028C0F24A8304F1060B12
:106570005FFA8BFB8DF8E00100235A1CD1B259451C
:106580000B93099280F03783C820FFF75DFF002846
:10659000C0F236830B9B78AA1344099A58701346AD
:1065A000EBE79DF8E131F02B40F02A839DF8E231D2
:1065B000102B40F02583631C9DF8E321DBB29A4247
:1065C00040F01E839DF8E431E82B40F019835946D2
:1065D00078A8FDF797FD78AB9B441BF8013C8342FC
:1065E00040F00E831E2008F101080DF033FEB8F1D3
:1065F000080F26467FF479AF002C7CD0022C84BF94
:10660000023CE4B2302C28BF3024E3B2434A2821B4
:1066100013702846424A13F0CFF829464148FFF745
:106620007DF8414954A80DF0D0FC404B404A402130
:1066300044A813F0C1F844A954A80DF0C6FC3D4B82
:106640003D4A402144A813F0B7F844A954A80DF0DE
:10665000BCFC324B394A1B78402144A813F0ACF8FB
:1066600044A954A80DF0B1FC354954A80DF0ADFC77
:106670000025304B334A382136A813F09DF82A46BE
:1066800036A968A86795769577956697FEF726FBF5
:106690000990002800F0A8821822294612A812F0BA
:1066A0002AFB302229461EA812F025FB602229462B
:1066B00078A812F020FBAB462E46A9460127AA4631
:1066C0002C4600234FF4807290A968A8FEF7DFFAE9
:1066D000002840F38682002C3CD11B4990A813F07F
:1066E0003FF90028EDD0194990A813F039F9041C9E
:1066F00018BF0124E5E7202388E70924E1E700BF6C
:1067000017DD0100100B002094CE0100AACE01007D
:10671000C7CE0100780A0020F5DD0100000000204E
:10672000D8CE0100E9CE0100F5CE0100FC0A002020
:1067300002CF0100D90700200ACF010013CF0100CA
:1067400020CF010057CF010062CF01006CCF0100C4
:106750002C340020A34990A813F002F980460028A9
:1067600040F03F82012C40F0F0809F4990A813F048
:10677000F7F8002831D19D4990A813F0F1F80028CE
:1067800040F098809A4990A813F0EAF8002898D031
:10679000984990A813F0E4F8002892D018232AAA68
:1067A000944990A8FDF744FF00288AD017222AA90F
:1067B00012A813F0C0F8002530231EAA8E498DF8C8
:1067C0005F5090A88DF878500127FDF731FFAB4658
:1067D0002E46A946AA46072473E7864990A813F0D7
:1067E000BFF80028C7D0182318AA824990A8FDF73F
:1067F0001FFF00283FF465AF302241462AA812F05F
:106800007AFA30232AAA7C49CDF8448090A8CDE9B1
:106810000F88CDE90C88CDF83880FDF709FF0C23EF
:106820000FAA764990A8FDF703FF04230CAA744928
:1068300090A8FDF7FDFE734B1B7823B310220021B7
:106840000FA814F03DF89DF9A8106F4A0B900DF1B8
:10685000A8080CA8002908BF904612F088F96B4AD6
:106860000B9BCDE905226A4A049200210722CDE95B
:106870000121C0B201220390009218A9424654A8F7
:10688000FDF70CFF1DE708230DAA624990A8FDF74C
:10689000CFFE0028D2D00DA812F069F980460CA8CE
:1068A00012F065F9C1B25FFA88F0FEF71BFB002811
:1068B000C4D106E74F4990A813F052F800283FF4DE
:1068C00061AF18232AAA4B4990A8FDF7B1FE002812
:1068D0003FF4F7AE4B4B1B78C3B117222AA912A87D
:1068E00013F029F8002530231EAA43498DF85F5084
:1068F00090A88DF878500127FDF79AFEAB468DF8E9
:10690000E0512E46A946AA460424DAE608230FAA37
:10691000404990A8FDF78CFE0028DED0082318AA75
:106920003D4990A8FDF784FE0028D6D00FA812F0AC
:106930001EF9044618A812F01AF9C1B2E0B2FEF727
:10694000D1FA0028C9D10224BBE6022C07D1334971
:1069500090A813F005F8002818BF0124B1E6032C15
:1069600001D12F49F4E7042C62D12E4990A812F0EE
:10697000F7FF28B18DF8E081DDF824B00624A0E609
:10698000294990A812F0ECFF0028E0D0082318AAAB
:10699000264990A8FDF74CFE0546F8B118A812F05C
:1069A000E6F8C7B2082318AA154990A8FDF740FEDB
:1069B0000646A8B118A812F0DAF85FFA80F92AA9F9
:1069C00090A8FEF7E7F8102200212AA813F078FF1C
:1069D000002E824618BF0127052472E60127E1E751
:1069E0008146ECE775CF010081CF01008ACF01001D
:1069F00096CF010065D00100A1CF0100A7CF010013
:106A0000BECF0100780A0020A3DD010029D00100DB
:106A1000A2D20100ADCF0100BBCF0100C3CF010066
:106A2000D0CF0100DCCF0100E5CF0100EECF0100A7
:106A3000062C2BD1744990A812F092FFF0B11823C4
:106A40002AAA724990A8FDF7F3FD00283FF439AE59
:106A50009DF9E03143B178A812F03FFF6C49C0F1D5
:106A60005F0278A812F041FF78A812F036FF2AA939
:106A7000C0F15F0278A812F038FF22E6654990A8BD
:106A800012F06EFF002818BF05241AE6052C16D157
:106A9000614990A812F064FF00283FF458AF78AB2A
:106AA000CDE905B3CDE90365CDE90179CDF800A0C5
:106AB0001EAB12AA90A954A8FDF7DEFE01E6072C32
:106AC00045D1564990A812F04BFF30B9544990A8CF
:106AD00012F046FF00283FF444AF524990A812F04C
:106AE0003FFF00283FF409AE90F90320222A02D08C
:106AF000272A7FF402AE043040F2214E90F9003094
:106B0000002B3FF4FAAD9A423FF4F7AD0023C45690
:106B100024B1454913F901C0A4450AD003461846DB
:106B200013F9014B002CE9D02C2C6BD0A242F6D1EA
:106B3000E4E701330A2BEAD1837A223BDBB20A2B4A
:106B4000ECD82EFA03F3DB07E8D50824B9E5082CC6
:106B50002ED1364990A812F003FF58B3234618AA45
:106B6000334990A8FDF764FD0546E8B118A811F077
:106B7000FEFFC7B2082318AA2E4990A8FDF758FDBA
:106B8000064698B118A811F0F2FF01275FFA80F9C4
:106B90002AA990A8FDF7FEFF102200212AA813F0D1
:106BA0008FFE0A2482468CE50127E3E78146EFE762
:106BB000092C07D1204990A812F0D2FE002818BF56
:106BC00007247EE50A2C7FF47CAD134990A812F0CF
:106BD000C7FE00283FF4C5AE184B0693002305936B
:106BE00060E768A804F08DF856A8FEF751F956A89A
:106BF00004F087F86BE49DF8E031802B3FF4D1ACD2
:106C00003446F9E4184679E7F6CF0100FCCF0100DD
:106C100082E1010007D0010012D001001ED0010066
:106C200024D0010065D00100FC0A0020E5CF01005E
:106C3000EECF0100BECF01002AD0010029D0010013
:106C40002DE9F04FADF5017D854B864A844E30210C
:106C500012A812F0B1FD12A98348FEF75FFD834927
:106C600083480DF0B2F97E4981480DF0BDF97C49A9
:106C70008048FEF753FCFEF7F3FA032819D0A0B1C1
:106C8000012814D1402133467B4A40A812F094FDDC
:106C900040A97A48FEF742FD794B00221A70FFF7AF
:106CA000F7FB50B977497848D7E07849F1E7784958
:106CB000EFE778497848FEF731FD0022774D7849B3
:106CC0002F9230A8CDE93E222E95FEF707F8044614
:106CD00070B105274FF4807200230DEB020130A83C
:106CE000FDF7D5FF00285BDC30A804F00AF800248B
:106CF000634A84F001031370002C40F09680584BD7
:106D0000684A40211EA812F057FD1EA96648FEF7EA
:106D100005FD664956480DF067F965496548FDF778
:106D200067FF002876D0224661492F9430A8CDE92C
:106D30003E442E95FDF7D2FF00286BD0DFF8B081DE
:106D40002927013F17F0FF074BD04FF48072002333
:106D50000DEB020130A8FDF79AFF002841DD414606
:106D600040A812F0FDFD0028EBD03A2112F084FD7E
:106D7000B8B301300146013091F90030202BF9D031
:106D800000230CA8CA5632F02007DCB221D00D2A0D
:106D90001FD00A2A1DD00F2B1AD0C2540133F1E79D
:106DA000013F17F0FF0795D14FF4807200230DEBE0
:106DB000020130A8FDF76BFF002807DD9DF90031C7
:106DC000452BF1D130A803F09CFF91E70024F9E7AF
:106DD0001C4600232249035512F05BFDB0FA80F4F3
:106DE000640930A803F08DFFA4B133493348FEF79E
:106DF00095FC2F48FEF732F9FEF7F2FC00287BD114
:106E00002F491E48FEF78AFCFFF742FB002871D18C
:106E10002C4948E701212648FFF7B0F92A492B4BB6
:106E2000002818BF19462A48E1E72A4C217871B991
:106E30002948FFF7A3F9294B2949002818BF19460B
:106E40002348FEF76BFC012323702348D2E7254B30
:106E50001B78002BD0D124492448FFF70BF900BF41
:106E6000FC0A00208BD3010095D301009FD30100C1
:106E7000CC410020A6D30100B9D30100D5D3010035
:106E800094060020AACE0100C7CE0100FDD2010069
:106E900011D30100E1D30100F7D3010094CE01002A
:106EA00017DD010001D4010030D4010041D40100FC
:106EB0007AD40100100B002098D40100BCD401004A
:106EC00018D5010029D001003BD3010024D30100D3
:106ED000C9D40100F5090020D5D4010051D3010027
:106EE0006CD30100760A0020E8D401000ED5010021
:106EF00091D40100FEF774FC00242246B4492F947B
:106F000030A8CDE93E442E95FDF7E8FE002800F0BC
:106F10000281214618221EA811F0EDFE05244FF42F
:106F2000807200230DEB020130A8013CFDF7AFFE9B
:106F300014F0FF04F3D1DFF8348327464FF4807256
:106F400000230DEB020130A8FDF7A1FE002827DD8C
:106F500018230CAA002140A8FDF706F90028EDD05F
:106F60009DF93030502BE9D11EA90CA812F091FCEC
:106F70000028E3D017220CA91EA812F0DCFC042183
:106F8000102308AA40A88DF88F70FDF7EDF8414650
:106F900008A812F07EFC0028D0D00134A4B2CDE7BE
:106FA00030A803F0AEFE23468A4A8B4F8B4C182143
:106FB00040A812F001FC40A98948FEF7AFFB40A8A9
:106FC000FEF792FB9DF805213B8805929DF8042170
:106FD00004929DF8032103929DF8022102929DF8EC
:106FE000012101929DF800217E4802F5FA6200928B
:106FF0001C217D4A12F0E0FB7C4A7A4B28212EA806
:1070000012F0DAFB40F201622EA904F10800FDF74C
:1070100065FE002800F0D180206C00287DD04FF064
:10702000487102F00AFF18B971497248FEF776FB01
:10703000714B00241C80714B1C700DF04FF9704B8C
:107040001860704B1EA81C70FEF74EFB96F90010DE
:107050006D486E4A6E4B90F900A09DF87AC09DF87D
:107060007BE09DF87D909DF879609DF87C80A14241
:1070700018BF13469DF87820664902F5FA62A245CA
:1070800018BF0146CDE90691CDE904E8CDE9026CCF
:10709000CDE90032A021604B604ADFF8D4A1DFF8CF
:1070A000D49140A812F088FB40A8FEF7DBFA5C48B8
:1070B000FEF7D8FA9AF80030E6B2B34236D94FF06C
:1070C000BC0808FB06F809EB080393F8B93003BBCA
:1070D0005448FEF7C7FA08F118004844FEF7C2FA10
:1070E0007601514B03EB060B9B5743B14F48FEF71C
:1070F000B9FA5846FEF7B6FA4D48FEF7B3FA4D48CE
:10710000FEF7B0FA09EB0800FEF7ACFA4A48FEF7C2
:10711000A9FA0134CEE7044645E7606C002883D025
:107120004FF04872002301F0F1FD7CE74348FEF781
:1071300099FA3B8801339BB242F20F72934244D8D2
:107140003B8040F2016200233D49419342A85093A5
:1071500051934095FDF7C2FD78B13B88394A08212B
:107160002EA812F029FB2EA940A80CF02EFF42A851
:10717000FDF78EFE42A803F0C4FD334933480CF0FE
:1071800024FF184931480CF02FFFFEF775FC304BF7
:107190001B785BB92F4C3049227830480CF0E8F965
:1071A0002E480CF0D4F82078FFF766F92C4B01221A
:1071B0001A702C4B02221A7003E00A492A48FEF783
:1071C000ADFA0DF5017DBDE8F08F0123B8E700BFF2
:1071D00017DD010030D5010038270020FC09002010
:1071E0003CD50100440A00204AD5010057CF0100D8
:1071F0006DD50100A2D501003C290020B40F00206C
:10720000F8090020640A0020D9070020FC0A0020A9
:107210007ED3010086D30100B0D50100B9D50100AD
:1072200003D6010069D00100940200200FD60100AE
:10723000BAD4010012D6010064EC0100D0D70100DD
:1072400024D6010038D601003ED60100CC410020F2
:10725000780A0020D8070020D50600202C34002012
:10726000F4090020770A002015D601008CD2010015
:10727000760A0020B80F0020F0B5384B1B78012BA0
:10728000A1B017D0364B04AE186804909B883548DF
:10729000B380062231460CF073FE32480CF057F8EA
:1072A0000620FFF7E9F800244FF49670FFF7CCF8BA
:1072B000002801DA00204FE030550134042CF3D1CE
:1072C0009DF81030802BF5D19DF81130F02BF1D1C5
:1072D0009DF81230102BEDD19DF81340082CE9D900
:1072E000671C6C2FE6D800256420FFF7ADF8002856
:1072F000E0DB731901351871ABB29F42F4D8651DFC
:10730000EDB229463046FCF7FDFE20AB1D4415F8D2
:10731000713C8342CED19DF81C2003929DF81B2026
:1073200002929DF81A200192013C9DF819209DF8C7
:1073300018300092E4B20C4A0C480B2112F03CFACF
:10734000702C28BF702422460DF11501084811F059
:10735000AEFC084B01201C7021B0F0BD780A002063
:10736000A4CE01002C3400205BD20100FC0A0020D6
:10737000020800200108002010B5054C04480CF05C
:1073800022F818B120460CF07FF8F7E710BD00BFD7
:107390002C3400202DE9F04FC44B2DED028B1978D1
:1073A000ADF50B7D41B132200CF054FF0DF50B7D96
:1073B000BDEC028BBDE8F08FBD4E3478ECB9BD4C0E
:1073C000236813B90CF08AFF2060FFF755FF0546CC
:1073D00020B100232360FFF733FCE7E70CF07EFFCA
:1073E0002368C01AB44B9842E0D90123B349B4488A
:1073F000256033700CF0F8FDD8E7012C69D1B14A53
:10740000B14D1368B14823F00403136002F5CC2298
:10741000FC32AF4B01704FF4F047117019702970B6
:107420006970A970A97125F8097C4025157007229B
:107430001A70A84A0470D2F8A031A74D43F08073A7
:10744000C2F8A031A54B4AF20352A3F8FE239A8951
:1074500042F400429A812A7B61F300022A7393F876
:10746000402061F3C71283F8402030BF4FF425421B
:10747000A3F8FE231023037040F213424FF49651F9
:1074800097480CF001F9214602200CF04BFE2146F2
:1074900002200CF05FFE05200CF0DCFE914B1B7807
:1074A0000BB9FFF769FF904A138801339BB2138031
:1074B00018218E4A58A812F07FF958A98C48FEF777
:1074C0002DF9FFF7D9FE00283FF470AF0023337089
:1074D00081E7022C7FF46AAF802208A811F00BFC30
:1074E000804B04931A78012A00F04881814D41F2C3
:1074F00088302C78FEF7A8FF0028A846C0F23E810D
:107500008AAF063407F8C80DE4B20125EBB29C42FD
:1075100008D9C820FEF798FF0028C0F22F81E8554F
:107520000135F3E79DF86031802B40F027819DF80D
:107530006131F02B40F022819DF86231102B40F038
:107540001D8198F800509DF863216B1CDBB29A42B4
:1075500040F014819DF86431E82B40F00F81214602
:1075600058A8FCF7CFFD8AAB1C4414F8C93C8342F1
:1075700040F004812A460DF2651128A811F097FB0E
:10758000DFF87481DFF8789100275B4B1B78FDB240
:10759000AB4240F2C580BC246C4309EB040292F874
:1075A0004D30092B08D108AB03EB850500232B6078
:1075B000C2F8B4300137E8E7082B03D092F8B010D6
:1075C000FF2905D108AB03EB850500232B60F1E70C
:1075D000DFF830A192F84EC0CDF814A04FEAC10BED
:1075E0000AEB0B01503491F805E092F84C1002912F
:1075F00092F84F200392029A06A90020042A4C44D4
:10760000086028BF0422BCF1000F0FD10DF1A00AC1
:107610006046D6448C465FFA80FA924580F0FC8141
:107620001EF800A000F80CA00130F4E70DF1A00C4A
:10763000E6445FFA80FC944580F03C82A2EB000CAB
:107640000DF1180AD4441EF800A00CF801AC01306A
:10765000EFE7029810B99FED290AF3E10968C2F13A
:10766000040209BAD200072B21FA02F20AD1039BC5
:107670001F2BF0D8DA4002F0010207EE902AB8EE94
:10768000E70ADFE1042B09D0052BF6D0032B07D145
:1076900053B200EE103AB8EEC00AD3E113B2F8E7E5
:1076A00007EE902AB8EE670ACCE100BF6C0A002012
:1076B000770A002098060020BFD40100FDDD0100FC
:1076C000CC4100201CE0014009410840084108402D
:1076D00019410840006000400054004000E00140B3
:1076E0002C340020780A0020F60900202BDE01004F
:1076F00034DE0100740A0020760A00200000000039
:10770000B80F0020740800200A4628A91C44084429
:10771000815C04F8011D0132D1B28B42F8D8BEE180
:107720009F4B1A78002A69D000240DF1A009182275
:10773000214648461C7011F0DEFADFF880A225468B
:1077400027464FF0BC0B98F80000E1B288422BD9D5
:107750000BFB01A191F8B93073B991F84D300135A7
:10776000092BEDB208D199F900300137FFB21BB9EE
:107770001722484612F0DFF80134E4E789498A48C5
:10778000FDF7CCFF89498A480CF02EFCFDF792FFEB
:10779000FEF7A0FC049B1B780BB9FFF7EDFD854AB3
:1077A00000233370136001E6834B1B78002B64D0F9
:1077B0000023824D1C461946BC27DAB2824211D200
:1077C00007FB03F202EB050C9CF8B9C0BCF1000FFB
:1077D00006D15257502A0BBF0131621CC9B2D4B234
:1077E0000133EAE7CDE90014754B764A482158A8E1
:1077F00011F0E2FF744858A9FDF790FF6F4FDFF8D2
:107800001092002598F80030ECB2A3424BD9BC206E
:10781000604307EB000A9AF84D30082B2BD150300B
:10782000002328A938448DF8A030FDF78DFB8AABE2
:1078300003EB8403A3F5027383ED000A9DF8A030E7
:10784000B0EE408A93B19AF8B8307BB901238AF838
:10785000B8300CF043FD5021009053464A4658A8DA
:1078600011F0AAFF58A95948FDF758FFBC2303FBA4
:10787000047484ED2D8A0135C4E757B14821CDF851
:1078800000904F4B524A58A811F096FF58A9514802
:10789000B2E7482100954A4B4F4A58A811F08CFF97
:1078A00058A94E48A8E70CF019FD4D4A4D4B1178E8
:1078B00011B90121186011701B684B4A3F4D4B4FA5
:1078C000DFF85091C31A142158A811F075FF58A879
:1078D000FDF7C8FE002498F800305FFA84FB5B4592
:1078E0002ED94FF0BC0A0AFB0B5A9AF8B930ABB943
:1078F0003846FDF7B7FE9AF84D300A2B10D13C4AB6
:107900009AF84C3052F82B2000925B00394A14212F
:1079100058A811F051FF58A8FDF7A4FE0134DAE78A
:107920008AAB03EB8B03A3F50273186810F070FAAF
:107930004A46CDE90001142158A811F03DFFEAE7BD
:107940002D482E4CFDF78EFE0CF0C8FC2368C01AA3
:10795000B0F57A7F07D3FDF7ADFE2948FDF798FA19
:107960000CF0BCFC2060274B1A78002A3FF41EADB7
:107970001349254800241C70FDF7D0FE23490C480C
:107980000CF032FBFDF796FEFEF7A4FB049B1B7880
:107990000BB9FFF7F1FC074B34701C6006E500BF24
:1079A000F40900203EDE01005EDE01006EDE010013
:1079B000CC4100209806002094060020B80F00203B
:1079C000440A002095DE0100BDDE010053DF010006
:1079D000D4DE0100E9DE010008DF01001ADF01004A
:1079E000640A0020600A00205CDF010069D0010009
:1079F0007C0A002060DF0100D0D70100F8090020D8
:107A0000040A0020B40F00206DDF01007BDF0100BD
:107A10002ADF010068DF0100062B7FF41AAECB7865
:107A20008DF860318B788DF861314B788DF862314B
:107A30000B788DF86331042258A907A811F037F9A3
:107A40009DED070A2046FDF75DFABC2202FB059278
:107A500008AB03EB850383ED000A92F84D3082ED0D
:107A60002D0A0A2B7FF4A6AD92F84C30F3B105999C
:107A700092F84E2059448AAC4879042B4FF000010B
:107A800028BF042344F8C81D002A7FF43DAE28A96E
:107A90000844815CA1540132D1B29942F9D3589A79
:107AA000C3F1040312BADB0022FA03F3044A42F8DA
:107AB00025307FE5062B7FF4CCAD042206A9BCE778
:107AC0007C0A00202DE9F0410121C8B00D200CF006
:107AD00029FB00210D200CF03DFB4FF4E131B248B1
:107AE0000FF021FC40F213424FF49651AF480BF0D7
:107AF000CBFD012102200CF015FB012102200CF02E
:107B000029FB0CF0EBFB40F2DB5504460DF0C4FF03
:107B100040B90CF0E3FB001BA84203D80A200CF08C
:107B200099FBF3E70DF0B8FF054628B34FF48573D2
:107B30009F4AADF8D8300023CDE937239D4C36ABB2
:107B40000ECB204603F01CFB9B4B20461C6003F031
:107B5000ECFB9A4B186050B9994993480CF044FAE1
:107B600001210D200CF0F6FA48B0BDE8F081954BEC
:107B7000954901221A70F0E7944C8D4A0A2120465B
:107B8000FEF70FFC90B9924987480CF02DFA0121BD
:107B90000D200CF0DFFAC8200CF05CFB00210D205A
:107BA0000CF0D8FAC8200CF055FBF0E7D4F880149C
:107BB000002900F0E6800123864AADF8D85001F292
:107BC000444136A88DF8DA5002F0E5F8824976484B
:107BD000824E0CF009FAFDF729FC8148FDF76CFC98
:107BE000FDF7D4FC002340F209227E49379338A8E0
:107BF000469347933696FDF771F848B17A4936A80F
:107C00000CF0E3F938A8FDF743F938A803F079F848
:107C100000273A467549139714A8CDE922771296A2
:107C2000FDF75CF80446002800F002813B4608227C
:107C300036A914A8CDE93677FDF729F814A803F082
:107C400060F836A810F093FF42F20E72431E934282
:107C500088BF0120664B188066496748674C04F06E
:107C6000CDF8674B674A2070002814BF10461846AD
:107C7000FDF722FC2378002B50D000273A466249BA
:107C8000379738A8469747973696FDF727F88046E6
:107C9000002800F010811822394624A811F02BF892
:107CA0004698002800F0FD80172224A901F060FD0D
:107CB000064638A803F025F8002E24DD0AAB03930E
:107CC00008AE09AB07AF02930196009706AB05AA71
:107CD0004E4924A811F0A4FD062814D19DF82800CF
:107CE0003B7802909DF82400019030789DF8182090
:107CF000BDF81410009012A804F05CF912A93E48D7
:107D000004F09CF8454640493048FCF792FF002DAE
:107D100000F0D1803E493F48FDF700FD24A8FDF763
:107D2000E3FC26782EB1344804F07FF8061C18BF17
:107D300001269DF89030A3F1140085B2142D8CBF5C
:107D40000022012203F5FA6301920093324A33467E
:107D5000302136A811F030FD30481EB1304B142DC3
:107D600098BF184636A9FDF7D9FC2E4803F046FC0B
:107D7000FDF710F9002840F0AF802B492B48FEF7A3
:107D800079F9D4F8841400293FF420AF0123114A73
:107D90008DF8095101F5896136A88DF80A518DF8E1
:107DA0000B5100F052FF11E7CC4100202C34002091
:107DB00040787D019C060020680A0020700A00209F
:107DC000F6DF01006C0A002028E00100100B002003
:107DD00068E0010031D001007DE0010094CE010097
:107DE0008AE0010022D10100D0D7010024D6010091
:107DF00038270020202A0020080B00200C0B002030
:107E0000B6DF0100A8DF0100B3E00100C7E0010018
:107E1000D9E00100EAE0010024E10100D7DF010020
:107E2000D0DF01001961000044E1010065E10100BB
:107E30002590CDE934003790469047900246684936
:107E4000249626A83696FCF749FF30B3002226A9CF
:107E500038A802F0A2FFA0B120220AA938A8FCF796
:107E600029FF38A802F04DFF9DF82830303B092B40
:107E7000ECD80AA810F07BFE80B2844238BF0446DA
:107E8000E4E726A802F03DFF42F20E739C4206D8BA
:107E90000134A4B2534B1C80DEE60446F8E701240B
:107EA000F8E7479820B1172224A900F067F9FFE608
:107EB0004FF0FF36FDE64C4803F0B7FF00287FF493
:107EC0002DAF4A4A4A4924A804F088F824A9464814
:107ED00003F0B4FF47491EE747494848484E494D1B
:107EE000FDF71CFB48494948FCF782FE484B1870D7
:107EF00090B14548FDF7B2F818B946494648FDF734
:107F00000DFC3378012B65D14449454805F010F943
:107F100038B94449444832E73070287043494448EE
:107F2000EDE744494448FDF7F9FB444944480CF067
:107F30005BF82B78434A302124A811F03DFC24A99A
:107F40004148FDF7EBFB2C494048FDF7E7FB237860
:107F50001BB93F493F48FDF7E1FB3F4938480CF06A
:107F600034F80A22297836480CF073F83B49344833
:107F70000CF03AF83A4932480CF027F81E493048DC
:107F80000CF032F83078374B374A2178002818BF88
:107F90001A462B78CDE90023344A354B36A8002900
:107FA00008BF1346334A402111F006FC36A9324877
:107FB000FDF7B4FB314922480CF007F836A92048F8
:107FC0000CF012F801210D200CF0C4F82C4B00220B
:107FD0001A70C9E5002BACD02A492B48CFE600BF68
:107FE00031D0010038270020080B0020F2E001000A
:107FF000FBE0010007E10100D907002072E1010068
:10800000780A0020760A0020D5D40100100B002049
:10801000F509002084E10100AAE1010020A1070088
:108020009C2E0020FEE1010038E20100B8E10100D1
:10803000EEE1010046E2010082E201008BE2010074
:10804000CC410020FFE2010012E301001DE301002A
:1080500025E3010056E301005FE3010073E3010043
:108060007BE30100EDDF0100E3DF01005AE30100E3
:10807000B3DF010089E30100A6E30100B4E30100DE
:10808000770A0020CAE20100EBE20100F0B500F13E
:10809000240305460F46164693E8070085B001AC59
:1080A00084E807007A012146286A01F0C8F901280E
:1080B00006D132462146286A01F072F905B0F0BDBA
:1080C0000020FBE710B5044600F022FD002384F8F1
:1080D000313084F8333010BD38B50D4690F831108A
:1080E000044651B9382210F006FE4023012084F8DE
:1080F0003130256284F8330038BD0020FCE7FFFFF3
:10810000F0B491F90040202C01F1010522D01A4F62
:10811000116091600D460E4615F9014B1CB32F2CD2
:108120001AD01F2C24DDE6B2A6F12201C9B21D2906
:1081300003D827FA01F1C9071AD424F040013C29D9
:1081400016D05C2C14D02E2E02D0202E00D095609C
:108150002946DFE72946D4E70E4611F9014B202CCA
:10816000FAD02F2CF8D01E601146F0BC01F04AB8AE
:108170000020F0BC704700BF010100312DE9F74F2E
:1081800090F83330DF0704460E46154664D558068E
:1081900003D494F8313019070CD5D4E90023D4E97D
:1081A000040112EB050843F10009494508BF4045A9
:1081B00038BF851A04F11803A8460093B8F1000FE0
:1081C00000F09580206AD4E90023D0F83874174075
:1081D000C7F3080B4FB913432BD194F831305A062B
:1081E0004CBFD0F83434E369A361D4F820A0780AF6
:1081F000A7699AF845C4DAF82C14023F07FA0CF77D
:1082000007440F44BBF1000F2FD1B8F5007F2CD3EA
:10821000DAF818128F4228D0B8F5806F45D232466E
:108220003946DAF8140203F010F9A8B14FF40079D6
:108230002FE094F83330A1695B0602D50131A161CA
:10824000D3E7009A01F0C6F8002805DBCDD194F8F9
:10825000313013F0500F4AD194F8323043F002031A
:1082600084F832304FF0FF3043E0CBF50079C14560
:108270004FF0000239460AF5047028BFC14603F0EA
:1082800090F90028E8D000EB0B014A46304610F088
:108290000EFDD4E9002312EB090043F100014E4426
:1082A000C4E90001A8EB090888E7012202FA0CF2F0
:1082B000131A4FEA582E734528BF73468F424FEA70
:1082C000432908D932463946DAF8140203F093F804
:1082D0000028DED1C0E7FA189142F3D20AF5047003
:1082E000019303F039F9019B0028EBD1B4E7A5EB2A
:1082F000080003B0BDE8F08F2DE9F04F1F4685B0B0
:1083000081460E46924601F1FF3801244FF0FF33BB
:1083100004F1FF3B2546544520DA01220DF10F01FF
:108320004846FFF72BFF0128034617D19DF90F1090
:108330000D29F0D008F8011F3FB90A290CD10023FC
:108340007355284605B0BDE8F08F0190384611F00E
:1083500093FA019B0028F2D10134D9E7002B01DB0D
:108360005D46ECE74FF0FF35EBE72DE9F74F90F86E
:1083700031C08569044616461F46BCF1000F69D01E
:10838000D0E90001994208BF904206D056EA07039F
:1083900005D10023A361C4E9006701205CE01CF063
:1083A000080F05D0D4E90423BB4208BFB24251D321
:1083B000D4F8209016F1FF3247F1FF3399F845E4E5
:1083C000CDE90023009B0EF1090E5FFA8EFE23FA21
:1083D0000EF2019BCEF1200AAEF1200803FA0AFA50
:1083E00023FA08F894F8333042EA0A0213F0400FF7
:1083F00042EA0808CEF1200BAEF1200A02D0E36970
:108400004344C7E710F1FF3241F1FF3322FA0EFE79
:1084100003FA0BFB4EEA0B0E23FA0AFA4EEA0A0E97
:10842000F04502D350EA010319D11CF0400F14BFEC
:10843000D9F83434E369A36104F11809B8F1000FE5
:10844000A9D04A46A169206A00F0C4FF002808F1BB
:10845000FF38F3DCA561002003B0BDE8F08FA8EB86
:108460000E08E9E72DE9F04F994690F831308DB0CC
:1084700004460E461546002B45D191F8313013F0D5
:10848000500F40D009F00303012B05D0022B41D03F
:10849000002B38D1012300E0022309F0080A4AEA40
:1084A000030A002D38D0EF680F230E370022B7FBE8
:1084B000F3F7304602370023FFB2FFF756FF4FF0C5
:1084C0000008C346202204A93046FFF757FE0028C3
:1084D00000F0C580202816D19DF81020100620D469
:1084E000BBF1000F05D13168A1F120030193B369FD
:1084F0000093BB453CBF0BF101035FFA83FB6AB9F4
:10850000002D40F0AC804FF0000884F8318084F8F2
:1085100033806EE00323C0E70327D0E700208046C6
:10852000D0E7B8F1000F27D1BB4538BF4FF0000BA3
:10853000852AF3D138224146204610F0DCFB9DF815
:1085400014109DF8112084F8302001F03702C9067C
:1085500058BF42F0080284F83120326A2262B269C0
:1085600062623268203AA26296F83320C2F3801227
:1085700084F82C200120D2E7C02A4FD1DDE9060182
:108580009DF8112084F833A09307C4E90401DDE9C4
:108590000A0144BF4AF0400284F83320099AE2619C
:1085A000C4E902014DBB19F4006FACD119F4884F36
:1085B00003D194F83330990704D594F8313013F08F
:1085C000110FA0D119F4806F39D094F833309A0785
:1085D00099D5002200232046FFF7C7FE002892D03D
:1085E000204600F02AFC00288DD094F833309B07F9
:1085F0002ED440460DB0BDE8F08F2A686A60E96865
:108600009DF81320914289D1288ABDF81420A0EB4F
:10861000020CDCF1000040EB0C0080E7C12A7FF483
:108620007DAF2A4604A9204600F090FD00283FF4C3
:1086300076AFD5E9012191427FF471AFB3E719F428
:10864000804FD2D0D4E904232046FFF78EFECAE73C
:1086500094F8313043F0200384F83130C9E719F43D
:10866000007F3FF450AF1AF0020F3FF44CAF002DE3
:108670003FF449AFBB4521D2202204A93046FFF781
:108680007DFD50B93046D6F8188000F060FA002819
:108690003FF439AFC6F81880ECE720287FF433AFF9
:1086A000BBF1000F05D13268A2F120030193B36939
:1086B00000930BF101035FFA83FBDBE73822002113
:1086C000204696F8338010F016FB336A2362282385
:1086D00084F83130009B6362C8F38018019BA36269
:1086E00084F82C802B686B6007F1FF384FF000098D
:1086F0005FFA88F85FFA89FBBB4556D201225946DA
:108700002046FFF7C3FC064600283FF4FCAE90F974
:108710000020002AFFF6F7AE2022002110F0EBFA2D
:10872000BBF1000F20D185233370224B84F83080B9
:1087300086F801801B688BB10DF10B020DF10E0163
:1087400003A89847BDF80C307381BDF80E30338113
:108750009DF80B30337509F10109CBE745F621434C
:108760007381F3817382F6E7BBF1010F0CD16AF0DC
:108770007F03C022327086F801B084F83330EB6892
:10878000F3702B8AB380E6E7C1233370A86806F143
:108790001E026B688342DED0591C696093F9003079
:1087A00026F8023FB242F4D1D5E7204600F0B0F9F6
:1087B00080461EE74C290020F0B597B01F460023E5
:1087C0008DF851308DF852308DF8533090F83130AB
:1087D000019205460C4613B1002017B0F0BD91F888
:1087E000313013F0500FF7D092F900302F2B13D106
:1087F000019B93F900202F2A02D101330193F7E75F
:10880000216A1AB92846FFF767FCE6E708A8FFF7D0
:1088100063FC0028E0D008AC01AB03AA019928460C
:10882000FFF76EFC0028D7D0019B93F90030D3B13D
:10883000002303AA21462846FFF714FE0028CBD0C8
:1088400008AA2B4605F1300C1446186859681646DC
:1088500003C6083363453246F7D1186830602846AE
:10886000FFF730FCD8E73B4603AA21462846FFF72E
:10887000F9FDB2E719B101F58961FFF79DBF08461F
:1088800070472DE93008134690F831208AB991F8E5
:10889000315015F0500F0CD0D1E900454FF0000CCD
:1088A00004F01F0B5BEA0C0403D1BDE83008FFF7AE
:1088B000D9BD0020BDE83008704710B5047800230A
:1088C000CA0342EA5101C25C012B12FA81F189B25A
:1088D00008D1852C14BF0122032213441F2BEFD98A
:1088E000084610BD0122F8E710B5044602F034FE38
:1088F00050B104F5047002F02FFE28B1D4F8400402
:10890000BDE8104002F0D9BB002010BDF8B5044608
:10891000006AA16901B10131012200F09DFC01282A
:10892000054602D800263046F8BD012301461A4606
:10893000206A00F0E3FC06460028F3D0A26994F810
:1089400033302AB943F0400384F83330A561EAE7B5
:10895000590613D50132AA42F8D023F04003E16949
:1089600084F83330A369206A8B4207D94F1C3A46FA
:1089700000F085FD39460028F4D1D3E74FF0FF32EF
:108980002946206A00F07BFD0028CBD0A169002990
:10899000DCD02A46206A00F072FD0028D6D1C1E75B
:1089A0002DE9F04890F833309A07044602D40020AD
:1089B000BDE8F088C16989B9002594F83030E9B282
:1089C0008B422ED301222046FFF760FB01350028A1
:1089D000EDD0037803F07F030370EEE75B06006AD7
:1089E0001CD5D4E9026790F845240932D2B216F1B9
:1089F000FF3B47F1FF3CC2F12005A2F120030CFA36
:108A000005F52BFA02F22CFA03F32A431A4301323A
:108A1000002300F073FC0028CED1C8E700F04CFD25
:108A2000F9E7002384F8313084F83330206AFFF707
:108A30005BFFBDE72DE9F3410026DFF8D080054656
:108A4000374695F83030F1B28B4249D300222846A0
:108A5000FFF71CFB044600284ED00378C02B2AD019
:108A6000C12B21D0852B47D195F8313003F0370346
:108A70008380D8F8003083B10DF103020DF10601B7
:108A800001A898479DF80330BDF806206375BDF82E
:108A90000430A281E381228263822A6A92F8103232
:108AA00043F0010382F8103239462046FFF705FFF4
:108AB00001360746C5E795F83320437852064CBF88
:108AC00043F0020323F002034370D5E90423C0E915
:108AD0000223EB694361D5E90223C0E90623DCE701
:108AE000012205F12401286A00F05AFC20B14780D8
:108AF000286AFFF7F9FE30B995F8323043F00103E8
:108B000085F83230002002B0BDE8F0814C29002009
:108B100010B590F8313004460BB9012010BD90F823
:108B200033301A0607D503F07F0380F83330BDE8F1
:108B30001040FFF77FBF006AFFF7D6FE0028ECD198
:108B400094F8323043F0010384F83230E6E7F8B5A8
:108B500090F831305A0604462ED5006A00F04AFDDE
:108B6000236AD3F83C341844B0F1806F47D22046D2
:108B7000FFF7CCFE002842D0236AA56993F845246C
:108B8000D3F82C34023D95401D4400260127206A6D
:108B900090F8453407FA03F3B3420FD90522A91917
:108BA00000F5047002F0FDFC48B34FF400720021A0
:108BB00010F0A1F80136EAE78068D1E794F8313087
:108BC0005B0617D494F8333063F07F0384F83330B6
:108BD000D4E90223D0F83C14551843F10006C4E947
:108BE0000256D4E90423D0F83C14551843F100068A
:108BF000C4E904562046BDE8F840FFF789BF0020CD
:108C0000F8BD10B591F8313013F0500F04461AD06A
:108C100040F60223FFF726FCA8B1302384F8313058
:108C20002046FFF794FF70B1A369E361204600235B
:108C30000022FFF79AFBC12384F833302046BDE8B9
:108C40001040FFF765BF002010BDF0B597B01F467C
:108C500000238DF851308DF852308DF8533090F854
:108C60003130019205460C4613B1002017B0F0BD1B
:108C700091F8313013F0500FF7D092F900302F2BCC
:108C80000ED1019B93F900202F2A02D101330193C9
:108C9000F7E7216A08A8FFF71FFA0028E5D008AC1B
:108CA00001AB03AA01992846FFF72AFA0028DCD075
:108CB000019B93F900301BB3002303AA21462846E9
:108CC000FFF7D0FB90B108AA2B4605F1300C1446F3
:108CD00018685968164603C6083363453246F7D10B
:108CE000186830602846FFF7EDF9D9E7002FBCD0AF
:108CF00003AA21462846FFF784FF0028E3D1B4E702
:108D000003AA21462846FFF77CFFAFE72DE9F84389
:108D100016461F4656EA0703054638D090F833300A
:108D20009B0734D5C16991BB006A12F1FF3890F8F6
:108D3000452402F10902D2B247F1FF39C2F1200401
:108D4000A2F1200309FA04F428FA02F2224329FAD4
:108D500003F31A43541C224600F07EFA0128804691
:108D600015D9014601232246286A00F0C7FA70B1DE
:108D700095F83330C5F81C8063F03F03C5E90267FE
:108D800085F833302846BDE8F843FFF7C1BE002020
:108D9000BDE8F883F0B59DB000238DF831308DF833
:108DA00032308DF833308DF869308DF86A308DF8B7
:108DB0006B3090F8313013F0180F044602D10020C8
:108DC0001DB0F0BD006A0B6A9842F8D140F601234D
:108DD0006846FFF7F1FC0028F1D00EAA234604F103
:108DE0003007164618685968154603C50833BB4254
:108DF0002A46F7D11868286009AA07CA04F1240393
:108E000083E807009DF8303084F8303094F8333030
:108E100063F07F0384F833302046FFF779FE0028A3
:108E2000CDD00023159302238DF86B3030460823F4
:108E30008DF86930FFF7B4FDC2E72DE9F34890F8EB
:108E400033209307044603D4002002B0BDE8F08825
:108E5000C369002B5AD012F04001856939D0226ACB
:108E6000D0E9020192F845240932D2B210F1FF3B59
:108E700041F1FF3CC2F12007A2F120060CFA07F7EE
:108E80002BFA02F23A432CFA06F632430132ADB124
:108E9000013B691C5D1B01912A4492B9D4E900236E
:108EA000C4E90223C4E9042394F8333063F07F0358
:108EB00084F833302046FFF72BFEC6E70193E561C7
:108EC000EBE700230199206A00F018FA0028E5D1A9
:108ED000BAE7C5B102AA006A42F8041D294600F0AB
:108EE00079FA0028B0DB07D04FF0FF32A169206A81
:108EF00000F0C5FA0028A7D001990029CED0206A39
:108F000000F0DAFAE2E70193C561F5E701209CE79A
:108F10002DE9F04F90F833308A46990785B0044622
:108F2000934668D51A0760D404F11803D946039311
:108F3000D4E90067B9F1000F00F0DC80206AD0F8B6
:108F400038543540C5F3080845BBA169002965D0F0
:108F500094F833305B065AD5D4E9026716F1FF3234
:108F600047F1FF33CDE9002390F84534009E0933E3
:108F7000DBB2A3F12002C3F1200026FA03F3019E25
:108F800006FA00F003433046D040E269034313443D
:108F90008B4239D82046FFF7B9FC60B3206AA1693B
:108FA00090F84524023991406B0ACD18D0F82C1462
:108FB0002944B8F1000F3DD1B9F5007F3AD3B9F596
:108FC000806FD0F8186279D2B14202BF4FF0FF3300
:108FD00080F81082C0F818325246D0F8140202F01D
:108FE00078FA40B14FF400754CE0D0E90423FFF764
:108FF000BCF9002898D194F8323043F0010384F88A
:1090000032304FF0000B88E00131A161C6E7039ACE
:1090100000F0E0F90028EEDBBCD0BFE7E3693BB924
:109020002046FFF773FC0028E5D0A369E361B5E7AC
:10903000A361B3E7C8F500754D4528BF4D46B8F1AB
:10904000000F39D1D4E90423D4E900679F4208BF57
:10905000964234BF0122052200F5047002F0A1FA05
:109060000028C8D040442A465146A8440FF01FFEAD
:10907000B8F5007F06D1206A00F5047002F06CFAA2
:109080000028B8D0D4E90001D4E90423461941F1FD
:109090000007BB4208BFB242C4E90067AA44A9EB7B
:1090A0000509BFF445AF94F8333063F07F0384F8CB
:1090B0003330C4E904673BE70122CDE7012505FA17
:1090C00002F2D31A4FEA5927BB4228BF3B46B142AE
:1090D0004FEA432508D8CA18B24282BF4FF0FF3288
:1090E00080F81082C0F818225246D0F8140202F01C
:1090F000C5F9C5E7D4E90223BB4208BFB24208D292
:10910000C4E9026794F8333063F07F0384F83330A6
:1091100003E0044B1B68002BF4D1584605B0BDE8B2
:10912000F08F00BF4C29002070B505460C4659B1A0
:10913000036808465E6810F0D0FB214602463346BD
:109140002846BDE870401847084670BDF0B59668DF
:1091500001F11E05536831F8020F9E4203D1B0FAA7
:1091600080F04009F0BD5C1C54607E2893F90040FB
:1091700014D8E3B2A3F16107192F9CBF203B5CB266
:10918000C3B2A3F16107192F98BFA3F1200040B229
:10919000A04203D1A942DDD10120E3E70020E1E7AD
:1091A0002DE9F04190F8313006460F46904633B332
:1091B0000225002496F83030AB421BD3002229460A
:1091C0003046FEF763FFD0B10378C12B17D13A19AF
:1091D00000F11E0130F8023F63B1013444450ED264
:1091E0007F2B28BF3F23884202F8013BF2D1013593
:1091F000EDB2DFE700233B552046BDE8F0810024B7
:109200003C70F9E770B588680D684D6000234A68C6
:10921000824218D0541C4C6092F90020D4B2A4F1C0
:109220006106192E98BFA4F120024FEAC33444EA24
:10923000530398BF52B253FA82F2C2F34E0343EA89
:10924000C2339BB2E3E7401BC8600138FE280B82A3
:109250008CBF0020012070BD2DE9F84F8046934659
:109260008A4659B38D1ED8F83034AB4298BF0025DA
:1092700005F0070301249C40C5F3C809E4B22F465A
:109280002E46D8F82C14002201EB1631404602F08D
:1092900088F988B110F80930234206F1010610D18F
:1092A000F21B5A450ED1BAF1000F04D1BBF1010FE8
:1092B00008BFC8F82074B81CBDE8F88FD0F8205457
:1092C000D1E73746B54217D0D8F83024B2420ED98C
:1092D000640014F0FF04DFD109F10103B3F5007F4E
:1092E0004FF000094FF00104CBD29946D2E7002796
:1092F0004FF400793E46EFE70120DDE72DE9F84322
:1093000006468C1ED0F83004A118814217469846B4
:1093100041D8D6F82034B8F1000F37D0A34206D395
:10932000994204D9814228BF0021C6F8201404F0D4
:1093300007030125D6F82C149D4001EB1431EDB242
:10934000C4F3C8040122304601F1010902F029F9F1
:1093500008B303192A461978114214BF01240024C6
:10936000444518D05140013F197017D0520012F0F7
:10937000FF02F0D10133A3EB000C1446BCF5007FD3
:109380004FF0010249461546E5D1DBE7A34288BF0D
:10939000C6F82044CBE70020BDE8F8830120FBE7B6
:1093A00038B50C46D0F83834496890F8455419401F
:1093B0002368023BAB4003EB5123D0F82C1400F59B
:1093C0000470194402F0EDF818B16368C3F30803A0
:1093D000184438BD38B5D0F8303401338B420C46D0
:1093E000154602D24FF0FF3038BDD0F824140022C9
:1093F00001EBD41100F5047002F0D3F80028F1D08D
:10940000A400C4F3080403595A1C1ABF2B6001209E
:109410000020E9E773B502AD064645F8041D0024B7
:109420002A4601993046FFF7D5FF002805DB04F1F5
:109430000104F5D1204602B070BD0024FAE770B5F2
:109440004B68D0F838441C4013444B6090F84534C6
:1094500009331444DBB206460D46DC406CB12B7A6E
:1094600029681BB101312960013CF7E72A463046E3
:10947000FFF7B0FF0128F7D070BD0120FCE70129FC
:1094800038B50C46154601D8002038BDD0F8303428
:1094900001338B42F8D3D0F82414012201EBD4110C
:1094A00000F5047002F07DF80028EDD0A400C4F3AC
:1094B000080405510120E8E72DE9F34107460C4671
:1094C0000E4601AA21463846FFF784FFB0F1000896
:1094D0001DDB002221463846FFF7D1FF0546B0B11B
:1094E000621CB8F1000F02D0019B934207D0002309
:1094F000921B31463846FFF701FF40B1019E019CA7
:10950000B8F1000FDDD1284602B0BDE8F08100259A
:10951000F9E7FFFF70B504461E46002380F8443487
:10952000C0F84014416003704FF0FF30A060C4F8F1
:10953000141284F81032C4F818021546CAB1042A6D
:1095400001D9002070BD1A46194604F5047002F0D6
:1095500028F80028F5D005F18055013D00F5DF70B1
:109560002D0143191A79002AEBD0425D5206E8D149
:109570009E680022314604F5047002F012F8054698
:109580000028DED01A490522033010F0C2F9014646
:109590000028D6D195F86C30092BD2D12B6D3344ED
:1095A000C4F824346B6DC4F82834AB6D3344C4F86C
:1095B0002C34EB6DC4F830342B6EC4F8343495F889
:1095C0006D3084F845340125093305FA03F3C4F8F6
:1095D0003C34013BC4F83834C4F820042A46204601
:1095E000FFF73AFE402384F844342846AAE700BF38
:1095F0000FE4010010B50446D0F83414FFF70AFF59
:1096000094F845340933DBB2984010BD10B50446D8
:10961000243001F0A1FF48B104F50D7001F09CFF6A
:1096200020B12068BDE8104001F047BD002010BD0A
:10963000814230B507D00D4604460FCD0FC40FCD83
:109640000FC42B68236030BD024638B552F8105F56
:1096500004462946806801F037FA40B1A3783DB945
:1096600043F04003A370A37863F07F03A37038BD79
:1096700022690135AA42F6D023F04003F2E7FFFF4A
:10968000F8B5077817F04007044602D000263046A8
:10969000F8BD4269154B9A42F8D8FFF7D5FF064648
:1096A0000028F3D0A36825699A795B69023D95404B
:1096B0001D44A0680379F9B28B420DD905222944D3
:1096C000243001F06EFF01370028DFD04FF4007224
:1096D00000210FF010FBECE782794FF40073934008
:1096E000626912FA83F36361D1E700BFFFFD1F00D7
:1096F00010B5044680680A462430A16901F051FF84
:1097000020B1A38803F00F0300EB431010BD70B528
:10971000047805460E4694B9242221460FF0EBFA50
:10972000AE60F379102B03D0202B06D0204603E047
:10973000402301202B70A87070BD8023F9E7002022
:10974000FAE738B5CB6804460D4623B98968BDE809
:109750003840FFF7DCBF242200210FF0CCFA1023A1
:1097600001202370A070AB68A360EB68236238BD52
:109770002DE9F04F83780446D80785B08A46154610
:109780006AD52378190732D5E36962699B1A9D422D
:1097900028BF1D4604F110032E464FF00008019328
:1097A000002E00F09F8022786769A0685306C7F3F7
:1097B000080B4FEA572123D5026A1144D4F80890C8
:1097C000BBF1000F4FD1B6F5007F4CD3D9F82C2058
:1097D000914248D0B6F5806F5ED25246D9F8280043
:1097E00001F033FE002837D04FF400774EE05A06E0
:1097F000D0D5A3681A896369C3EB42139BB2C6E74D
:1098000090F8058008EA0108BBF1000F08D1B8F113
:10981000000F05D16FB912064CBF026A226A22619D
:10982000A26821699079526902398140114441440A
:10983000C4E71307216905D5A278570602D501317F
:109840002161EDE7019A01F0DAF8002804DBE7D1A5
:10985000237813F0D00F45D1637843F0020363708F
:109860004FF0FF303FE0CBF50077B7424FF00002FA
:1098700009F1240028BF374601F093FE0028EBD001
:1098800000EB0B013A4650460FF011FA63693B4476
:10989000BA446361F61B83E7207840064FEA5623FB
:1098A00006D499F80400A0EB0800834228BF0346C1
:1098B00091424FEA432707D95246D9F8280001F0D0
:1098C0009AFD0028E2D1C7E7C8188242F4D209F114
:1098D0002400CDE9021301F03FFEDDE90213002868
:1098E000EAD1B9E7A81B05B0BDE8F08F2DE9F04F2C
:1098F0001F4685B081460E46924601F1FF3801248D
:109900004FF0FF3304F1FF3B2546544520DA012296
:109910000DF10F014846FFF72BFF0128034617D131
:109920009DF90F100D29F0D008F8011F3FB90A2941
:109930000CD100237355284605B0BDE8F08F019087
:1099400038460FF099FF019B0028F2D10134D9E786
:10995000002B01DB5D46ECE74FF0FF35EBE7436999
:1099600037B5C3F34315044605B199B901220DF18A
:1099700007012046FFF7FCFE40B2012802D000207C
:1099800003B030BD63691F33A0686361343000EBFE
:109990004510F5E72033F7E72DE9F0410E46017851
:1099A0000769044639B34069B04206D03EB9266122
:1099B000A378666123F02003A37001201DE00B074C
:1099C00012D5E369B34216D3D4F808C0A2789CF844
:1099D00006300933DBB2751E520625FA03F50ED5A3
:1099E000236A1D442561E3E74D06EDD5A3681B8975
:1099F000B6EB431FDCD927610020BDE8F081421E91
:109A000022FA03F39D4200D398B90B064CBFDCF851
:109A10002030236A236104F11008002DC8D042468B
:109A20002169A06800F0EBFF002805F1FF35F4DCA8
:109A3000E1E7ED1AEFE7F8B50F46164600212422BC
:109A400004461D460FF057F9B868A68000F13402AD
:109A500006F00F0602EB46123B6AA060E360D17A83
:109A60000E073FD401F037012170D37A13F0180F9D
:109A70009DF81830E37008BF41F0080105F00303BA
:109A800008BF2170012B27D0022B23D053BB6B05BD
:109A900028D40123A370A1788F0706D5237813F06B
:109AA000110F1FD143F02003237005F008030B436F
:109AB000A370C36AA361518B938A6E0541EA034187
:109AC00014D559B9A37863F07F03A3706B0411D444
:109AD0000120F8BD0323DDE70223DBE701F06EF888
:109AE0000028EFD100202070A070F2E72162D36936
:109AF000E361EBE7E1692046FFF74EFF0028F1D074
:109B0000E6E72DE9F743037807460D469146002B1B
:109B10003DD10B7813F0D00F39D04C6914F01F04ED
:109B200035D1264600212846D5F81480FFF717FFC7
:109B300068B303785BB32E2B1FD0E52B1DD0C27A00
:109B400012F008011BD16CB1421E0A30CB0143EA6E
:109B5000510112F8013F53FA81F18242C9B2F5D1A5
:109B60008E4214D100944B46C8F34F122946384612
:109B7000FFF761FF03B0BDE8F0830024D2E70F2AAE
:109B8000FBD15A06CED503F01F04467BCAE700205E
:109B9000F0E7FFFF37B503780446002B39D090F982
:109BA0000230002B2FDA0121FFF7A2FD054630B964
:109BB000637843F001036370002003B030BD037885
:109BC000E52BF5D0237803F03703C37223781B0706
:109BD00044BFE369C361236A43831B0C83820E4B3A
:109BE0001B6863B10DF103020DF1060101A898474E
:109BF000BDF804302B836B82BDF80630EB82A3786E
:109C000003F07F03A370A068FFF700FD0028CFD00A
:109C1000D3E70120D1E700BF4C29002010B504464E
:109C2000FFF7B8FF00232370A37010BD70B594B088
:109C30001E460023ADF82C308DF82E3003780192AB
:109C400005460C4613B1002014B070BD0B7813F01C
:109C5000D00FF8D092F900302F2B13D1019B93F93C
:109C600000202F2A02D101330193F7E7A1681AB926
:109C70002846FFF74CFDE7E70BA8FFF748FD002853
:109C8000E1D00BAC01AB03AA0199284600F06AFDB4
:109C90000028D8D0019B93F900307BB1002303AAA0
:109CA0002146284600F038FC0028CCD00BA82946D5
:109CB000FFF7BEFC2846FFF7B1FFE2E7334603AAF1
:109CC0002146284600F028FCBEE719B101F24441C4
:109CD000FFF7ACBF08467047F0B50B7813F0D00F14
:109CE00089B004460E4602D1002009B0F0BD40F60E
:109CF000022300F011FC0028F6D001251027A570E2
:109D000027702046FFF7BCFC0028EDD023692362B2
:109D100000212046FFF740FE2046FFF73BFF0028CA
:109D2000E2D029462046FFF7E3FC01460028DBD0BD
:109D3000C772202268460EF0BAFF2E238DF800303D
:109D4000294620230DF8013001310B29FAD1A068F2
:109D5000216A8379023999404369012219442430E8
:109D600001F01FFC05460028BED0694620220EF0F7
:109D70009EFF2E238DF80130336AADF81A30202271
:109D80001B0C6946A818ADF814300EF090FFA068BF
:109D9000FFF73CFCA9E770B594B01E460023ADF870
:109DA0002C308DF82E300378019205460C4613B105
:109DB000002014B070BD0B7813F0D00FF8D092F9DA
:109DC00000302F2B0ED1019B93F900202F2A02D1B6
:109DD00001330193F7E7A1680BA8FFF798FC00286F
:109DE000E6D00BAC01AB03AA0199284600F0BAFCFF
:109DF0000028DDD0019B93F90030C3B1002303AAF2
:109E00002146284600F088FB38B10BA82946FFF709
:109E10000FFC2846FFF702FFE3E7002EC8D003AA95
:109E200021462846FFF758FF0028EED1C0E703AAD5
:109E300021462846FFF750FFBBE738B504460D46DC
:109E4000D1B183789B0717D5036AABB98068837952
:109E500009330139DBB2D94004F12002013100F0AD
:109E60006EFE48B1A378E56163F01F03A37020463E
:109E7000BDE83840FFF78EBE002038BDF0B503784E
:109E80009BB0002513F0180F04460E461746ADF898
:109E900020508DF82250ADF844508DF8465002D134
:109EA00000201BB0F0BD82688B689A42F8D1FFF7A2
:109EB00071FE214611A8FFF7BBFB29462046FFF79C
:109EC00017FC01460028EBD0202268460EF0EFFE7A
:109ED000237813F0080362D040F601233A46314656
:109EE00008A8FFF7A3FE0028DAD00E9BA361BDF8F7
:109EF0002430A3809DF82330E3700B9BE3600026A1
:109F0000012120468DF820608DF82260FFF7F0FBDC
:109F100007460028C4D013220DF10D010D300EF0BC
:109F2000C6FE9DF80B30FB7245B3A0688179AB1E6D
:109F30008B40416932461944243001F032FB00283D
:109F4000AED02022811868460EF0B1FE2946A068E6
:109F500000F034FE0028A3D0A068216A837902397A
:109F60009940436901221944243001F01AFB00286A
:109F700096D02022694610440EF099FE00231993D2
:109F800002238DF8463011A808238DF8443000F0E4
:109F90002FFC002884D0A068FFF738FB81E73A4601
:109FA000314608A8FFF7F7FE00283FF479AF109D6F
:109FB0009BE713B583789B07044602D4002002B0C8
:109FC00010BD036A43B30169E9B102AA002342F854
:109FD000043D806800F013FD0028EFDB07D06FF030
:109FE00070422169A06800F040FD0028E6D0019988
:109FF00061B96369E361A37863F07F03A3702046CE
:10A00000FFF7C8FDDBE701930162F0E7A06800F00D
:10A01000D5FD0028EDD1D1E70120D0E72DE9F047AB
:10A0200083780F4699070446904645D51A073ED4D3
:10A030006369DB4343453FD346466269002E7FD0C8
:10A04000A06890F8059019EA5229C2F308050DD1CD
:10A050002169002D40F08480002948D0A3785B0658
:10A0600031D5E36993422ED901312161A06821697C
:10A07000837902399940436919444944002D74D1C8
:10A08000B6F5007F71D3B6F5806FC26A3FD29142B8
:10A0900001BF002380F824304FF0FF33C3623A46FB
:10A0A000806A01F016FA38B14FF4007A82E0C16993
:10A0B000FFF772FC0028BBD1637843F001036370A3
:10A0C0004FF0000849E004F1100200F098FC00286D
:10A0D000F2DB04D12046FFF7B7FA0028ECD0A068E5
:10A0E000216983790239994043691944C8E7236A91
:10A0F0003BB92046FFF7A8FA0028DDD02369236288
:10A10000B4E72361B2E7012240E005223EE0037993
:10A11000750AA3EB0903AB4228BF2B4691424FEAD5
:10A12000432A08D85D18954281BF002280F8242078
:10A130004FF0FF32C2623A46806A01F09FF937E081
:10A14000E369934205D2E261A37863F07F03A370D1
:10A1500003E01C4B1B68002BF6D14046BDE8F0879E
:10A1600083790239994043691944C5F5007AB245AB
:10A1700028BFB246002DC6D16269E3699A42C4D2B3
:10A18000A37813F0200F0CBF01220522243001F028
:10A1900008FA002890D028445246394655440EF01B
:10A1A00086FDB5F5007F05D1A068243001F0D4F913
:10A1B000002881D06369534463615744A6EB0A06C3
:10A1C0003BE700BF4C290020411E00F10A0200209D
:10A1D000C30143EA500011F8013F53FA80F0914265
:10A1E000C0B2F5D1704710B549010446FFF7D4FB62
:10A1F00028B120460021BDE81040FFF7B0BB10BDDC
:10A200002DE9F047054616460746884699460FCD84
:10A210008AB001AC0FC40FCD0FC42B682360336824
:10A22000736001244C4537D8A8EB040189B201A81A
:10A23000FFF7D9FF824618B900200AB0BDE8F087C1
:10A240000025EAB25146384600F02EFBD6E901233C
:10A25000934203D1B0FA80F04009EEE77F28EBD8B3
:10A26000C3B2A3F16101192998BFA3F12000531CC7
:10A27000736092F90020D3B2A3F16101192998BF4C
:10A28000203B40B298BF5AB28242D5D101350D2D44
:10A29000D7D10134E4B2C5E70120CEE72DE9F0477C
:10A2A0000546164688461F460FCD8AB001AC0FC43E
:10A2B0000FCD0FC42B68236006F11200FFF784FF57
:10A2C000336873608146012400254FF00F0ABC42B9
:10A2D00042D8A8EB040189B201A8FFF784FF002847
:10A2E0003BD0039A92F82430BC4243F0010382F839
:10A2F00024300CBF44F0400323460370002380F851
:10A300000BA0037380F80D90D6F808C043837268E1
:10A31000624512D1BDB10135EDB24FF6FF715A0061
:10A32000042B5FFA83FE024410D8A2F80110013317
:10A330000D2BECD10134E4B2C9E7511C716092F9E4
:10A34000001089B2EBE729460125E8E7BEF10A0FC4
:10A3500094BF9180D180EAE701200AB0BDE8F08780
:10A360002DE9F0430246054652F8123B876800F19A
:10A370001D01202002F8010B9142FBD193F900004E
:10A380002E3818BF01201E46013396F900202E2AD0
:10A39000F9D07B1EB3429C4605D99CF900202E2A99
:10A3A00003F1FF33F6D100224FF0070E114690461D
:10A3B0004FF00809BE4244D233782E2B08D1B44561
:10A3C0000ED14FF00A0E08214FF010090136F1E7C7
:10A3D000222B13D07C2B11D0A3F15B04022C0DD9BE
:10A3E000A3F12A04052C01D82D2B07D1A3F13A049F
:10A3F000052C03D9A3F121045D2C05D903F0C0037A
:10A40000802B35D10020E1E7714507D9BEF10A0F55
:10A4100016D0B44514D30CF1FF36F3E7A3F1610471
:10A42000192C29D8203B49EA0202DBB2D2B24C1CDB
:10A43000E4B22944062C8B7400D82C742146C5E75D
:10A440000020AB7C202B11D030B118EA020F18BFCE
:10A4500002226A74BDE8F0832B7C2B4401227E210A
:10A460006A7499743121D9741046F3E70020F1E73A
:10A470007145CBD85F230020A3F14104192C98BF6C
:10A4800049EA0808D3E72DE9F0470E7C80460F46DD
:10A49000622400254FF07E0901F1120A09F01EFF27
:10A4A000032E28BF03260544331DADB2DBB205F0F1
:10A4B0000F02F918013B092ADBB294BF3032373260
:10A4C000B3428A744FEA1515F1D8BB19002183F8FD
:10A4D00012904046FFF760FA01214046FFF73FFA2D
:10A4E000014630B998F80100B0FA80F04009BDE8A3
:10A4F000F087037873B1C37A1B07EDD40B22504663
:10A500000EF0C6FB0028E7D1601E10F0FF04C5D195
:10A510002046ECE70120EAE72DE9F04F8DB00E462A
:10A5200003930B78089013F0D00F914603D10020CD
:10A530000DB0BDE8F08F089B1B78002BF7D1D368D6
:10A540000D220C33B3FBF2F3DBB2069399F8113012
:10A55000980718BF069B304618BF03F1010B8B68A4
:10A5600005934FF000014FF0000814BF5FFA8BFB1A
:10A570004FF0010BFFF710FA09F11203CDF810802C
:10A58000C24644464546CDF81C80099377690021B0
:10A590003046C7F34F17FFF7E2F940BB7378002B43
:10A5A000C5D1039B9A05C2D503F00303013B012BE0
:10A5B000BDD8002C08BFB8465C4508D20021304603
:10A5C000FFF7CDF9002876D17378002BAFD1A4B274
:10A5D0001FFA8BF5A54271D93046FFF751F80028D4
:10A5E000A5D0059B1B7904EB0314A4B2F2E7037812
:10A5F000E52B00D063B9002C08BFB8465C453CBFD2
:10A600000134E4B2002BCCD0E52B04D10025BDE70A
:10A610005C4538BF00242E2BF8D0C27A0F2A23D1F4
:10A62000BDB9069A03F01F0A5245AFD15906ADD500
:10A63000437B04931546BAF1010FA7D1791C2B4631
:10A640004A4689B23046FFF7DBFD002808BF0025E7
:10A650009CE70AF1FF3A5FFA8AFA5345D6D1437B69
:10A66000049A9342E7D0D1E71307CFD4ADB1BAF142
:10A67000010F7FF45CAFFFF7A7FD049B98427FF4C6
:10A6800056AF039B19053FF552AF0095039B089801
:10A690003A463146FFF7CFF94AE70B2209990EF007
:10A6A000F7FA00287FF472AF99F81130D807E8D58F
:10A6B000012307936AE70134E4B27DE7079B002B8F
:10A6C00040D10BF1FF35EDB208EB0507BFB22B46C9
:10A6D0004A4639463046FFF7E1FD00283FF427AFF0
:10A6E00039463046FFF77FFD044600283FF41FAF90
:10A6F000202200210EF0FFFA0B2209F11201204660
:10A700000EF0D5FA99F8113003F018032373144BA7
:10A710001B68F3B10DF12B020DF12E010BA8984728
:10A72000BDF82C302382BDF82E30E3819DF82B300C
:10A730006373059B059A93F8243043F0010382F874
:10A740002430A2E749463046FFF79DFE0028B8D1E5
:10A75000EDE645F62143238223836382E9E700BFC8
:10A760004C290020F0B491F90000202801F10104E7
:10A7700026D000201D4F1160D0600C46254615F9EB
:10A78000010BF8B12F281DD01F282BDDC6B2A6F172
:10A790002204E4B21D2C03D827FA04F4E40721D4E0
:10A7A00020F040043C2C1DD05C281BD02E2EA5EBA5
:10A7B000010003D0202E01D0C2E902502C46DDE773
:10A7C0002146D0E7D1680139FE290BD8204614F97B
:10A7D000011B2029FAD02F29F8D01860F0BC1046B0
:10A7E000FFF7BEBD0020F0BC704700BF0101003183
:10A7F0002DE9F0418AB00023ADF804308DF8063021
:10A8000083789A07044607D5016A39B901212046A1
:10A81000FEF76EFF054638B9002042E0806800F080
:10A82000CDF90028F2D1F7E7FFF7CEFCE5262E7030
:10A83000002307462370A370A068FEF7E7FE0028F8
:10A84000EAD0E3786BB3214601A8FEF77AFF00282F
:10A85000E2D00125E3785FFA85F84345DCD3A1888F
:10A86000491B89B201A8FFF7BEFC0028D4D0C37AE7
:10A870000F2BD1D1027802F01F039845CCD1437B36
:10A88000BB42C9D10670A16891F8243043F001039E
:10A8900081F8243001355306ADB2DBD5A068FEF750
:10A8A000B5FE0AB0BDE8F081042A04D801EB4201EC
:10A8B000B1F8010070470A2A03D801EB42018888E9
:10A8C00070470C2A9ABF01EB4201C88800207047EC
:10A8D000F8B504780D461646D4B314F0C00407D07A
:10A8E000012A35D92F230B7000234B700120F8BDAE
:10A8F0002146FEF7FDFE58B30246214608272346AF
:10A90000082914780BD1202C1ED010272E249C4609
:10A910000133B3421CD2DBB205F80C4011E0A4F1C4
:10A92000410CBCF1190F02F1010207D890F80CC0DC
:10A9300017EA0C0F02D0203464B2E8E764B2202C8E
:10A94000E5D101310C29DBD1184600232B54CEE789
:10A9500000202870CBE72DE9F0478AB00378002467
:10A9600006460F469046ADF804408DF80640002B91
:10A9700040D0C37833B9FFF7ABFF034618460AB09F
:10A98000BDE8F087014601A8FEF7DBFE90B3012584
:10A99000F3785FFA85FA534528D3B188491B89B209
:10A9A00001A8FFF720FC814620B3C37A0F2B21D1E9
:10A9B000037803F01F039A451CD1234607EB030AD3
:10A9C0000024E2B249463046FFF76EFF78B101330A
:10A9D00043450FD27F2828BF3F200AF804000134E6
:10A9E0000D2CEED10135ADB21C46D1E72346002235
:10A9F000FA54C3E700233B70C0E7FFF7ACBF01295F
:10AA000070B506460C46154602D84FF0FF3070BDB3
:10AA1000C3698B42F9D3C379202B14D181690222F7
:10AA200001EBD41100F50D7000F0BBFD0028ECD057
:10AA3000A40004F4FE740359F26993429ABF2B6098
:10AA400001200020E3E7102BDFD18369C1F3072148
:10AA50000222194400F50D7000F0A3FD0028D4D0A7
:10AA6000640004F4FF74035BE6E7012938B50C4683
:10AA7000154601D8002038BDC3698B42FAD3C3798B
:10AA8000202B0FD18169032201EBD41100F50D7049
:10AA900000F087FD0028EDD0A40004F4FE740551F9
:10AAA0000120E8E7102BE5D18369C1F307210322D8
:10AAB000194400F50D7000F074FD0028DAD0640030
:10AAC00004F4FF740553EBE72DE9F341C4688C42AD
:10AAD00005460E46904601D3012701E00C460027AB
:10AAE000EB690134A34202D2C7B9EC68F4E7A6428D
:10AAF00014D001AA21462846FFF781FF00280DDB6C
:10AB0000EED0019B002BEBD107B1EC606FF07042EF
:10AB100021462846FFF7A9FF074620B900273846F7
:10AB200002B0BDE8F08116B9C8F80040F7E7224648
:10AB300031462846FFF799FF0028F5D1EEE72DE9C9
:10AB4000F743C468013405468846914626460127E6
:10AB5000EB69A3421DD301AA21462846FFF74FFF08
:10AB6000002816DB019A631C02B928B9A64218BF57
:10AB700000271E461C46EBE79A1B4245FAD107B157
:10AB8000EC606FF0704221462846FFF76EFF0746E3
:10AB900020B90027384603B0BDE8F083A6420AD2A8
:10ABA00004F1FF38224641462846FFF75EFF44463F
:10ABB0000028F3D1EDE7C9F80060EBE773B505466F
:10ABC0000C4601AA21462846FFF719FF061E10DB96
:10ABD000002221462846FFF748FF50B1EB68A34208
:10ABE00084BF04F1FF34EC60019C002EE9D102B077
:10ABF00070BD0020FBE7F8B504461D460023016048
:10AC0000C3710120E0604FF0FF3004F12407A1621E
:10AC100084F82430E062C4F8381284F83432C4F87E
:10AC20003C021646C2B1042A01D90020F8BD1A46DA
:10AC30001946384600F0B5FC0028F6D006F18056DB
:10AC4000013E00F5DF70360183191A79002AECD035
:10AC5000825D5206E9D19D6800222946384600F0FF
:10AC6000A0FC0028E1D0037C022BDED1B0F80B3031
:10AC7000B3F5007FD9D1417B21714B1E6371002355
:10AC8000A37109260123994207D0013ECDD0A279B4
:10AC90005B000132A271DBB2F5E7C38A23610BB915
:10ACA000436A2361C38921692B44A361B0F8112051
:10ACB0002281520103EB410302F2FF12236203EBF4
:10ACC00052236361B0F8132002B9026AED1AA37926
:10ACD0001544DD406B1CE36140F6F4739D4202D8DD
:10ACE0000C23E371A1E74FF6F4739D4285BFC36A5D
:10ACF000236210232023E3712163C4F84012012052
:10AD000094E710B50446806B28B1FEF787FF002357
:10AD1000C4E90E3310BDE06B10B1FDF7D3F9F6E7CF
:10AD20000120F4E72DE9F0410446174698460D4608
:10AD300011B90020BDE8F081FFF7E3FFD5F880648A
:10AD400096B12146242000F057F80022028082703C
:10AD50004346A0633A46D5F88014FEF7B6FF08B123
:10AD60000120E7E7A063E5E7D5F88434002BE0D0C5
:10AD70002146382000F040F880F8316080F83260D9
:10AD800080F833604346E0633A46D5F88414FDF713
:10AD900071FD0028E4D1E063CCE7F8B50D46044628
:10ADA0001746FFF7AEFFAE6B86B12146242000F0B8
:10ADB00023F8002202808270A0633A46A96BFEF756
:10ADC000A0FE08B10120F8BDA063FCE7E86B0028F5
:10ADD000F9D02146382000F00FF880F8316080F873
:10ADE000326080F83360E0633A46E96BFDF749FD75
:10ADF0000028E7D1E063E6E7084670472DE9F8430D
:10AE0000002506468846C0F8805401464FF49060FD
:10AE100099461746FFF7F0FF4FF0FF338360C0F805
:10AE2000183245600570C0F8145280F8105280F84E
:10AE3000445480F8795480F87A5480F87B54089B05
:10AE4000C6F884044A4641460446FEF763FBA0B1B7
:10AE500004F589652846FDF735F921462846FDF7B2
:10AE60003BF950B11E4B1A6802B91C601D4B0FB95B
:10AE70001A6802B91E60012030E000253146C6F88C
:10AE800084544FF48D60FFF7B7FF4FF0FF33C36278
:10AE9000C0F83C32C571856280F82450C0F8385241
:10AEA00080F83452A0F8445480F84654089BC6F801
:10AEB00080044A4641460446FFF79DFE58B104F21D
:10AEC00044452846FEF7AAFE21462846FEF71FFC09
:10AED00008B1054BC7E70020C6F88004BDE8F88339
:10AEE00040290020482900204429002000680368E8
:10AEF000FF219B681847006803689B68184710B5D6
:10AF0000048809F0EBF9201AC0F3C03010BD70B509
:10AF1000057D04468DB9034653F8040B0268D669D3
:10AF200093E80600B04701232946A07C237500F072
:10AF300011FBFF212046FFF7DEFF70BD037D10B53A
:10AF400004466BB10121807C00F004FBFF21204608
:10AF5000FFF7D1FF206803681B6A98470023237519
:10AF600010BDF7B504460D46164609F0B7F902AF15
:10AF700000F5967027F8040D2046FFF7B7FFFF286D
:10AF8000A0750CD13846FFF7BAFF0028F4D01E2375
:10AF90002046E374FFF7D2FF002003B0F0BDFE2887
:10AFA0000AD12E44B54209D020680368FF219B686E
:10AFB000984705F8010BF5E71923E9E70023A37586
:10AFC0002046FFF793FF2046FFF790FF0120E4E7BC
:10AFD0004FF40072FFF7C5BF37B50C46054609F0C0
:10AFE0007DF9204402AC24F8040D2846FFF77EFFCB
:10AFF000FF2807D02046FFF782FF0028F5D0002069
:10B0000003B030BD0120FBE770B515460446FFF7DD
:10B0100072FF6E1E05F2FF15206816F8011F036807
:10B020009B689847AE42F7D1FF212046FFF763FFA8
:10B03000FF212046FFF75FFF2046FFF757FFA0756F
:10B0400000F01F00052806D021232046E374FFF7F7
:10B0500075FF002070BD0120FCE738B50D464FF4A8
:10B0600016710446FFF7B8FF30B92523E374204674
:10B07000FFF764FF002006E02A46FC212046FFF788
:10B08000C3FF0028F3D038BD38B54FF4167104461D
:10B09000FFF7A2FF054650B1FD212046FFF72BFF29
:10B0A0002046FFF74BFF00236375284638BD1F235A
:10B0B000E3742046FFF742FFF7E7437D022B01D1FF
:10B0C000FFF7E2BF012B01D100F080B901207047EA
:10B0D00037B504460D460192FFF7EFFF00283ED03A
:10B0E000237D13B92046FFF712FF7DBB45F04001D9
:10B0F0002046FFF700FF9DF807102046FFF7FBFEF4
:10B100009DF806102046FFF7F6FE9DF80510204634
:10B11000FFF7F1FE9DF804102046FFF7ECFE002D2E
:10B120000CBF952187212046FFF7E5FE2046FFF75B
:10B13000DDFE0A252046FFF7D9FE0306A07503D5DC
:10B14000013D15F0FF05F5D103B030BD0C2DCDD07C
:10B150004FF496712046FFF73FFF0028C6D1FF202D
:10B16000F2E770B504460D46164637210022FFF778
:10B17000AFFF324629462046BDE87040FFF7A8BF22
:10B180002DE9F04186B0044601A880E80E000025B4
:10B190009DF80400A074657425756575A575E57541
:10B1A000E5749DF8056000F0D2F90121A07C00F063
:10B1B000D1F94E4B636001236372039B2572A57224
:10B1C000002B38D0B207236003D420680368DB6A01
:10B1D0009847012565742046FFF799FE2946A07C13
:10B1E00000F0B8F90A252046013DFFF77FFE15F073
:10B1F000FF05F8D12946A07C00F0ACF909F06EF803
:10B2000006AD00F5FA6025F8040D0022114620462F
:10B21000FFF75EFF012807460FD02846FFF76FFEB5
:10B220000028F2D001232046E374FFF787FE0020B8
:10B2300006B0BDE8F0812E4BC4E74FF4D57208216B
:10B240002046FFF745FF430711D404252046FFF7AA
:10B250004DFE013D15F0FF05A075F7D1AA2817D0C6
:10B2600005A8FFF74CFE0028E7D00623DBE7012501
:10B270004FF00008424629212046FFF772FF0246A0
:10B2800050B105A8FFF73BFE0028F3D01723CAE70B
:10B2900002254FF08048EDE7022D18D13A212046D3
:10B2A000FFF716FF08B11223BDE72046FFF71EFE89
:10B2B00000F0C000C028204608BF0325FFF716FE97
:10B2C0002046FFF713FE2046FFF710FE2F462046CC
:10B2D000FFF734FE029B63600120002306402372C7
:10B2E0006072A372E7752674A2E700BF801A060099
:10B2F0005429002038B5154600220446FFF7E8FE21
:10B3000030B11C23E3742046FFF718FE00250AE045
:10B31000294610222046FFF724FE05460028F2D0D9
:10B320002046FFF70BFE284638BD1FB509216A46A7
:10B33000FFF7E0FF08B39DF800309B1120D19DF886
:10B3400006009DF808309DF80A20800200F4406055
:10B3500040EA93109DF8073040EA83009DF80930D9
:10B360005B0003F0060343EAD2139DF8052002F0C8
:10B370000F0213440130073B984005B05DF804FB11
:10B38000012B0CD19DF80700000400F47C13BDF8DC
:10B39000080040BA80B2184301308002EDE7002077
:10B3A000EBE710B5C37D032B0A4618BF4A021221F2
:10B3B0000446FFF78DFE30B10C232046E374FFF7FF
:10B3C000BDFD002010BD01206075FBE738B50024ED
:10B3D000447522460C210546FFF77AFE30B1092359
:10B3E0002846EB74FFF7AAFD204638BD2846FFF734
:10B3F000A5FD0120F9E7F8B51F46437D012B044662
:10B400000D46164602D1C3688B4207D02946204616
:10B41000FFF7C7FF08B90020F8BDE5600025BD4271
:10B4200006EB452106D02046FFF7D2FD0028F2D0DA
:10B430000135F4E7E368207C1D44E5600028EBD18A
:10B440002046BDE8F840FFF7C1BF0123FFF7D3BF97
:10B4500010B5C37D032B0A4618BF4A0219210446C2
:10B46000FFF736FE30B10E232046E374FFF766FD8A
:10B47000002010BD022363750120FAE7F8B51F46CE
:10B48000437D022B04460D46164602D1C3688B420B
:10B4900005D029462046FFF7DBFFA8B1E56000256F
:10B4A000BD4206EB452105D02046FFF7D6FD58B139
:10B4B0000135F5E7E368207C1D44E56040B920468E
:10B4C000BDE8F840FFF7E0BD2046FFF737FD00205C
:10B4D000F8BD70B5067C04460B46154626B101231F
:10B4E000BDE87040FFF7CABFC27D032A18BF4B02F8
:10B4F0001A461821FFF7ECFD064630B10D23E37420
:10B500002046FFF71BFD00251FE02A46FE212046AE
:10B51000FFF77AFD0028F3D04FF416712046FFF7AD
:10B520005BFD054608B92423E9E732460D21204694
:10B53000FFF7CEFD08B10A23E1E72046FFF7D6FC6E
:10B540000028F8D12046FFF7F9FC284670BD0121FC
:10B5500008F0E8BD08F0FEBD70B50378DA070446D0
:10B560001DD500F110063246D0E90101FFF7B1FF09
:10B57000054610B90025284670BD23789B0704D4E2
:10B58000237823F001032370F5E7D4E90213324650
:10B5900019446068FFF79DFF0028F1D1EAE7012513
:10B5A000E9E770B5436804460E4615460BB900201E
:10B5B00070BD83688B4208D0FFF7CEFF0028F6D01D
:10B5C0006B070AD500232370A660237805F00305D6
:10B5D00020461D4300F8105BEAE704F110023146F3
:10B5E0006068FFF732FF0028ECD1E0E7002313701A
:10B5F000014B1B68184700BF50290020024B034A2B
:10B600001A60034B186070474C290020EDB500000C
:10B61000502900207047704770477047704790F876
:10B620002C20436B10B504462AB16C309847002398
:10B6300084F82D3010BD3C30F8E7F8B5427C036843
:10B6400004460E46CFB29B680D0A62B93946984748
:10B65000236860F307069B6829462046984760F3F5
:10B660000F26B0B2F8BD29469847236860F30F262D
:10B670009B6839462046984760F30706F1E7FFFFCD
:10B6800001790368034A0333012918BF0221D15409
:10B69000704700BF010000207047FFFF70B590F8B1
:10B6A0002C3086B004468DF80F103BB3836A1A4DD8
:10B6B0000222EA5407230093866B01230DF117023F
:10B6C0000DF10F016C30B04708F008FE0646A36A82
:10B6D000EB5C012B07D008F001FE801BB0F57A7FF0
:10B6E00001D200BFF3E7A36AEB5C022B10D1236801
:10B6F00020461B6B9847002006B070BD436C9DF838
:10B700000F201A71DA78D209FCD01B798DF8173026
:10B710009DF81700F0E700BF01000020F7B51346C1
:10B7200004460846002900F0898094F82C2022B3B2
:10B73000A26A434D0226AE5407220092A66B0A4627
:10B7400004F16C00B04708F0C9FD0646A36AEB5C43
:10B75000012B07D008F0C2FD801BB0F57A7F01D223
:10B7600000BFF3E7A36AEB5C022B67D123681B6B76
:10B77000204603B0BDE8F040184703F0030C9B08D7
:10B780005AD0616C0D7862F3861520220D70CA7252
:10B790000A8A022565F30B220A820A7842F04002E7
:10B7A0000A70CA789506FCD502684A60012B18D049
:10B7B000CA789206FAD542684A6002276FF0030EF3
:10B7C0000EFB070E3E46F51B9E420CD2CA78D209EC
:10B7D000FAD050F826204D684A604EF826500136BF
:10B7E000F1E71F46EAE79D4207D2CA78D209FAD0AC
:10B7F0004A6840F825200135F5E70B786FF386138A
:10B800000B704023CB720B8A072262F30B230B824F
:10B810000B7843F040030B70AD004319604428449B
:10B8200083420BD0626C19781171D178C909FCD0B0
:10B83000127903F8012BF3E71D46EDE703B0F0BDE5
:10B840000100002010B5CC2104460CF079F9204607
:10B8500010BDFFFF70B5134D0560C361124D9DF81B
:10B86000103045600126002580F82030DF23057266
:10B8700046728572C560057446748574C0E9051208
:10B88000C0E9095580F82C5080F82D50C0E90C55BE
:10B89000856380F8993080F89A3080F89B3080F882
:10B8A0009C3070BD24E4010040420F002DE9F04FB0
:10B8B0008FB01E46B2F100089DF86430DDF860B02C
:10B8C000019304460ADB002E08DBBBF1000F05DB09
:10B8D000884503DA8E4201DA8B4504DB00232370AE
:10B8E00063602372ADE00DF1200A04225FFA88F153
:10B8F00050460AAF0CF08CF80CAD0522F1B2384678
:10B900000CF086F806225FFA8BF128460CF080F8DE
:10B910000022CDE90222CDE9047500929146CDF8CE
:10B920001CA0079B009933F811304FEAA31A03F0CB
:10B9300001000AF01F0506904FF0000C4FF0030EB7
:10B9400023B30498009930F81100F8B1059830F845
:10B950001100D8B1049830F81C708AEA9710C0061C
:10B9600014D105986FF0010101FB0E00C0888AEA2E
:10B970009011C9060AD1069A12B3019A022A19D067
:10B98000019ABAB1CDE902702A469946BEF1010E7C
:10B99000D6D10CF1010CBCF1030FCFD1009B0133C8
:10B9A000032B0093BDD11546B9F1000F04D0DDE99A
:10B9B00002704B4607B130B900232370656090E7F1
:10B9C000019A012ADBE713F0010933D0092DF3DCDA
:10B9D00017F4F04F274F0CBF4FF080624FF0A0627A
:10B9E00013F4F04F0CBF4FF0806A4FF0A06A42F49E
:10B9F000803210F4F04F37F838101F480CBF4FF06A
:10BA000080694FF0A06903F083FE4AF4803237F872
:10BA10003610194803F07CFE49F4803237F83B10A9
:10BA2000154803F075FE4FF0010984F80090656039
:10BA3000012356E7022D08DD84F80090656084F844
:10BA4000089020460FB0BDE8F08F0A4F0B4A37F838
:10BA50003810094803F05CFE37F83610074A0648EC
:10BA600003F056FE054A37F83B10034803F050FE3A
:10BA7000DBE700BFC8E601008C42002000000106A1
:10BA80000B79013BDBB2022B98BF094A10B59EBF70
:10BA9000D45C084AD25C4B7988BF0022B3FA83F3A6
:10BAA00088BF14465B0903704270847010BD00BFEC
:10BAB00015E4010018E4010073B500F19803036474
:10BAC000D0F8B0300366D0F8B430836690F8983080
:10BAD00003F5800303F5E46304460E4600251B02CC
:10BAE0004566436401A8FFF7CBFFB4F8C330306864
:10BAF000ADF80030694601F06DFE636C1D70EFF328
:10BB00001082012383F310882C4994F898604868C8
:10BB1000C6F11306B34020EA03034B604B6882F37F
:10BB2000108894F8BF1094F8BE20636C8A40D2B29B
:10BB30005A7020229A709DF800209A72DA7A9DF845
:10BB4000041042F04002DA7293F82020C84360F3F8
:10BB5000000283F8202010221D735D739D73DA7339
:10BB600094F8A1201AB91A7842F008021A701D82BE
:10BB70001A8A9DF8060060F300021A821A8A9DF85C
:10BB8000050060F341021A821A8A9DF8010060F3F1
:10BB900083021A821A8A072060F30B221A821A8AF9
:10BBA00061F30C321A82DA78DD701A7842F04002C2
:10BBB0001A70034BE36302B070BD00BFFC6F04401A
:10BBC0004950535237B5044668460D46FFF758FFB3
:10BBD000D4F8C830ADF8043001A91B0C0022286845
:10BBE0008DF8063002F0F4FF626F9DF801309DF889
:10BBF0000240507B91799B0143EAC41303439DF8B3
:10BC0000000041EAC0019DF8050000F0030040F08B
:10BC1000800010709DF804005070DBB25373CBB2FB
:10BC2000937103B030BD90F82C300BB1FFF7CABF51
:10BC3000FFF742BF2DE9F043044689B001F08FFAC7
:10BC400094F820300193E36900930146D4E9052379
:10BC500002A8FFF72BFE9DF80820039B9DF81060BB
:10BC6000636284F82C20002A7BD0454A2263454A2F
:10BC70006263454AA263DA1CA26204F1C802C4F8F6
:10BC8000B820424A84F898300C2384F89D3084F818
:10BC90009E3084F89F3084F8A030012384F8A430CB
:10BCA00084F8BC3084F8C33094F8C430C4F8B020B1
:10BCB000002565F3010384F8C43094F8C93084F892
:10BCC000A15065F3010384F8C930271D0B2384F8C4
:10BCD000C83084F8A25084F8A35084F8A550C4E971
:10BCE0002A55C4F8B45084F8BD5084F8BE5084F886
:10BCF000BF5084F8C05084F8C15084F8C25084F812
:10BD0000C55084F8C65084F8C75084F8CA503946E4
:10BD10002046FFF788FF6268E26094F82C302289A1
:10BD20002282A27AA274BBB1636A8DF81C3004F13E
:10BD30006C0704F198080597CDF8188006F066FCAA
:10BD40000A2105AA06F05EFE236B8146414638466D
:10BD5000984790B906EA090684F82D6009B0BDE855
:10BD6000F0830B4921630B4961630B49A16304F123
:10BD7000BC01A362C4F8B81084E72E46ECE700BF0C
:10BD8000EDE70000D1E60000CDEB000081B6000039
:10BD9000F1D4000079D20000E1D4000037B590F86A
:10BDA0002D306D46044685E8060013B90368DB6A4A
:10BDB0009847E268009B9A4205D12369019A534053
:10BDC00033F07F4309D029462046FFF72CFF009827
:10BDD000A988AA79E0602182A27403B030BDFFFF78
:10BDE00007B5012300930B220D230C210248FFF716
:10BDF00031FD03B05DF804FB5429002070B5054601
:10BE000000680E4610B110210BF09AFE10200BF0C6
:10BE10006FFE32460446682100F02FF92C60204660
:10BE20000121BDE8704000F046B908B5002100F0DE
:10BE3000A8F8C0F3C71080F0010008BD30B54C79F8
:10BE400085B00A23B4FBF3F505EB4505002204EBAE
:10BE5000450402928DF809400C79B4FBF3F505EB2B
:10BE6000450504EB45048DF80A40CC78B4FBF3F5A6
:10BE700005EB450504EB45048DF80B408C78B4FBCD
:10BE8000F3F505EB450504EB4504ADF80C208DF802
:10BE90000D404C780978B4FBF3F5CDE90022B1FBF5
:10BEA000F3F303EB430301EB4303082205EB4505E2
:10BEB0008DF80F3004EB450401230DEB02010068FF
:10BEC0008DF80E4000F007F905B030BDF0B587B031
:10BED00006AB002203F8082D064601920846072209
:10BEE000009219460122006800F064F99DF81430B0
:10BEF0009DF815209DF816109DF810009DF8114032
:10BF00009DF812701D11A5EB850503EB4503151176
:10BF1000A5EB850502EB45020D1100F07F00A5EBB6
:10BF2000850501EB45010511A5EB850500EB4505F0
:10BF30002011A0EB800004EB40043811A0EB80003E
:10BF400007EB4000EDB2E4B2C0B2C9B20090029576
:10BF50000194DBB2D2B201F5FA61304600F02AF862
:10BF6000304607B0F0BD03784078303BDBB20A2B97
:10BF700028BF002303EB8303303800EB4300C0B23B
:10BF8000704710B586B0044606A8002300F8091DC6
:10BF9000CDE9003301231A460146206800F09BF8E2
:10BFA00001231A4605A9206800F0E5F89DF8140061
:10BFB00006B010BDB1F5FA6F83709DF80030C37004
:10BFC00028BFA1F5FA619DF80430037128BF89B23A
:10BFD0009DF80830017042704371704710B50446F7
:10BFE00001F10900FFF7BFFF207091F90030413BDC
:10BFF000122B16D8DFE803F02B15153F1529151560
:10C00000150A1515323D3B151515390091F901300A
:10C01000612B18D091F902306E2B0CBF0623072339
:10C020006370081DFFF79FFFA0701046FFF79BFF8E
:10C03000E070D01CFFF797FF2071901DFFF793FF72
:10C040006071204610BD0123EAE70223E8E791F979
:10C050000230722B0CBF04230823E1E791F9023070
:10C06000722B0CBF03230523DAE70923D8E70A2341
:10C07000D6E70B23D4E70C23D2E7426000220272FA
:10C0800020220170C2607047037A10B5044663B184
:10C09000606821780368DB6A9847606803685B6BB7
:10C0A0009847B0FA80F0400910BD012100F003F874
:10C0B0000028EDD1F8E738B5044640680368DB692D
:10C0C0000D4698470120207225B12046BDE8384032
:10C0D000FFF7DABF38BD2DE9F843DDE9087598466A
:10C0E000C36816462A449A420446894602D900206B
:10C0F000BDE8F883406821780368DB6A984785B912
:10C100006068036832465B68494698478642EED1CC
:10C110006068036841461B6B9847B0FA80F040099D
:10C12000E6E7002FECD0606803682A465B68394672
:10C130009847A842DBD1E3E72DE9F0410446406887
:10C14000164602688846956B2178F2B2A847864267
:10C150000CD10025AFB2BE4205F1010509D96068D6
:10C1600003685B69984708F80700F3E70020BDE81B
:10C17000F0810120FBE72DE9F84307468846164683
:10C1800099460025B54212D2FB68741B9C4228BF19
:10C190001C46331BAB4294BF4B460023224608EBA0
:10C1A00005013846FFF7C8FF10B12544EAE7012032
:10C1B000BDE8F883F7B500241E46CDE900449DF89C
:10C1C0002430089F0546FFF786FF40B101233A4619
:10C1D0003146284603B0BDE8F040FFF7CCBF03B0BE
:10C1E000F0BDFFFF4309012200F01F0002FA00F03A
:10C1F0002033044A42F82300BFF34F8FBFF36F8F01
:10C20000704700BF00E100E003681B78092B0BD8E2
:10C210000A4A52F823303BB11A7F2AB10279012A27
:10C2200003D1032283F82E207047022A01D1012274
:10C23000F8E7032AF8D10222F4E700BF742E0020A9
:10C2400003681B78022B0BD80A4A52F823303BB103
:10C250001A7F2AB10279012A03D1032283F82E2002
:10C260007047022A01D10122F8E7032AF8D10222FD
:10C27000F4E700BF682E0020036801211B6B1847FC
:10C2800010B403689C6B0123A4465DF8044B60471F
:10C2900007B5037F8DF8071063B1437FC3B190F8F2
:10C2A0002C309BB1D0F83834FE2B07D9012380F80D
:10C2B0002D304360002003B05DF804FBC2189DF8E8
:10C2C000071082F833120133C0F838340120F2E746
:10C2D000D0F82831002BF9D001220DF10701A4304C
:10C2E0009847F3E7C0F840147047C0F8441470470B
:10C2F00090F83C34D0F83404C01A704790F83C34BD
:10C30000D0F834148B4202463FBFC118013391F874
:10C31000320382F83C3428BF4FF0FF30704790F86A
:10C320003C34D0F8342493423ABFC01890F832031A
:10C330004FF0FF30704790F82E30022B03D090F86A
:10C340002E30032BF7D1704738B5037F0446CBB1AD
:10C35000437F4BB3D0F81C31A3B190F98B00FFF7AA
:10C3600041FF94F98A00FFF73DFF94F98C00FFF735
:10C3700039FF94F98D00FFF735FFD4F81C3104F133
:10C380003C009847A369154D102235F83310002062
:10C3900003F0BEF96369102235F83310002003F072
:10C3A000B7F90023237738BDD0F83031002BE9D01E
:10C3B00090F9E500FFF716FF94F9E400FFF712FF8C
:10C3C00094F9E600FFF70EFF94F9E700FFF70AFF84
:10C3D000D4F8303104F1A400D3E700BFC8E601006F
:10C3E000F8B5037F04460D46164693B1437F4BB123
:10C3F0008F18BD420BD0236815F8011B1B6820461F
:10C400009847F6E7D0F828310BB1A430984730466A
:10C41000F8BD1E46FBE7FFFF38B5037F04460D4617
:10C4200033B1437F23B1D0F81C310BB13C30984776
:10C43000637FDBB1294BC4F880501A6A94F824302A
:10C440005BB327490F23002284F833308D424FF02D
:10C45000010384F8312084F8343015D10E2384F898
:10C460003030FF2384F8323084F82F20237F53B1FB
:10C47000D4F800313BB104F17C0104F13C00984751
:10C4800008B10023237738BD022284F83020CC2263
:10C4900084F8322084F82F30E8E7124B1B68C2F38F
:10C4A00002618B400E49C2F302328D4223FA02F33D
:10C4B0000D4AB3FBF2F303F1FF3208D00B4B9D4260
:10C4C000D4D141F20F03238784F83720CEE741F619
:10C4D0001A320133228784F83730C7E700E0014081
:10C4E000A0860100B0330020006CDC02801A060038
:10C4F00017B4D0F8243101914BB10169019A00F5CC
:10C500009A742144A43003B05DF8044B184701200D
:10C5100003B05DF8044B70477FB54368019303682F
:10C520001A78022A46D81A783B4B53F82240002C3E
:10C5300040D0237F002B3DD0037A012B03D103236E
:10C5400084F82E3036E0022B1DD1012384F82E30E2
:10C55000019E04F59A753246294604F232300CF0F9
:10C56000A6FB0021C4F83464216184F83C14FF2246
:10C5700028460CF0C0FBD4F84034DBB1019804B07D
:10C58000BDE870401847032B01D10223D8E7042BE4
:10C5900012D184F82E302369019A1344FE2B2DD832
:10C5A00001212046FFF7A4FF0290029B13B92369E3
:10C5B0000133236104B070BD052B09D184F82E30FE
:10C5C000D4F84434002BF5D004B0BDE870401847CF
:10C5D000062B18D1042384F82E302369019A1344C2
:10C5E000FE2B0BD801992046FFF782FF0390039B97
:10C5F000002BDFD1019A23691344DAE7002120469A
:10C60000FFF776FFD6E7072B01D10523D6E7082BE6
:10C61000D0D1062394E700BF682E002070B580F8C3
:10C620002530234B836200259DF8103080F83D347F
:10C630004FF47A76DF23C0E90156C0E905121D4E9A
:10C640000660012205610577427780F8245080F862
:10C650002C5080F82D50C0F80051C0F80451C0F89B
:10C660000851C0F80C51C0F81051C0F81451C0F86E
:10C670001851C0F81C51C0F82051C0F82451C0F81E
:10C680002851C0F82C51C0F83051C0F83454C0F8CB
:10C69000385480F88A3080F88B3080F88C3080F8FD
:10C6A0008D3080F8E43080F8E53080F8E63070BDF9
:10C6B000A086010060E401002DE9FF414369002BE1
:10C6C000044603DA002004B0BDE8F0818269002A44
:10C6D000F8DB8B42F6DA8A42F4DAD9B202226846F3
:10C6E00002AE0BF095F930460322217E0BF090F953
:10C6F00000203DF8101000258B1109B336F81520E5
:10C70000F2B183EA9217FF061AD181EA0207FF0706
:10C7100016D403F01F0312F00100236217D1022B7D
:10C72000D0DCA3691D4D84F8240035F833101C4A71
:10C730001C4802F0EDFF6369194A35F8331028E010
:10C740000135032DD9D101300328D2D1BAE7092B05
:10C75000B8DC12F4F04FA369134F104E11484FF09C
:10C76000010584F824500CBF4FF080624FF0A062A6
:10C770003A4311F4F04F36F833100CBF4FF0806895
:10C780004FF0A06802F0C4FF636936F8331048EA3E
:10C790000702044802F0BCFF012094E7C8E601004C
:10C7A000100401078C4200201000010073B5012520
:10C7B0000577044600F0D3FC01462046FFF77CFFD6
:10C7C000237F18402077002800F09280637F002BA1
:10C7D00000F0898023686B499B6A2046984794F84B
:10C7E0002430226A002B57D0674B43F82240674B16
:10C7F000C4F80031664BC4F80431664BC4F8083104
:10C80000654BC4F80C31654BC4F81031644BC4F867
:10C810001431644BC4F81831634BC4F81C3104F173
:10C820002F03C4F8A030614BC4F89830236A554AEE
:10C8300084F87C300023C4E9202394F82520C4E93F
:10C8400024339A4204F17C030CBF01220222C4F873
:10C850009C300C2384F8882084F88930637F04F1AD
:10C860007C0604F1D80500960195002B7BD094F846
:10C870002430002B72D005F0C9FE6A46062106F06E
:10C88000C1F8237F1840D4F800312077314604F1F5
:10C890003C00984750BB2BE0454984F8355041F89F
:10C8A0002240444AC4F80021434AC4F80421434AC0
:10C8B000C4F80821424AC4F80C21424AC4F81021A5
:10C8C000414AC4F81421414AC4F81821404AC4F826
:10C8D0001C2104F13502C4F8A0203E4AC4F8982077
:10C8E00084F83630A2E794F824301BB10023237774
:10C8F00002B070BD226A2E4984F8D82041F8224047
:10C90000204AC4F8DC20B4F8F820A4F8E02094F819
:10C9100025203149C4F82011002A3049C4F82411D7
:10C920000CBF012202222E4984F8E22040F60C427C
:10C93000C4F82811A4F8E8202A492B4AC4F82C117D
:10C94000C4F8EC202949C4F8301104F1D80284F865
:10C95000E33084F8EA30C4E93C237FE705F056FE73
:10C960006A4605218BE705F051FE07216A4606F06D
:10C9700049F8237F18402077D4F82031294604F164
:10C98000A40086E7A0860100742E002085F0000038
:10C9900095EF0000A9EE0000B9ED0000D9ED000010
:10C9A000E1ED0000EDED000005EE000009C2000021
:10C9B000682E00207102010089000100BD00010005
:10C9C000ED02010049FF000051FF00005DFF000083
:10C9D0003903010041C20000ADF90000B9F70000C1
:10C9E000F1F7000025F8000019C5000031F800003B
:10C9F00010B5036804465B6A9847012363772046B5
:10CA0000BDE81040FFF7D2BE38B5036804465B6A44
:10CA10000D46984700236377A4F8F8502046BDE8F8
:10CA20003840FFF7C3BEFFF7EFBF2DE9F0471E46C2
:10CA3000037F044692463BB3D0F8103163B300F154
:10CA40003C0990F8882048469847054668B9D4F8CC
:10CA5000047157B19DF8243084F82E0083F001034F
:10CA6000324651464846B847054607F03DFC8046E9
:10CA700007F03AFC089BA0EB0800984204D294F817
:10CA80002E300BB9002DF3D094F82E30012B0CBFB3
:10CA900030460020BDE8F0870125E6E72DE9F047A4
:10CAA0009A46037F089F04469146002B39D0D0F860
:10CAB000103123B300F13C0890F888204046984795
:10CAC000054668B9D4F8086156B19DF8243084F859
:10CAD0002E0083F00103524649464046B0470546C2
:10CAE00007F002FC064607F0FFFB801B874208D9CF
:10CAF00094F82E302BB9002DF5D004200FE001253D
:10CB0000EEE7002DF9D194F82D3063B994F82E306A
:10CB10005BB194F82E30032B14BF00200220BDE837
:10CB2000F0870620FBE70120F9E70520F7E737B596
:10CB300090F8FC5090F838340191826A00922946AE
:10CB400000F233220446FFF7A9FF002384F82C30BB
:10CB500003B030BD037F4BB10023012280F82D309C
:10CB6000C0F8FC1080F82C20C0F838347047FFF76C
:10CB7000F1BF2DE9F3411646027F9DF8205004468F
:10CB80000F469846002A31D0B5B10368DB6A984752
:10CB9000032D28BF0325013DEDB2FF2D236807D0EB
:10CBA000E90028FA01F11B68C9B220469847F2E76C
:10CBB0001B6B0021204698479DF82430FF2E28BF8C
:10CBC000FF26003318BF01230193A36A009304F2E8
:10CBD0003232F3B239462046FFF727FF0023C4F86C
:10CBE000340484F83C3402B0BDE8F0811046FAE722
:10CBF00007B5019300230093FFF7BBFF03B05DF877
:10CC000004FBFFFF07B50023009312221321034802
:10CC1000FFF704FD03B05DF804FB00BF202A0020ED
:10CC20002DE9F04E2DED028B84B09FED338B0E9CE1
:10CC300081460D4616461F46BC4257D330468DED01
:10CC4000028B0BF0C3F8CDE9000120460BF0BEF8D3
:10CC5000824628468B460BF0B9F802460B465046F2
:10CC600059460BF02DF902460B46DDE900010BF0A9
:10CC700051FA41EC100B02A80BF022FE20A3D3E9DD
:10CC8000002351EC100B04F1FF3A0BF08BFB58B36F
:10CC900007EE904AF8EE677AB6EE087A67EE877A82
:10CCA0000F9AFDEEE77A17EE903A013B93421BD3C1
:10CCB000109A934218D81199AAEB03028A4213D30F
:10CCC00012998A4210D8C9E90023DDE902010BF06C
:10CCD000CFFB0123C9F80800484689F80C3004B09E
:10CCE000BDEC028BBDE8F08E5446A5E70023C9E9F0
:10CCF0000033C9F80830EFE7000000000000000032
:10CD00007B14AE47E17A843F7047FFFF70B505465C
:10CD1000094B45F8143B044600F525739D4208D0A5
:10CD2000A3F1140653F8143C30465B689847334629
:10CD3000F4E7204670BD00BF04E6010000F528704E
:10CD400004F0E2B870B50D4686B04C680646102275
:10CD5000002102A80BF0CFFF2A7A002CACBFC4F34D
:10CD60000A0324F06043082AA8BF082205F109013C
:10CD7000019304A8E30F8DF80A208DF808300BF01A
:10CD800096FF002CB4BF1021002101AA06F52870DF
:10CD900004F0BEF910B1404206B070BD0120FBE7BF
:10CDA00010B5142104460AF0CBFE204610BD10B584
:10CDB0000446FFF7ABFF20464FF486610AF0C0FE41
:10CDC000204610BD2DE9F043044689B00D461422DB
:10CDD000002103A80BF08FFF6368227A0092002BDA
:10CDE000A6BFC3F30A03184A184ADFF86480B8BF25
:10CDF00023F06043142103A80CF0DEFC2B680246EC
:10CE00005B6803A9284698476FF00809064604F1B5
:10CE10000907A9EB0409227A09EB070393420ED212
:10CE200017F8013B4246142103A80CF0C5FC2B68FF
:10CE300002465B6803A9284698470644EBE730465C
:10CE400009B0BDE8F08300BFDCE50100ECE50100BE
:10CE50006BD20100036813B962B6BFF36F8F7047DE
:10CE600013B50446EFF3108300930123019372B6C8
:10CE7000019B5A1E019213B1143106F051FF68460E
:10CE8000FFF7E8FF204602B010BD13B5EFF31083A3
:10CE900000930123019372B6019B5A1E01920BB1BC
:10CEA000D0F89C426846FFF7D5FF204602B010BD7F
:10CEB0002A4B2DE9F04104460027C0E90031826089
:10CEC0000773076104F53278143006F0EBFE39463B
:10CED000102240460BF00FFFDFF888C066460FCEE9
:10CEE00004F536750FC596E80F0085E80F0004F5C8
:10CEF0003E734FF480720CF1200118460BF0D7FE00
:10CF0000022384F804342023C4F80834144BC4F8F2
:10CF1000203404F57E73C4F828340C2304F53672EB
:10CF200084F82C34DF23C4F8000484F8F873C4F8C0
:10CF3000FC2384F80C74C4F81074C4F81474C4F896
:10CF40001874C4F81C84C4F8244484F82D3484F87C
:10CF50002E3484F82F342046BDE8F08104E6010029
:10CF600025D00000BCE4010010B58B88802B88B070
:10CF7000044607D00FD8082B04D008D8022B01D0C4
:10CF8000042B4BD1012323738B88236146E0102BA4
:10CF9000F8D0202BF5E7B3F5806F0CD005D8B3F5AA
:10CFA000807FEFD0B3F5007FEBE7B3F5805FE9D08A
:10CFB000B3F5005FE5E70A7E4B693ABBC3F30A03AA
:10CFC000887E174A0828CDE9032302464FF0000364
:10CFD00028BF08228DF81420CDF81530CDF819306F
:10CFE00020B120310DF115000BF061FEEFF310833D
:10CFF00001930123029372B61434029B5A1E0292CB
:10D000004BB103A9204606F067FEF6E723F0604324
:10D0100043F00043D4E701A8FFF71CFF08B010BDA0
:10D02000B0E4010001460069FFF79EBF7FB50E1E08
:10D03000144602DA002004B070BD002AFADB8642F2
:10D04000F8DA8242F6DA0C22F1B268460AF0E0FC25
:10D05000BDF800500B22E1B202A80AF0D9FC002D65
:10D06000E8D0BDF80830002BE4D0C5F38415C3F335
:10D0700084139D42DED1074D074A35F83610074824
:10D0800002F046FB044A35F83410044802F040FB35
:10D090000120D0E7C8E60100000001108C4200200A
:10D0A0002DE9F04304468DB00D4600F058F8D4E960
:10D0B0000112FFF7BBFF04F5287704F583680646E5
:10D0C0000697CDF81C8005F0A1FA06AA0B2105F001
:10D0D00099FC02220823CDE9032310210422CDE983
:10D0E00001211922009229468146104A08A8FFF71B
:10D0F00097FD9DF82C505DB10A9BC4F8C832099B7E
:10D10000C4F8CC32089BC4F8D0320123C4F8D4321E
:10D110004146384604F02EF828B906EA09002840AE
:10D120000DB0BDE8F0830020FAE700BF00366E01C5
:10D13000FFF7B6BF052204210148FFF7B9BE00BFC3
:10D140009C2E002008B50248FFF7E0FD08BD00BF97
:10D150009C2E002008B507F065F8002008BD1B20B4
:10D160007047FFFF034AB2F8CC3043F08003A2F8C7
:10D17000CC3070470000094037B501210D2006F082
:10D18000D1FF00210D2006F0E5FF684607220321AC
:10D190000AF03EFCBDF800301C4CC3F3841301259B
:10D1A000684607220521E5540AF032FCBDF800303C
:10D1B000C3F38413684607220621E5540AF028FCCD
:10D1C000BDF80030C3F38413684607220921E554F3
:10D1D0000AF01EFCBDF80030C3F384136846072232
:10D1E0000A21E5540AF014FCBDF80030C3F384139F
:10D1F00007220B216846E5540AF00AFCBDF800300E
:10D20000C3F38413E55403B030BD00BFB633002030
:10D210000B7930B4DB01114C114DDBB2A3714B78AB
:10D220008A781B01120302F44052DBB213430A78DE
:10D230008446A85CCA78120202F4407200F003002F
:10D240001343034363804B79064ADB01DBB223724D
:10D25000002030BCCCF80020704700BF00420440E2
:10D26000A0E7010054445700024B0020FF22187031
:10D270001A707047004204404368002210B50260F3
:10D280005A69044622B1936810681B6A984763681C
:10D290001A6922B1936810681B6A9847636893F90A
:10D2A0000220002A0EDB530924480121203302F01A
:10D2B0001F0201FA02F240F82320BFF34F8FBFF3A1
:10D2C0006F8F636893F90120002A0EDB53091B4816
:10D2D0000121203302F01F0201FA02F240F823205C
:10D2E000BFF34F8FBFF36F8F636893F90330134819
:10D2F00059090122203103F01F0302FA03F340F819
:10D300002130BFF34F8FBFF36F8F636893F9043001
:10D31000590903F01F039A4001F1200340F823202C
:10D32000BFF34F8FBFF36F8FA3681A786FF3861226
:10D330001A700020DA78D87010BD00BF00E100E05C
:10D3400030B5836A85B004468C4601ADABB193E835
:10D35000070085E807006268117883F804C0E26A74
:10D360009A6019601846626A9047A36A1BB195E8F3
:10D37000070083E8070005B030BD2B46EBE700BF90
:10D38000F8B504461D46A6689DF81800337813F0DA
:10D3900040037BD1C4E903120F46616884F8200082
:10D3A000D1F814C0E561C4E90533BCF1000F20D009
:10D3B0000F28A56159D9DCF804301968CB78022010
:10D3C00060F30513CB708B78022060F383038B70BE
:10D3D000ABB2CB818A60002A70D0DCF80830DCF870
:10D3E00000005B68984700283ED1616894F82000EF
:10D3F000A6680B69FBB15A6865610F2811683ED9B0
:10D40000CA78022060F30512CA70CA780220ADB251
:10D4100060F38302CD81CA704F60002F55D03278FF
:10D4200018686FF3451232709A6853689847D8B9F4
:10D43000A66894F82000F27A338A0F28D2B29BB201
:10D4400026D9013022F040028008053842F020023F
:10D4500023F4706343EA002080B2F27230823378A2
:10D4600043F0600300203370F8BD072817D8DCF8BC
:10D4700004100968C87863F30510C870A3E707288B
:10D4800016D8CA786FF30512CA70BEE70820F8BD37
:10D49000072894BF42F0400202F09F02D8E7DCF870
:10D4A00004301968CB78012060F30513CB708AE74C
:10D4B000CA78012060F30512CA70A6E78B7862F380
:10D4C00083038B70044B8B6087E7D2B267F38302D0
:10D4D000CA70024A4A60A2E7CC320020D032002053
:10D4E00010B49DF8044001945DF8044BFFF748BF69
:10D4F0002DE9F04F0B780F6903F5800303F5E46322
:10D500001B0283B00D46044603F10408002F00F00F
:10D510000B81D7E901131A680B684FF0006018609F
:10D52000C3F80880386890470646002840F0F88025
:10D530006B6973B1D3E9011218680B681268C3F8FC
:10D5400004804FF400261E6090470646002840F0F5
:10D550002E812B7803F5800303F5E4631B02D5E9E4
:10D560000612002065606162E262A062A3606F7AC9
:10D57000002F40F0F080B82108204FF0100E6B7B98
:10D58000EE7A2A6AAD7A1B0343EA46032B431578E9
:10D590000DB140F0B10192F801C090784FEA4C16FD
:10D5A00046EA4C0621EACC11314323F07005167986
:10D5B000D378009198401B011EB1022E14BF202683
:10D5C000302692F805C0BCF1000F06D0BCF1010F67
:10D5D00014BF4EF0010E4EF0030E92F808C092F800
:10D5E00006B00CF0030C43EA8C032B43002F40F0F1
:10D5F000B580917A92F8099092F80B80019143F4EA
:10D600006043EFF3108A012585F31088676897F867
:10D6100000C06B4FCCF1130CD7F8001105FA0CFCCD
:10D6200021EA0C0CC7F800C1D7F800718AF3108802
:10D63000A7689DF8001097F803C0C0B24FF0000C27
:10D6400087F803C039707870BE70D279BA729BB215
:10D65000019A616887F80C905FFA8EFE7A7387F8FA
:10D660000E8087F80FE03B8287F820B091F90230F6
:10D67000634579DA534891F90130002B21DB4A796F
:10D6800003F1604505F561451201D2B285F800232A
:10D6900003F1C00640F823404B4D5A0955F8267057
:10D6A000920002F160426FF3104745F8267002F5D0
:10D6B000614203F01F03012505FA03F3C2F880312C
:10D6C000136091F904200B7A404D3F4EAF181B01B7
:10D6D000DBB287F8003302F1C00740F8224056F869
:10D6E00027C053099B0003F160436FF3104C46F8C9
:10D6F00027C003F56143012602F01F0206FA02F279
:10D70000C3F880211A6091F90320CB7915441B01DD
:10D71000DBB285F800332E4B40F822400026236010
:10D72000304603B0BDE8F08F4A69002A3FF417AFD6
:10D73000D2E9011310681A680B684FF400261E60C6
:10D74000C3F804809047064600283FF402AF3046F5
:10D7500003B0BDE8F08FB021864610E74FF0000817
:10D76000CDF80480C1464CE78A79174E03F160403A
:10D7700000F561401201D2B280F80023114803F194
:10D78000C0075A0940F82340920003F01F0305FA2E
:10D7900003F302F1604256F8275002F561426CF340
:10D7A000104546F82750C2F88031136063E7BB6824
:10D7B00038681B6A9847304603B0BDE8F08F00BF59
:10D7C000006F0440243300200060004000E100E0CE
:10D7D00049505352214A224B126A1B68C2F3026C11
:10D7E00003FA0CF3C2F30232D340421E1344B3FBDC
:10D7F000F0F0B0F5805F20D8012820D9B0F5007F87
:10D8000000B523D9B0F5806F24D9B0F5006F95BF6E
:10D81000082210224FF0020E4FF0030E91F801C0C3
:10D82000431E6EF3010C1344B3FBF2F3013B81F88A
:10D8300001C00B7000205DF804FB062070474B7898
:10D8400000206FF301034B700870704702224FF005
:10D85000000EE3E704224FF0010EDFE700E0014095
:10D86000B033002010B4EFF30383103B5BB203F13D
:10D87000C001204A204C52F821006FF3104042F8BA
:10D88000210054F82330D3E906218A421BD01869BD
:10D8900040B393F820400F2C0BD99968496840F8A1
:10D8A0002210D96901328A429A610CD05DF8044B8A
:10D8B0007047072C19D8996809798154D9690132C0
:10D8C0008A429A61F2D15B680C4993F903305DF8A2
:10D8D000044B5809012203F01F0302FA03F341F835
:10D8E0002030704798684068DCE79C68A48820F87E
:10D8F0001240D7E7006000402433002000E100E040
:10D90000F0B5EFF30383103B5BB203F1C0022F4984
:10D910002F4C51F822006FF3104041F8220054F8C8
:10D9200023305868026A002A30D092F801C0DC69BE
:10D930005A69BCF1010F17D094420FD0D96841B396
:10D9400093F820000F280AD80728986895BF895CAB
:10D9500031F812100171818001325A61F0BD98686E
:10D9600051F822104160F7E704F1FF3E724513D0F1
:10D9700001690029E0D090F9031016484D0901F023
:10D980001F010CFA01F140F82510D5E75A69DC694E
:10D99000D2E798684160DFE790F903E00EF1C00636
:10D9A0004FEA5E10800051F8267000F1604000F5EB
:10D9B00061400EF01F0E0CFA0EF56FF3104741F8A0
:10D9C0002670C0F880510560B6E700BF00600040D7
:10D9D0002433002000E100E010B4EFF30383103B98
:10D9E0005BB2324A324C03F1C00152F821006FF3AE
:10D9F000104042F8210054F823008268D278920740
:10DA000006D54268527A012A02D05DF8044B70476D
:10DA10005909284C0122203103F01F0302FA03F3B5
:10DA200044F82130BFF34F8FBFF36F8F436893F9F2
:10DA30000230002B2FDB5909203103F01F0302FABB
:10DA400003F344F82130BFF34F8FBFF36F8FD0E95A
:10DA50000114237891F902106FF3861300292370C3
:10DA600014DB01F1C00C114C4B099B0001F01F01AC
:10DA70008A4003F1604354F82C1003F561436FF3BF
:10DA8000104144F82C10C3F880211A605DF8044B53
:10DA90000121FFF755BC82685DF8044B13786FF3E2
:10DAA000861313700121FFF74BBC00BF00600040DC
:10DAB0002433002000E100E070B5EFF30384103C54
:10DAC000314B64B253F82460736893F90230002B31
:10DAD00042DB5A092D492032012003F01F0300FACE
:10DAE00003F341F82230BFF34F8FBFF36F8FD6E9B6
:10DAF000012392F902101A7800296FF386121A7026
:10DB000015DB01F1C00C224D4A09920001F01F0102
:10DB100000FA01F102F1604255F82C0002F5614271
:10DB20006FF3104045F82C00C2F880111160DA78CC
:10DB30000021D5B21207D97021D4EB0712D405F019
:10DB40001405142D16D0124BC03453F824206FF353
:10DB5000104243F8242070BDB3681A786FF3861220
:10DB60001A70E4E70421304605F01405FFF7E8FBDE
:10DB7000142DE8D108213046FFF7E2FBE3E7052149
:10DB80003046FFF7DDFBD8E72433002000E100E05A
:10DB900000600040036A70B50446987800F07B008E
:10DBA00098700D46217841B32261E269E560106901
:10DBB000002841D0226982B1A378816800688E680C
:10DBC000E16803F00303013B22FA03F30022226120
:10DBD0009BB2B04780B9236A21789A7842F08002DC
:10DBE0009A7039BB94F802C00CF0030CBCF1020F20
:10DBF0001AD02A78DA70002070BD94F802C0E0696B
:10DC00000CF0030E0069A2EB0E02226105EB0E027E
:10DC1000E2600028CED19A780CF0030C42F080022A
:10DC2000BCF1020F9A70E4D12A8842F47E420020AF
:10DC3000DA8170BD002070BD9A7842F080029A703F
:10DC400070BD00BF036A91F801C09A7800B502F078
:10DC50007B0E02F00B029A700022C2608878587026
:10DC600010461A786CF301021A70CA789A7493F805
:10DC700007C00A780CF0A30102F05C020A43DA71D3
:10DC800083F802E05DF804FB10B5D0E9072100231A
:10DC900043608B7092F905202F49044650090123F7
:10DCA000203002F01F0203FA02F241F82020BFF3F5
:10DCB0004F8FBFF36F8FE26992F90B20500920302C
:10DCC00002F01F0203FA02F241F82020BFF34F8F47
:10DCD000BFF36F8FE26992F907205009203002F0FC
:10DCE0001F0203FA02F241F82020BFF34F8FBFF367
:10DCF0006F8FE26992F90920500902F01F029340E8
:10DD000000F1200241F82230BFF34F8FBFF36F8F35
:10DD1000E369DA6822B1936810681B6A9847E3697F
:10DD20001B691BB19A681868136A9847EFF3108152
:10DD3000012383F31088E369084A1C78D2F80001B4
:10DD40004FF00043E3400343C2F80031D2F8003102
:10DD500081F31088002010BD00E100E0006F044056
:10DD6000F0B5846A85B005460F4694466E46B4B158
:10DD700094E80F0086E80F00EB691B7884F804C074
:10DD80002360EB6A2046C4E902736B6A9847AC6A69
:10DD90001CB196E80F0084E80F0005B0F0BD3446D2
:10DDA000EAE700BF8C46516830B4029C0D6880B928
:10DDB0001C609CF8010038B9E8784FF0010C0B3476
:10DDC0006CF30510E8701C60936810681B6830BC29
:10DDD000184704F10C001860EBE700BF2DE9F0478D
:10DDE0000D4609780323CB4013F0010301F10072C3
:10DDF00018BF1023037002F560528378520101218D
:10DE000061F301030262A9696A6942620022C0E902
:10DE10000A21C56183706B7882B0044623B9837888
:10DE2000022262F30103837095F90B00594B95F8B8
:10DE30000AC04209203200F01F06012101FA06F64D
:10DE400043F82260BFF34F8FBFF36F8F524A534E98
:10DE500000F1C0074FEA0C1C52F827E06FF3104E98
:10DE600042F827E01F185FFA8CFC87F800C346F8D9
:10DE7000204095F9050095F804C04709203700F0C7
:10DE80001F0E01FA0EFE43F827E0BFF34F8FBFF3DA
:10DE90006F8F00F1C00703EB000852F827E04FEA4C
:10DEA0000C1C5FFA8CFC6FF3104E42F827E088F8E8
:10DEB00000C346F8204095F9070095F806C04709C9
:10DEC000203700F01F0E01FA0EFE43F827E0BFF3E3
:10DED0004F8FBFF36F8F00F1C00703EB000852F8BC
:10DEE00027E04FEA0C1C5FFA8CFC6FF3104E42F8EF
:10DEF00027E088F800C346F8204095F9090095F816
:10DF000008C04709203700F01F0E01FA0EF143F850
:10DF10002710BFF34F8FBFF36F8F00F1C0074FEA99
:10DF20000C1152F827C003446FF3104C42F827C07D
:10DF3000C9B283F80013EA6846F8204072B153680A
:10DF40001B684FF4002143F8041B216A053100913E
:10DF5000E1692078FFF726FF0646B0B92A69FAB1D1
:10DF600053681B684FF0006143F8081B216A0331B6
:10DF70000091E1692078FFF715FF064680B1EB6854
:10DF80001BB19A681868136A9847304602B0BDE81A
:10DF9000F08700BF00E100E0006000402433002073
:10DFA000EFF31080012383F31088984B2E78D3F879
:10DFB00000214FF00041F14022EA0102C3F80021A4
:10DFC000D3F8003180F31088236AE06900229A7048
:10DFD0001A715A729A72DA725A83297840F20722B9
:10DFE000CA40D20744BF4022DA7406221A77227848
:10DFF0007AB1C168013A002900F0FE8001261203BF
:10E0000091B2314341F006029A829A8A92B29142C9
:10E01000FBD1EA78A978D20042EA01126978032993
:10E0200000F0D780002914BFF221E221ED69D2B2BD
:10E030001A7099712A7B520002F002025A736A78B0
:10E04000A97800261E7295F800C0D201490101F09E
:10E050002001D2B20A43ACF10201012940F2BD8095
:10E06000D2B2DA716A68917859701978567866F385
:10E0700001011970D17899741278D97902F05C0293
:10E0800001F0A3010A43DA710027C4E90377C4E968
:10E09000057790F905105E4E01F1C00E4A0956F859
:10E0A0002E80920067F3104802F1604246F82E80FD
:10E0B00002F561424FF0010E01F01F010EFA01F16D
:10E0C000C2F88011116090F90B1001F1C0094A09E2
:10E0D00056F829A0920002F1604202F5614267F30E
:10E0E000104A01F01F0146F829A00EFA01F1C2F80A
:10E0F0008011116090F9071001F1C0094A0956F822
:10E1000029A0920002F1604202F5614201F01F0174
:10E1100067F3104A46F829A00EFA01F1C2F88011FF
:10E12000116090F9091001F1C0004A0956F82090D9
:10E13000920002F1604267F3104946F8209002F520
:10E1400061420CF0030C01F01F010EFA01F14CF0DA
:10E15000700CC2F88011116083F802C06B892381B2
:10E160004FF6FF7843452DD0EFF310818EF31088E2
:10E17000284A13681BB92848C3704023C37013682A
:10E180000133136081F31088218924480B0A1B0195
:10E1900053FA81F150F8213023F0011323F4404366
:10E1A00043F0040340F82130EFF31081012383F39F
:10E1B0001088136813B11368013B13601368B3B17F
:10E1C00081F31088164B63600026304602B0BDE82C
:10E1D000F08742F04002F22128E7BCF1020F08BFAD
:10E1E00042F01002FF21D2B25970DA714CE70A4AAC
:10E1F0008020D370D070E3E7C169097A1140090229
:10E2000001F4706141F00106F9E600BF006F0440BF
:10E210000060004020330020000D0440000804404E
:10E22000554943532DE9F04F1E46FF23B370337811
:10E230006FF382038BB033708023F370554B0992D8
:10E24000554A1B6A12680191C3F302618A40C3F305
:10E250000233DA40514B07900021100A06920891D0
:10E26000059002910093A2FB03BA099B009A934286
:10E270006EDA9DF8203003930027494B039ADD5D49
:10E28000C5F34003C5F3800504932B43934256D155
:10E29000444B33F81780079B03FB08F8069BB3FB3E
:10E2A000F8F2541EFF2C4AD802FB08F91DE0059B2A
:10E2B000B9FBF3F37F2B03FB00F040D90028B8BF74
:10E2C000FF300012A0F5C330A0380028009AB8BF74
:10E2D0004042824240DC029BF370337843F00403F7
:10E2E000A9EB0809337054B3013C4A464FEAE9737D
:10E2F000584651460AF02CF9019A002AD7D1A0F5C8
:10E30000C333A03B002B009AB8BF5B429A4216DD94
:10E310000093234BB470DA5D3378C2F3000161F3EC
:10E320008613049961F3041365F3C30333707378A0
:10E33000C2F3C10262F301037370019B02930137C0
:10E340000D2F9AD1089BF3B1009B099A93421DDCD3
:10E3500000200BB0BDE8F08F0293114B049AD95DF9
:10E3600033780090C1F3000060F3861362F3041366
:10E3700065F3C30333707378B470C1F3C10161F303
:10E3800001037370A7E7012308936EE703200BB026
:10E39000BDE8F08F00E00140B0330020A08601000E
:10E3A000A8E70100B8E70100F0B5EFF30383103BE5
:10E3B0005BB203F1C001344A344C52F821006FF3D0
:10E3C000104042F8210054F82300C3691B6913B1BF
:10E3D000036913B1F0BD036983B9D0E908249378C8
:10E3E00003F07F03002143F004039370C160002C0D
:10E3F000F0D0BDE8F0408022FFF7B2BC05785DB3F5
:10E40000066AF18AC1F30421A9421ED28478C26847
:10E410001F4F04F0030E74460BE092F800C086F81C
:10E420000FC001311B1B2244A942C0E903230CD2B7
:10E430005BB1BEF1020FF0D1B2F800C04CEA070C9C
:10E440001FFA8CFCA6F80EC0EBE732796FF3C71207
:10E450003271002BBED1C0E7827802F0030102299D
:10E46000C1680BD0046A0D78E57002F003029B1AB4
:10E470000A44C0E90323002BACD1AEE70C88056A3F
:10E4800044F47E44EC81F0E7006000402433002037
:10E4900000FEFFFF10B582B0EFF30383103B5BB2C9
:10E4A00003F1C001574A584C52F821006FF3104055
:10E4B00042F8210054F82340E369DB6813B1A369F3
:10E4C000002B49D122894FF6FF739A4275D12278E9
:10E4D000236AF2B1D98AC80612D01B8AC3F3080393
:10E4E0000193A369FBB9636A2BB104220199204609
:10E4F000FFF736FC22782AB1236AD98AC906E8D107
:10E50000BE221A7123894FF6FF72934231D102B0B5
:10E5100010BDA17801F003010229DED05B790193DF
:10E52000A369002BDFD0A278606902F0030201A981
:10E530000AF0BDFBD4E90521A37803F003031A44D4
:10E54000C91AC4E9052129B9636A1BB10122204611
:10E55000FFF706FC2278CEE7636A0021C4E90511C3
:10E56000002BD4D00122204602B0BDE81040FFF7B6
:10E57000F7BB1A0A1201254952FA83F351F82320F6
:10E5800022F0011222F4404242F0040241F823201A
:10E59000EFF31082012383F310881D4B196811B12A
:10E5A0001968013919601B681BB91A498020CB70A2
:10E5B000C87082F3108802B010BDEFF31081012300
:10E5C00083F31088124B1A681AB91248C27040229D
:10E5D000C2701A6801321A6081F3108822890B49CF
:10E5E000130A1B0153FA82F251F8223023F001136F
:10E5F00023F4404343F0050341F82230236A227894
:10E6000067E700BF0060004024330020000804409A
:10E6100020330020000D044010B5EFF30384103CBC
:10E620000B4B64B253F82400D0E90821937803F02F
:10E630007B03937019B102220021FFF791FB054B78
:10E64000C03453F824206FF3104243F8242010BD47
:10E65000243300200060004010B5EFF30384103C29
:10E66000194B64B253F82400037843B9837803F05C
:10E670000303022B03D0036A5979C9B203E0036A8A
:10E68000198AC1F3080193F804C01CF0100F0CF0B4
:10E69000380206D093F81CC01CF0010F08BF42F0EE
:10E6A000400293F804C00CF0C70C83F804C0436A1E
:10E6B0000BB1FFF755FB054BC03453F824206FF323
:10E6C000104243F8242010BD243300200060004095
:10E6D00010B5D0E901320021917093F9023031492F
:10E6E000044658090122203003F01F0302FA03F305
:10E6F00041F82030BFF34F8FBFF36F8F636893F9FA
:10E7000001305809203003F01F0302FA03F341F8E7
:10E710002030BFF34F8FBFF36F8F636893F90430DE
:10E720005809203003F01F0302FA03F341F82030A8
:10E73000BFF34F8FBFF36F8F636893F903305809AE
:10E74000203003F01F0302FA03F341F82030BFF337
:10E750004F8FBFF36F8FEFF3108182F310886368E0
:10E76000114A93F800C0D2F800014FF0004323FA99
:10E770000CF30343C2F80031D2F8003181F3108862
:10E7800063685A6922B1936810681B6A9847636886
:10E790001B691BB19A681868136A984700202060AB
:10E7A00010BD00BF00E100E0006F044030B5436AD7
:10E7B00085B004468C4601ADABB193E8070085E80F
:10E7C00007006268117883F804C0A26A9A60196031
:10E7D0001846226A9047636A1BB195E8070083E8F0
:10E7E000070005B030BD2B46EBE700BF2DE9F84F21
:10E7F0000C460B78D1E9052103F1007303F5605352
:10E800000162E16981625B010021C0E901430646C2
:10E810004162002A00F02181516810680D680533BB
:10E820006B6093684FF400221B682A609847054686
:10E83000002840F00F8122697AB1B36851681068EE
:10E840000D680333AB6093684FF000621B682A6069
:10E8500098470546002840F006817268156A95F9C8
:10E8600002106B78AF780029517AAABFFF274FF0CA
:10E87000040E4FF0000E0129917A18BF4FF0000CE2
:10E8800003F0030306BF4FF0020C05206046012988
:10E8900043F08003D17A00F0F080012914BF40F0EA
:10E8A000800040F0C000517B002914BF4FF0E20807
:10E8B0004FF0EA08EFF3108A012181F3108892F8F3
:10E8C00000B0714A4FF0004929FA0BFBD2F80091D1
:10E8D00029EA0B09C2F80091D2F800218AF31088C6
:10E8E000B2685FFA83F90023937092F804A04FF0A6
:10E8F000840A82F804A04FF4784AA2F814A082F89F
:10E90000009082F802C082F806802D785570C0B25F
:10E91000977482F807E05073402013725372937219
:10E92000D3725383D0740220107794F90120607958
:10E93000564D574F05EB020C0001C0B28CF8000396
:10E9400002F1C00E47F8226052484FEA521C50F8BC
:10E950002E804FEA8C0C0CF1604C0CF5614C63F38B
:10E96000104802F01F0240F82E8001FA02F2CCF8A3
:10E970008021CCF8002094F9022094F806C005EB21
:10E98000020E4FEA0C1C5FFA8CFC8EF800C302F1F9
:10E99000C00E47F822604FEA521C50F82E804FEA12
:10E9A0008C0C0CF1604C0CF5614C63F3104802F0D8
:10E9B0001F0240F82E8001FA02F2CCF88021CCF838
:10E9C000002094F9032094F807C005EB020E4FEAEB
:10E9D0000C1C5FFA8CFC8EF800C347F8226002F131
:10E9E000C00E4FEA521C50F82E804FEA8C0C0CF1EE
:10E9F000604C0CF5614C63F3104802F01F0240F8C4
:10EA00002E8001FA02F2CCF88021CCF8002094F993
:10EA100004C0227A65441201D2B285F800230CF1B9
:10EA2000C00447F82C604FEA5C1250F82450920062
:10EA300002F1604263F3104502F561420CF01F0CD5
:10EA400040F8245001FA0CF11D46134BC2F8801116
:10EA5000116033602846BDE8F88F2269002A7FF4F0
:10EA6000EDAE2246FAE66369002BF3D09A68186887
:10EA7000136A98472846BDE8F88F00297FF413AF42
:10EA800040F040000FE700BF006F044000E100E0ED
:10EA9000243300200060004053494353F8B5044636
:10EAA0008068807810F0300034D11D46E3616368DF
:10EAB000C4E9031216461A69C4E9050092B1536805
:10EAC00065611B68A8B2D88131B35960D97802203A
:10EAD00060F38301D9701946936810685B689847A2
:10EAE000B8B963685A6952B14EB1936810689F68AB
:10EAF000A561ABB232460021B84750B963682069BE
:10EB000088B11869A8B1A268937843F0F003002097
:10EB10009370F8BD0820F8BDD87861F383002949C7
:10EB2000D8705960D7E7A268937843F0A003937038
:10EB3000F8BD5A69A168002A8A7814BFF0257025AB
:10EB400042EA05028A70E4D193F9013001215A09A1
:10EB500003F01F0301FA03F320321B4941F822306E
:10EB6000BFF34F8FBFF36F8F6369E269934206D2A1
:10EB7000D4E9020109B3C95CC17001336361636800
:10EB8000597A01290CD093F901300F495809012213
:10EB900003F01F0302FA03F341F820300020F8BD10
:10EBA000012AF0D961698A42EDD9D4E9020232B171
:10EBB000525CC27001316161E5E7C170DDE7C2708E
:10EBC000F8E700BFD432002000E100E0FFF766BFA5
:10EBD00070B5204C204B246A1B68C4F3026E03FA04
:10EBE0000EF3C4F3023E0D4623FA0EFE4FF0000C66
:10EBF00066460CF1010C4FEA4C0300FA03F303EBF9
:10EC00000E04013C94FBF3F4013CFF2C02DDBCF14B
:10EC1000040FEDD1B2B19EFBF3F4013C84F3080480
:10EC2000611C81FB03010902724641EA1061002365
:10EC3000000209F08DFCB0F5807F71F10003B4BFD4
:10EC4000C2B200226B782C7066F30103AA706B705D
:10EC5000002070BD00E00140B033002010B4EFF39D
:10EC60000383103B5BB203F1C001144A144C52F809
:10EC700021006FF3104042F8210054F823305A6904
:10EC8000D9698A4206D2D3E90240A8B1805CE0701B
:10EC900001325A618A4202D05DF8044B70471A690A
:10ECA000002AF9D19A685DF8044B937803F07B034E
:10ECB00043F0040393707047E070E9E700600040A0
:10ECC0002433002010B4EFF30383103B5BB203F155
:10ECD000C001174A174C52F821006FF3104042F858
:10ECE000210054F823305A69D9698A4206D2D3E9FF
:10ECF0000240D0B1805CE07001325A619A698A4268
:10ED000007D2986819694079541C9C618854D3E9EA
:10ED10000621914206D19A68937803F03B0343F0B1
:10ED2000040393705DF8044B7047E070E4E700BFA4
:10ED3000006000402433002010B5EFF30384103C42
:10ED40000A4B64B2012153F824008268937803F0DF
:10ED500003039370FFF72AFDC034054B53F82420BA
:10ED60006FF3104243F8242010BD00BF243300206D
:10ED70000060004010B5EFF30384103C0C4B64B20C
:10ED80004FF0840C53F8240083689A7802F0030251
:10ED90009A701A7983F804C00421FFF707FDC03484
:10EDA000044B53F824206FF3104243F8242010BD85
:10EDB000243300200060004002690023F02193709A
:10EDC000D17290F82A10C269036280F8303080F85E
:10EDD0002C10426218467047416002720020704752
:10EDE000C0E90E3241630020704700BFC368044A87
:10EDF0009B1AB3FA83F35B090B700020704700BFC6
:10EE00004332495310B502690023F0219370937087
:10EE1000D17290F82A10026880F82C10044691698B
:10EE2000C0696062236284F83030E36021B18B688E
:10EE300008681B6A9847226853691BB19A6818686A
:10EE4000136A9847EFF31081012383F31088236836
:10EE5000074A1C78D2F800014FF00043E340034317
:10EE6000C2F80031D2F8003181F31088002010BDC3
:10EE7000006F044003685969A1B190F82D3070B556
:10EE8000044603F0FF0563B98A68038C9668086836
:10EE9000A1692A46B047E269C4E90852012384F80F
:10EEA000333070BD704700BF38B590F808C080F8A7
:10EEB0002E30BCF1010FC0E90612054647D090F88C
:10EEC0002AC085F82BC0002385F82D3085F82F3017
:10EED00085F8313085F8333095F82D1085F82C30D1
:10EEE000C5E9082311B1012385F831302A682B695F
:10EEF0005269B42199706AB1526800211268997000
:10EF000095F82D40FCB94FF0006111602321B42227
:10EF100099729A7095F830201AB95122DA7200204D
:10EF200038BD0022BCF1010F85F8302019D0012234
:10EF300095F82910D9700CF1FF3C85F82BC085F8A5
:10EF40002C20002038BD116011495160DEE7436874
:10EF500080F82AC000215B0080F8291080F8283052
:10EF6000AFE72846FFF786FF95F82A3095F82C2062
:10EF7000012B07D1013295F828102B6995F82BC089
:10EF8000D2B2D7E701322B6995F82BC0D2B2CFE7C6
:10EF9000D2E7010038B590F808C080F82E30BCF1F7
:10EFA000010FC0E90612054647D090F82AC02A6230
:10EFB0000023012185F82D1085F82F3085F8313098
:10EFC00085F8333085F82C306B6295F82D3085F854
:10EFD0002BC00BB185F831102A682B695269B42116
:10EFE00099706AB1526800211268997095F82D40A5
:10EFF000FCB94FF0006111602321B42299729A701C
:10F0000095F830201AB95122DA72002038BD00225A
:10F01000BCF1010F85F830201BD0012295F8291092
:10F02000D9700CF1FF3C85F82BC085F82C2000200E
:10F0300038BD116012495160DEE7436880F82AC08C
:10F040005B00002143F0010380F8291080F828308C
:10F05000ADE72846FFF70EFF95F82A3095F82C20EB
:10F06000012B07D1013295F828102B6995F82BC098
:10F07000D2B2D5E701322B6995F82BC0D2B2CDE7D9
:10F08000D2E701002DE9F0430B788A68426003F172
:10F09000007303F560535B01016003610A7B027238
:10F0A0000D46D1E906214163296AC163002183B07D
:10F0B00004468163C2B1516895F90EC00F6803C957
:10F0C00005336E464FF4002E7B60C7F800E086E8FB
:10F0D0000300019B83F800C0936810681B683146E9
:10F0E0009847002840F0AC806B69D3B15A68276814
:10F0F000166897F90F7092E8030022690332B26034
:10F100004FF0000C6A46C6F800C082E803001146C2
:10F11000019A17709A68186813689847002840F099
:10F12000AD80EFF310804FF0010C8CF31088584B3A
:10F130002E78D3F800214FF00041F14022EA01027D
:10F14000C3F80021D3F8003180F3108822682369C6
:10F15000516A504F0020F0229870DA728A7802F0DB
:10F1600003021A700A78FA2692009E7142F0200279
:10F170004E785E70D2B2DA714A791A72CA789A748D
:10F180000A79454ED20042EA0C02D2B25A722322C8
:10F190009A72587395F90F306A7BF1181201D2B246
:10F1A00081F8002303F1C00847F823403B494FEAA8
:10F1B000531E51F828904FEA8E0E0EF1604E0EF558
:10F1C000614E60F3104903F01F0341F828900CFAD8
:10F1D00003F3CEF88031CEF8003095F9103006EB0D
:10F1E000030E03F1C0088EF8002347F823404FEACE
:10F1F000531E4FEA8E0E51F828900EF1604E0EF518
:10F20000614E03F01F030CFA03F360F3104941F859
:10F210002890CEF88031CEF8003095F90E30834238
:10F2200011DA0020C4E908001D4B84F82D00A0610C
:10F2300084F82E00E06184F82F00E36084F8300049
:10F2400003B0BDE8F0831E4403F1C00586F8002337
:10F2500047F823405A09920051F8256002F16042B4
:10F2600002F5614203F01F030CFA03F360F310464A
:10F2700041F82560C2F880311360D2E7AB69002BFA
:10F28000DED09A681868136A98470028D8D148E7F2
:10F29000006F04402433002000E100E000600040E3
:10F2A0004332495370B5866B82B004460B466D46B7
:10F2B0003EB396E8030085E80300E26B33712368F0
:10F2C00032605A6912B194F82D10A1B19B6913B143
:10F2D00094F82D2052B9636B30469847A36B1BB14D
:10F2E00095E8030083E8030002B070BD9A681868CF
:10F2F00013699847EFE7936810681B69984723687C
:10F30000E4E72E46D9E700BFEFF30383103B5BB27F
:10F31000044AC03352F823106FF3104142F823100F
:10F32000704700BF0060004070B5EFF30383103BEF
:10F330005BB2614AC03352F823106FF3104142F8B8
:10F340002310EFF30383103B5C4A5BB252F8234077
:10F350002269137BC3F30000DB072CD494F82C3014
:10F3600094F82A10994216D094F82D1009B1022B66
:10F3700041D02046FFF77EFD236994F82820DA70FB
:10F3800094F82B2094F82C30013A013384F82B2088
:10F3900084F82C3070BD94F8333003F0FF053BBB8C
:10F3A000236A93BB94F82E3063B352210123D172A8
:10F3B00084F8303070BD94F82D308BB194F8313032
:10F3C00073B9636AA1695279CA54D4E9082394F8DD
:10F3D0002E10013A0133C4E9082379B12269E4E728
:10F3E000002001215423206284F82F10D37270BDB5
:10F3F00084F8330070BD5223D37270BD2369542248
:10F40000DA7270BD5423D37270BD94F82D1041B9D7
:10F41000616AA069013B405C0131C4E90831D070E8
:10F4200070BD94F8311000292ED0216884F8315035
:10F430004869002838D08969002935D0E069022858
:10F4400032D98E68831E0868B668F42191709BB229
:10F45000A2692946B0472268E36952699168106839
:10F460008E68023B9BB22A462946B047E36922696F
:10F470000220023BC4E90803012184F83310002371
:10F48000FF209372D070CBE7636AA1695279CA54A6
:10F49000D4E90832013B0132012BC4E90832226968
:10F4A00004D0FF20D070BBE7012BE8D12023FF2040
:10F4B0009372D070B4E700BF006000402433002096
:10F4C00010B582B0EFF30383103B374A5BB252F8BA
:10F4D00023000269D37A6FF3C303D37290F82F30FD
:10F4E000ABBB90F82A1003F0FF0C90F82C30994237
:10F4F0001BD1036A5BB990F82D1090F830400029B9
:10F5000014BF02210321A4B3D372FFF7CBFEEFF3A4
:10F510000383103B5BB2254AC03352F823106FF3CC
:10F52000104142F8231002B010BDB3B9012929D00F
:10F5300090F829C00021D17282F803C090F82B20E6
:10F540000133013A80F82B2080F82C30DFE7F023DC
:10F55000D3720121FFF7A6FED9E790F82D4004F001
:10F56000FF016CB1022BE5D190F829C04CF0010CE1
:10F57000E0E7F023D372937803F0CF039370C4E7EE
:10F580008C46D7E70190FFF775FC019890F82A3078
:10F59000012B05D190F828C0026990F82C30C9E7FA
:10F5A000026990F82C30C3E724330020006000404B
:10F5B000F0B583B0EFF30384103C154B64B253F8FD
:10F5C0002450EF68BFB16A682B6992F90D20121BB5
:10F5D00018BF01226E46C3B193E8030086E803001A
:10F5E0001A706A695A601846B8472B691BB196E8C9
:10F5F000030083E80300074BC03453F824206FF363
:10F60000104243F8242003B0F0BD3346E8E700BFC2
:10F610002433002000600040EFF30383103B5BB213
:10F620000649074A51F823100120C033087252F8E6
:10F6300023106FF3104142F8231070472433002049
:10F6400000600040C8B2012383404AB91A040B0A83
:10F650005B0103F1804303F5802300209A6070472B
:10F660009AB2F4E738B50488002C4DD043680021E5
:10F67000043303EBC40040F202450C4640F2034C55
:10F6800040F2044E0FE0624530D153F8042C02F0F2
:10F69000B852B2F1807F14BF41F0020144F002047D
:10F6A0000833834211D01A88AA42ECD153F8042CB3
:10F6B00002F0B852B2F1807F03F1080314BF41F0A9
:10F6C000010144F001048342EDD1C943CDB20120D0
:10F6D00002F0DAFC0D4B93F8BB2414432C4083F862
:10F6E000BB440120BDE8384002F09EBC7245D7D132
:10F6F00053F8042C02F0B852B2F1807F0CBF44F0F2
:10F70000040441F00401CBE7FF25E0E700E00140FD
:10F7100070B584B002AB012668460C461546ADF8BC
:10F720000C100292ADF800600193FFF79BFFEFF31E
:10F73000108286F310881D490B681BB91C48C370E2
:10F740004023C3700B6801330B6082F31088EA0317
:10F750004FEA1423E4B219D41B01164A234442F899
:10F760002350EFF31082012383F310880B6813B149
:10F770000B68013B0B600B681BB90D498020CB70F7
:10F78000C87082F31088002004B070BD04EB031031
:10F79000084A52F820606FF3104642F8206025F4C2
:10F7A000803642F820601B01D7E700BF20330020DD
:10F7B000000D044000080440034610B400209C687B
:10F7C0005A614FF0010C83F821C083F82300C3E98C
:10F7D00003122279986142F010022271227960F3BB
:10F7E000C30222715DF8044B83F82400704700BF08
:10F7F000034610B400209C6883F8210083F823009E
:10F80000C3E903125A612279986142F01002227111
:10F81000227960F3C30222715DF8044B83F824005F
:10F82000704700BFC0E90B3281620020704700BF03
:10F8300010B4826803682F4C00214160D17193F9A4
:10F840000F304FEA531C03F01F020CF1200C012370
:10F8500003FA02F244F82C20BFF34F8FBFF36F8FEF
:10F86000026892F90C204FEA521C0CF1200C02F0B5
:10F870001F0203FA02F244F82C20BFF34F8FBFF3AC
:10F880006F8F026892F90D204FEA521C0CF1200C88
:10F8900002F01F0203FA02F244F82C20BFF34F8F4C
:10F8A000BFF36F8F026892F90E204FEA521C0CF1E1
:10F8B000200C02F01F0203FA02F244F82C20BFF3DE
:10F8C0004F8FBFF36F8FEFF3108483F310880068BE
:10F8D000094A0078C0F109008340D2F800010343CF
:10F8E000C2F80031D2F8003184F3108808465DF880
:10F8F000044B704700E100E0006F044070B5C36A3C
:10F9000084B004468C46164601AD9BB193E80700CF
:10F9100085E8070083F808C0226B1846C3E9002673
:10F92000A26A9047E36A1BB195E8070083E80700E5
:10F9300004B070BD2B46EDE78268012370B580F8F6
:10F9400020300226B323D37180F821605379044616
:10F950006FF300035371C2690D46FFF7CFFFA36831
:10F96000DE705A7942F001025A7194F82120012A7E
:10F9700016D094F8212002B170BD052DFCD194F869
:10F980002320002AF8D194F821201AB95A7A02F0DB
:10F99000F3025A72BF210122D97184F8232070BD6D
:10F9A000042DECD0082DE4D1E9E700BF2DE9F043A8
:10F9B0000B78D1E9054203F5800303F5A6631B022A
:10F9C0000026C0E90B62836001608462EFF310845B
:10F9D000012383F310880A78C2F109029340774A21
:10F9E000D2F8001121EA0303C2F80031D2F8003145
:10F9F00084F3108802688368D56980F823601F212A
:10FA0000AC7819705F211970DF211970917A012982
:10FA100000F0CD801689F10901F0060141F00101E5
:10FA2000F6B2D9729E72D17A5668C90041F00101CE
:10FA3000C9B2997162498E424FF00201D9700CBF70
:10FA40006FF07F010021002C00F0AC8041F07D01BF
:10FA5000C9B2013C597164B2697841F0E00119748E
:10FA60002978584D090101F0700141F008019970A1
:10FA7000917C44EA8114E4B2A0211C71D9719F21C8
:10FA8000197092F90F30517C4F4C0901E618C9B238
:10FA900086F8001303F1C0074C4945F8230051F8DC
:10FAA00027C05E09B6006FF3104C06F1604641F8BE
:10FAB00027C006F561464FF0010C03F01F030CFA56
:10FAC00003F3C6F88031336092F90D3092F810E0FC
:10FAD000E6184FEA0E1E5FFA8EFE03F1C00786F8A5
:10FAE00000E345F823005E0951F82780B60006F1CF
:10FAF000604606F561466FF3104803F01F0341F8B6
:10FB000027800CFA03F3C6F88031336092F90E3087
:10FB1000E71803F1C00887F800E345F823005F0900
:10FB200051F82890BF0007F1604707F561476FF370
:10FB3000104903F01F0341F828900CFA03F3C7F8AB
:10FB400080313B6092F90C201444530984F800E39F
:10FB500045F8220002F1C0049B0051F8245003F143
:10FB6000604303F5614302F01F020CFA02F26FF3E7
:10FB7000104541F824500026C3F880211A60022263
:10FB800080F82460124B80F82120C0E9056680F8D7
:10FB90002260C6600661436080F82060C66130461E
:10FBA000BDE8F08341F05D01C9B2597154E7118994
:10FBB000DE724900C9B2997235E700BF006F044098
:10FBC00040420F002433002000E100E000600040CC
:10FBD0005343324930B583B0EFF30383103B5BB23C
:10FBE000454AC03352F823106FF3104142F82310F6
:10FBF000EFF30383103B5BB2404A52F8234094F882
:10FC00002230B3B9A368012284F82220DA7CD2B270
:10FC10008DF805209DF8052012F0010F5A7A14BFC7
:10FC200002F0F70202F0F3025A72AC22DA7103B06A
:10FC300030BD94F820304BB9A3681B7A13F0080F3D
:10FC4000204614BF08210421FFF776FE2269A2B9DD
:10FC5000A368D97CC9B28DF806109DF806101979F1
:10FC600041F010011971197941F0080119711979E0
:10FC700062F30411197103B030BDA369A1689A42FF
:10FC800009D0E268C97C581CA061D154E3690133F2
:10FC9000E36103B030BD022584F821504B79E2695D
:10FCA0006FF300034B7120460621FFF727FEA36880
:10FCB0002169DD705A7942F001025A7191B9DA7CFA
:10FCC000D2B28DF807209DF807201A7942F0100271
:10FCD0001A711A7942F008021A711A7961F3041242
:10FCE0001A71A4E7A269E168DB7C501CA0618B5407
:10FCF000E3690133E3619AE70060004024330020A8
:10FD000038B5EFF30383103B5BB2244AC03352F89B
:10FD100023106FF3104142F82310EFF30383103BDD
:10FD20005BB21F4A52F8234094F8203093B194F804
:10FD3000213003F0FF0263B9A369216999420ED013
:10FD4000E269E068A168C05C887401330132C4E9EB
:10FD5000063238BD05212046FFF7EEFDE7E72368B0
:10FD60000E4993F90E3003F1C000002B51F82050DA
:10FD700062F3104541F8205009DB5A09094803F0A5
:10FD80001F030121603201FA03F340F82230A26818
:10FD9000D37943F04003D37138BD00BF0060004009
:10FDA0002433002000E100E038B5EFF30383103B7B
:10FDB000204A5BB252F82340A1680B795807C3F37D
:10FDC000800217D5CA796FF38612C023CA7101E089
:10FDD000013B02D0CA795206FAD4EFF30383103BF9
:10FDE0005BB2154AC03352F823106FF3104142F84A
:10FDF000231038BD022584F821504B7962F30003AB
:10FE00004B71E26907212046FFF778FDA168CD70AC
:10FE10004B7943F001034B7194F82130002BD1D181
:10FE2000A369E269E0680132C05C88740133C4E907
:10FE30000632C7E7243300200060004010B582B0CE
:10FE4000EFF30383103B3E4A5BB252F82300836812
:10FE50005A7A91074DD1D1B211F00C0F3CD001224A
:10FE600080F8242090F82120012A65D00169826958
:10FE70009142C26988BF02F1FF324FF0030188BF8F
:10FE8000C2614FF0000EA024DC7180F820E080F801
:10FE900022E093F805C06EF3000C83F805C090F8DB
:10FEA0002440002C43D1DF241C709F241C700024AC
:10FEB0000223C46180F82130FFF720FDEFF30383B4
:10FEC000103B5BB21F4AC03352F823106FF310414E
:10FED00042F8231002B010BDCA06EFD5DA7CD2B2C8
:10FEE0008DF807209DF80720DA7902F0EF02DA7129
:10FEF000E4E70022A02180F82420D97180F8202096
:10FF000080F82220597962F30001597190F8241089
:10FF100081B9DF219F2219701A7000210223C26962
:10FF200080F82130C1610121FFF7E8FCC6E783F8C2
:10FF300009E0BCE75A72F0E7C2690221A1E700BFFD
:10FF400024330020006000404160027200207047AE
:10FF5000C0E90E3241630020704700BFC368044A05
:10FF60009B1AB3FA83F35B090B700020704700BF44
:10FF70004349495230B5836B83B004460A466D4607
:10FF8000A3B193E8030085E80300E16B1A71626B8B
:10FF9000196018469047A36B1BB195E8030083E8EE
:10FFA0000300002384F82B3003B030BD2B46ECE770
:10FFB00030B4334B02691B6A82B003F00F23019304
:10FFC0000199019D137C90F82C4094B9C1F3032151
:10FFD000DBB2A1EB15618B409B0805D1082002B074
:10FFE00030BC7047013BF9D05178C909FAD1B3232D
:10FFF000D3710023016890F8264080F8283080F8FB
:020000021000EC
:1000000027404C6A856980F82B30C56180F82D3017
:10001000036280F82E3080F82F3080F8303023785B
:100020006478012B0CBF0523042343EA4403DBB2AD
:10003000D370537943F00103537191F90F30002BC2
:1000400009DB10495C09012203F01F0302FA03F3E4
:1000500041F824300269BF23D37190F82C1001F0CD
:10006000FF0331B1002380F82C30184602B030BCB9
:10007000704702211846517002B030BC704700BF73
:1000800000E0014000E100E090F808C080F82A306C
:10009000BCF1010FC0E905120AD1436880F826C0FF
:1000A0005B00002243F0010380F8252080F8243013
:1000B000012380F82930FFF77BBF00BF90F808C00C
:1000C00080F82A30BCF1010FC0E9051208D143685D
:1000D00080F826C000225B0080F8252080F82430BC
:1000E000002380F82930FFF763BF00BF036902686F
:1000F0002DE9F04F1F241C705F241C70DF241C703E
:10010000546A55682279564EDFF8608142F0E00269
:100110001A74E27842F0E0025A74A278120102F0F6
:10012000700242F008029A7022786478012A0CBFAB
:100130000522042242EA4402D2B2DA70494A9542C8
:100140000CBFF72277225A710027B3229F71DA7110
:1001500091F9112091F80DC0B4184FEA0C1C5FFA08
:100160008CFC84F800C302F1C00548F822003E4C24
:100170004FEA521E54F825904FEA8E0E67F310494D
:100180000EF1604E44F825900EF5614E012502F007
:100190001F0205FA02F2CEF88021CEF8002091F974
:1001A0000F2006EB020E02F1C0098EF800C348F8DA
:1001B00022004FEA521E4FEA8E0E54F829B00EF17B
:1001C000604E0EF5614E02F01F0205FA02F267F36F
:1001D000104B44F829B0CEF88021CEF8002091F9D8
:1001E000102006EB020E02F1C0098EF800C348F899
:1001F00022004FEA521E54F829B04FEA8E0E0EF13B
:10020000604E0EF5614E02F01F0267F3104B44F88A
:1002100029B005FA02F2CEF88021CEF8002091F93B
:100220000E100E444A0986F800C348F8210001F177
:10023000C00001F01F018D4054F82010920002F11F
:10024000604267F3104144F8201002F561424FF01C
:100250009F0AC2F88051156083F800A0BDE8F08FB6
:1002600000E100E040420F00006000402433002025
:100270000A7802F5800202F5A662120270B50261E8
:100280008A68016042600A7B0272CA694263002583
:100290000A6AC26304468563EFF3108C012282F37D
:1002A00010880B78C3F109039A400E4BD3F8006114
:1002B00026EA0202C3F80021D3F800318CF310883B
:1002C000FFF714FF084B84F82950C4E9075584F858
:1002D0002A50656184F82B50A56184F82C50E360A6
:1002E000284670BD006F04404349495238B5C36980
:1002F000044613B990F82C30A3B123692168002576
:10030000DD712046FFF7F2FEA36994F826202362F0
:10031000236984F82820B322E56184F82C5000205A
:10032000DA7138BD90F82B30002BE6D12369B32267
:10033000DA71002038BD00BF38B5C36904461BB967
:1003400090F82C30002B6FD0236921680025DD71D7
:100350002046FFF7CBFE94F82620A369E56184F8D8
:100360002820236284F82C50236922680020B321BE
:10037000D971D871E06092F911302E494FEA531CBF
:1003800003F01F020CF1200C012303FA02F241F8E2
:100390002C20BFF34F8FBFF36F8F226892F90E208E
:1003A0004FEA521C0CF1200C02F01F0203FA02F279
:1003B00041F82C20BFF34F8FBFF36F8F226892F963
:1003C00010204FEA521C0CF1200C02F01F0203FA1D
:1003D00002F241F82C20BFF34F8FBFF36F8F2268DA
:1003E00092F90F204FEA521C0CF1200C02F01F0270
:1003F00003FA02F241F82C20BFF34F8FBFF36F8F47
:10040000EFF3108583F3108821680B4A0978C1F156
:1004100009018B40D2F800110B43C2F80031D2F829
:10042000003185F3108838BD90F82B30002B9BD01D
:100430008AE700BF00E100E0006F044010B483B021
:10044000EFF30383103B5BB2484AC03352F82310EA
:100450006FF3104142F82310EFF30383103B444A3B
:100460005BB252F8233093F82D20BAB99A69022A68
:100470001A699EBF117941F040011171D9690129B2
:1004800017D0D27CD2B28DF8072001219DF8072029
:1004900083F82D1003B05DF8044B7047DA69002A29
:1004A000F8D0032A0ED0022A4ED0012A21D0196991
:1004B0000DE0117941F010011171117941F008013D
:1004C0001171DEE719690A7942F040020A711A6A6D
:1004D0005869C97C8154D3E907210131013AC3E944
:1004E0000721002AD6D119690B7962F386130B71A3
:1004F000D0E793F82A1089B319681E4C91F90F10B0
:100500004809203001F01F0102FA01F144F82010DF
:10051000BFF34F8FBFF36F8F1969C87940F0800028
:10052000C871087940F01000087108794FF0040C88
:100530006FF3C300087181F801C048796FF30000C0
:10054000487183F82C20C2E719690A7942F0100239
:100550000A710A7942F008020A71B8E719694A7A01
:10056000082002F0F7024A724870B0E700600040CD
:100570002433002000E100E0EFF30383103B5BB283
:10058000354AC03352F823106FF3104142F823105C
:10059000EFF30383103B5BB2304A52F8232092F80A
:1005A0002730002B37D192F829309BBBD36910B488
:1005B000002B42D11069C1796FF3C711C023C171FB
:1005C00001E0013B02D0C179C909FAD11368224A7E
:1005D00093F9103003F1C001002B52F821406FF362
:1005E000104442F8214009DB5A091D4C03F01F0357
:1005F0000121603201FA03F344F82230C3795DF837
:10060000044B43F04003C3717047022909D192F8AB
:10061000300030B9704792F82610032992F828105C
:10062000F3D0106992F824C080F812C00131013B68
:1006300082F8281082F827307047D2E90404116A42
:10064000013B645C84740131C2E90731002BB2D0F4
:100650005DF8044B704700BF006000402433002069
:1006600000E100E010B4EFF30383103B2B4A5BB2D0
:1006700052F8233093F829201AB193F82720012A41
:1006800047D0DA69D2B11969CA796FF38612C023EB
:10069000CA7101E0013B02D0CA795206FAD4EFF3E5
:1006A0000383103B5BB21E4AC03352F823106FF332
:1006B000104142F823105DF8044B704793F82A105C
:1006C000F9B11968174C91F90F10480920304FF013
:1006D000010C01F01F010CFA01F144F82010BFF3E6
:1006E0004F8FBFF36F8F1969C87940F08000C871D0
:1006F00004204870487962F30000487183F82CC0E8
:10070000C2E719694B7A082203F0F7034B724A706B
:10071000BAE793F83020002AB3D1B4E7243300209D
:100720000060004000E100E038B5EFF30383103BC8
:100730004B4A5BB2E02152F8234023695A7A59723E
:10074000D506D0B202F003011FD55A78520648D41C
:10075000E269012184F82B10002A5ED0002521686F
:10076000DD712046FFF7C2FC94F82610A2692369C8
:10077000E56184F82810226284F82C50B322DA71E3
:1007800001212046FFF7F6FB12E00029E0D1010726
:100790001BD594F82B20002A48D194F82910B322B5
:1007A000002914BF02210321DA712046FFF7E2FB82
:1007B000EFF30383103B5BB22A4AC03352F8231095
:1007C0006FF3104142F8231038BD94F82C20002A12
:1007D000EED04207ECD594F82B200121002AE4D179
:1007E000DBE70029B4D15A785506C2F38011CED583
:1007F00084F82B105A7A216802F0F702496A5A727B
:10080000082058700A78012A0CBF03220222DA70ED
:100810005A7942F001025A71CAE794F82C20002A52
:100820009CD194F82B20002AA8D097E7E2696AB1FE
:10083000002294F82600A169E26184F82800216270
:1008400084F82C20B322DA710121AEE794F82C2031
:10085000002AEDD194F82B20002AF3D0E8E700BF5E
:10086000243300200060004010B582B0EFF3038411
:10087000103C164B164964B253F8242050790B5C97
:1008800003F00303032B0FD0C03451F824306FF36F
:10089000104341F82430936823B1D268CDE9002099
:1008A0006846984702B010BD936823B1D268CDE97D
:1008B000002068469847064BC03453F824206FF355
:1008C000104243F8242002B010BD00BF24330020A2
:1008D000006000400346D3E90223002053607047C4
:1008E000D0E90123D26930B4D2E9011444F00044C4
:1008F000D0685C61D2E9045440F0004041F000410E
:100900009861196100205D629C6230BC704700BF35
:10091000002800DA704710B400F16043114C03F571
:1009200061430901C9B283F8001344F820200E493D
:1009300000F1C00200F01F0C400951F82240800075
:1009400000F1604000F561406FF31044012341F86D
:10095000224003FA0CF3C0F880315DF8044B0360C9
:10096000704700BF243300200060004070B58369E9
:1009700084B004468C46164601AD9BB193E807004F
:1009800085E8070083F804C0E2691A609E60184693
:1009900062699047A3691BB195E8070083E80700E7
:1009A00004B070BD2B46EDE790F800C0486EBCF176
:1009B000030F98BF01300AB1824227D310B4019CC3
:1009C000496BE40754BF01F01F01C1F30441BCF1BE
:1009D000030F09D9090981F0010172B9E9B90222AD
:1009E0005DF8044B5A60704701F00C01A1F104015D
:1009F000B1FA81F14909002AF0D0824201D30029DD
:100A0000EDD103225DF8044B5A607047BCF1030F2F
:100A100098BF02F1FF321A6070470028DFD0F0E77C
:100A20002DE9F0470B7C0D46012101FA03F2C2606B
:100A3000920716BF002201740274D5E9052103F55F
:100A4000800303F5F0631B0242610022EE694560FA
:100A5000C0E9062184B004468360EFF310800123CF
:100A600083F31088854B297C0229D3F8081134BF01
:100A70006FF020076FF040073940C3F80811D3F832
:100A8000083180F31088A3686F684FF4254119601E
:100A9000DA62DA639A642A78297A032A4FEAC15122
:100AA00007F1FF3C00F0D58084BF41EA0241BC461B
:100AB000D6E9068ED9624FF00041196100205961D4
:100AC00099614FF0FF315862039098620291C3F828
:100AD0001C80C3F820E0D6F82C80C3F868C0C3F8A7
:100AE00064C0002A40F0A080790801390291404694
:100AF00001224FF0030C5965996500285DD095F8E7
:100B000000E0B76A002F71D0B97897F80390090612
:100B100041EA097197F8049041EA09419963B9687B
:100B2000C3F88C10002965D0012148B997F81C90B2
:100B300097F81BA04FEA496949EA4A2948EA090897
:100B4000C3F8881040B996F8211096F8200049079C
:100B500041EA403148EA01084FF4AA01BEF1010F11
:100B6000196402D10021D9641965E168D960C3F81C
:100B70003480C3F830C01A63697C95F912002246AC
:100B8000FFF7C6FE96F8221096F924002246FFF7DA
:100B9000BFFE96F8231096F925002246FFF7B8FE0F
:100BA0002FB1397897F901002246FFF7B1FE344B97
:100BB0002360002004B0BDE8F0873178F9B995F8DA
:100BC00000E0B17800299CD0F778BEF1020F4FEA1F
:100BD000071141EA87113FD04BD903273943B76A40
:100BE00048EA014848F08078002F8DD19F63C3F810
:100BF0008870A7E7F968003918BF012195E795F8D3
:100C000000E07178BEF1020F4FEA81194FEA011737
:100C100024D029D9032148EA010848EA090848EA0A
:100C2000070848F48078CCE7012A19D000901946CB
:100C3000EA68606802ABFFF7B7FEDDE90210020464
:100C400042EA006242F0030CA368F06A42F001023B
:100C500051E741F480312BE70927BFE70921DAE7A3
:100C600040464FF0030C46E7002914BF0921062136
:100C7000D1E7002F14BF09270627AFE7006F044014
:100C80005450470030B4436893F91220DB69002ABE
:100C900011DB51092E4D02F01F0C2031012404FA02
:100CA0000CF445F82140BFF34F8FBFF36F8F2949F4
:100CB000002441F8224093F92420002A11DB510935
:100CC000234D02F01F0C2031012404FA0CF445F8E6
:100CD0002140BFF34F8FBFF36F8F1E49002441F8AF
:100CE000224093F92520002A11DB5109184D02F00A
:100CF0001F0C2031012404FA0CF445F82140BFF305
:100D00004F8FBFF36F8F1349002441F822409B6A35
:100D1000A3B193F90130002B10DB03F01F045A0933
:100D20000121A14020320A4C44F82210BFF34F8F1A
:100D3000BFF36F8F074A002142F823108268C16811
:100D40000023036030BC184691605363704700BFB6
:100D500000E100E02433002030B4EFF30383103BC4
:100D60005BB2184A184C03F1C00152F821006FF32E
:100D7000104042F8210054F82300446894F800C061
:100D8000BCF1010F15D1D0E90254AC600024AC6471
:100D9000EC642C6552F8215064F3104542F8215060
:100DA0005A090A4903F01F0360320CFA03F341F8B1
:100DB0002230436923B1002230BC1146FFF7D6BD73
:100DC00030BC7047006000402433002000E100E0A8
:100DD0001E4B10B4C3600B7803F001034370EFF3B4
:100DE000108C012484F31088194BD3F8082122F4C5
:100DF0008012C3F80821D3F808318CF31088EFF380
:100E0000108C84F310884278D2B9C468237962F3D5
:100E1000861323718CF310884A684B78D278C468A3
:100E2000D201DB01D2B2DBB26271A3710123E371A3
:100E30000A780270074B43605DF8044B002070474E
:100E4000C26813796FF3C7131371E3E700E005403D
:100E5000006F044000434144C3684278002023F8F7
:100E600012107047EFF31083012282F3108842784A
:100E7000C1683AB90A7942F040020A7183F31088D6
:100E8000002070470A7942F080020A7183F31088CB
:100E900000207047EFF31081012383F3108842781C
:100EA00042B9C068037962F38613037181F3108835
:100EB00000207047C26813796FF3C713137181F371
:100EC00010880020704700BFEFF3108C012383F3DC
:100ED0001088437873B9C268117963F38611117170
:100EE000117A63F3861111728CF31088002343602A
:100EF00018467047C3681A796FF3C7121A711A7AC5
:100F00006FF3C7121A72EFE710B40368284C002180
:100F1000816093F915304FEA531C03F01F020CF166
:100F2000200C012303FA02F244F82C20BFF34F8F68
:100F3000BFF36F8F026892F916204FEA521C0CF132
:100F4000200C02F01F0203FA02F244F82C20BFF337
:100F50004F8FBFF36F8F026892F917204FEA521C30
:100F60000CF1200C02F01F0203FA02F244F82C20CC
:100F7000BFF34F8FBFF36F8F426882F84C18C2F8EF
:100F80002C14EFF3108483F310880068094A00687A
:100F9000C0F102008340D2F800010343C2F80031DF
:100FA000D2F8003184F3108808465DF8044B70478E
:100FB00000E100E0006F0440F0B5076A8BB0064620
:100FC00067B3BE468C46BEE80F006C460FC4BEE851
:100FD0000F000FC49EE8030084E80300BCE80F0084
:100FE0003D460FC5BCE80F000FC59CE803008EE826
:100FF0000300F36938469847336A6BB1EE469C4666
:10100000BEE80F00ACE80F00BEE80F00ACE80F0030
:101010009EE803008CE803000BB0F0BD0F46E8E744
:10102000437B934210B4446852D0B4F840386FF315
:101030008A23A4F84038B4F840384FF0020C6CF31F
:101040000923A4F84038B4F8423803F4E063B3F558
:10105000007FF8D1022384F8582842730373994221
:1010600015D00529B4F8403814D06FF38A23A4F8BA
:101070004038B4F8403861F309230A02A4F8403834
:10108000B4F8423803F4E0639342F9D101735DF898
:10109000044B70476FF38A23A4F84038B4F8403803
:1010A000022262F30923A4F84038B4F8423803F46A
:1010B000E063B3F5007FF8D1B4F8403843F48063BF
:1010C000A4F84038B4F842385B05FBD50173DEE77D
:1010D000037BC4E79DF800C048B102280ED000236E
:1010E00022F060421A4342EA8C720A607047074B52
:1010F00003EA824242EA8C720A607047002BF6D003
:10110000012B14BF00234FF00043E9E70000FC1F50
:10111000F0B54468651883B095F82038DB0925D10F
:101120001746026801F12003126904EB03111E0146
:101130007B79107B00933B793A68FFF7CBFFB31DB7
:10114000BA7923448C8862F303048C8007F10C0085
:1011500099182AB110F8012B03F8012B8B42F9D111
:101160008023002085F8203803B0F0BD4EF66320C0
:1011700003B0F0BD2DE9F04F0C680D6904F5802433
:101180005034240385B0884607464460EFF3108C42
:10119000012181F31088934AD8F80030D2F8006119
:1011A000C3F1020301FA03F326EA0303C2F8003194
:1011B000D2F800318CF31088D8F80830C361D8F821
:1011C0000C30C0F800800026C0E908632B78037655
:1011D0003246FFF725FF2B7D2A7BD8F80410DB0071
:1011E00043EA420343F4E073A4F840388B684A684A
:1011F000D1F80CC0013B013A1B0243EA02730A68B2
:101200000CF1FF3143EA0133511E027E1343764A4B
:1012100002EA01421343C4F8443832460221FFF780
:10122000FFFE04F50073802284F8502831461846EA
:101230004FF4007207F05FFD2B69014609E09E4202
:1012400012D3A0190136202E80F8202801F11001B8
:1012500018D0A86800EBC60C4FEAC60E9CF8062012
:10126000002AECD00022ECE79CF804309CF805C082
:1012700050F80E20287BCDF800C0FFF72BFF2B691C
:101280004022DEE79B0800F0A9806A680397A2F17C
:10129000040C00220CEB830396466FF060494FF07C
:1012A0000F0B5CF8041F494502F580760ED295F8C5
:1012B0000CA09000BAF1000F02D14C4F07EA814117
:1012C00044F826100BFA00F14EEA010E9C4502F19B
:1012D0000102E6D1039F6FEA0E030022C4F828340E
:1012E00011463846FFF79CFEB4F8403843F020031F
:1012F000A4F84038B4F84038C3F340109B06F9D442
:1013000098F9153098F81410DFF8E8C0DFF8E8E035
:10131000374E0CEB03020901C9B282F8001303F146
:10132000C0054EF823705A0956F82590920060F3D4
:10133000104902F1604246F8259002F5614201250C
:1013400003F01F0305FA03F3C2F88031136098F924
:101350001630DFF8A8900CEB030203F1C00A82F804
:1013600000134EF823705A0956F82AB0920002F181
:10137000604202F5614260F3104B03F01F0346F830
:101380002AB005FA03F3C2F88031136098F91720E8
:10139000944453098CF800134EF8227002F1C001F6
:1013A0009B0002F01F0205FA02F203F1604356F8B7
:1013B000215003F5614360F3104546F82150C3F80E
:1013C00080211A603E2384F84C384FF0FF33C4F874
:1013D0002C34C7F8089005B0BDE8F08F4FF0FF330C
:1013E0007BE700BF006F04400000FF030000FC1F0C
:1013F0000060004000E100E0243300204E414352F1
:1014000030B58BB0EFF30383103B5BB22E4AC03391
:1014100052F823106FF3104142F82310EFF30383C7
:10142000103B5BB2294A52F823500021282268461B
:1014300007F061FC6C6894F84D380020DBB284F84A
:101440004D08ADF80430B4F84218C1F30012C906D3
:1014500038D543F02003ADF80430022394F8532824
:1014600084F8533894F8523803F01F03D2B2E118CD
:1014700084F8532891F8202860F3820281F820280C
:101480002A681268009269466A6A039328460492A1
:10149000FFF792FDB4F84238DB0611D52B681A69C4
:1014A000127D6AB193F91530002B09DB5A090848FF
:1014B00003F01F030121403201FA03F340F8223008
:1014C0000BB030BD1346DBE7006000402433002042
:1014D00000E100E02DE9F0418AB0EFF30383103B17
:1014E0005BB23F4AC03352F823106FF3104142F809
:1014F0002310EFF30384103C3A4B66B2002253F8FA
:101500002600D0E900E595F8533885F8532895F87A
:10151000527807F01F07DBB207F1200285F8533835
:10152000130104F0FF0455F803C0CCF380718DF86B
:101530001910E958DEF810301B7B43EAD17303F031
:1015400001038DF81830002B46D1CCF38A4305EB0C
:10155000021205939188C1F3030301F00F010829DA
:101560008DF81A3035D908218DF81A1008AA0023F1
:1015700005EB071808EB030C01339CF806C202F8D0
:1015800001CB8B42F6D3DEF8003003972F44009353
:10159000442387F82038002307934FF48063ADF885
:1015A00004306946436A0493FFF706FDB5F84238F4
:1015B000DB070BD5002E09DB76090B4A04F01F046C
:1015C0000123403603FA04F442F826400AB0BDE88D
:1015D000F0810029CAD1D6E72CF06043B7E700BFFD
:1015E000006000402433002000E100E070B58AB0C4
:1015F000EFF30383103B5BB2214AC03352F8231050
:101600006FF3104142F82310EFF30383103B1D4AA0
:101610005BB2012652F823506C6894F8532884F882
:10162000536894F85238D2B203F01F0384F8532859
:101630000393E2184FF40063ADF804302B681B6885
:1016400000936B6A0493002382F82038694682F87D
:1016500020382846FFF7B0FCB4F842389B070CD579
:101660002B6893F91730002B07DB5A09064903F062
:101670001F0340329E4041F822600AB070BD00BF97
:10168000006000402433002000E100E08268117A0D
:1016900001F00101137AC3F340039942FAD1436880
:1016A0001978012908D1C16893F810C004484B1E6D
:1016B0009BB240F82C101380F12313720020704766
:1016C000D8320020D0E90223013BF1219BB21380E4
:1016D00000201172704700BF8268117A01F0010189
:1016E000137AC3F340039942FAD143684FF0F40CE4
:1016F000002182F808C0117393F9123013F1210F01
:1017000003D100230360184670478B421ADB5A0945
:1017100010B401210F4C203203F01F0301FA03F330
:1017200044F82230BFF34F8FBFF36F8F43680A4AEC
:1017300093F912305DF8044B42F823000023036054
:1017400018467047044A42F82300002303601846F5
:10175000704700BF00E100E024330020F0B40B7CB0
:1017600003F1401303F500631B02C0E90113EFF31B
:101770001085012383F310880C7C394AC4F10304DB
:10178000A340D2F8084124EA0303C2F80831D2F892
:10179000083185F31088826800231372137AC3F32B
:1017A000400C9B07FAD4CC6982F80AC0E37826780B
:1017B0000D7A247903F00703002E42D1002D47D182
:1017C00014734C684768002696735372631E9572B3
:1017D0009BB2C4603D7C1380224B43F8254091F9B5
:1017E0001230B34222DB4A7C03F1604404F56144C9
:1017F0001201D2B284F800231B4A1C4C42F8230089
:1018000003F1C0055A0954F82570920002F16042B4
:1018100066F3104744F8257002F5614203F01F0398
:10182000012404FA03F3C2F880311360D1E90541C1
:1018300000230F4A0461C0E905310260F0BC18467C
:101840007047502E06BF43F0500365463343B7E759
:1018500085F0020543EA0513DBB23546B0E700BF69
:10186000006F0440D8320020243300200060004084
:1018700054474100F0B585B0EFF30383103B5BB2F2
:1018800003F1C0011B4A1C4C52F821006FF31040B9
:1018900042F8210054F82340D4E901120978137A60
:1018A0000129DBB204D1F42103F0F00311721372A9
:1018B0002769B7B1656901AECDB195E8070086E843
:1018C00007009B0644BF00232B71A3692B602846A9
:1018D000B84763691BB196E8070083E80700A26870
:1018E000137ADBB203F00F03137205B0F0BD354677
:1018F000E7E700BF006000402433002003460020DB
:101900001A689B8A1380704703681B88C3F3C0332F
:1019100000200B70704700BF03681031002033F8BF
:1019200011301380704700BF43682DE9F041D1E9C1
:1019300001250C685E6903681FFA84F8A3F8048027
:101940001FFA82F8A3F8148022F0405C1FFA85F891
:1019500024F0405E25F040572243A3F808804FEA68
:101960001C4C3F0C4FEA1E4812F0405FA3F8068063
:10197000A3F816C05F8159D1CA68002A00F0988088
:1019800015892F0522D5D2E900C7B2F80A80A3F83D
:101990009050A3F89C80B2F80C80A3F89E801FFAA8
:1019A0008CF8A3F89480CCF30B484FEA1C7CA3F886
:1019B000968083F892C01FFA87FCA3F898C0C7F3FB
:1019C0000B4C3F0FA3F89AC083F89370AF051FD458
:1019D0000A8AA3F89050A3F88020F27892B11A886E
:1019E000BEFA8EF11FFA82FE2EF01F0E0EF11F0EB0
:1019F000828AAEEB010E1FFA8EFE4EEA0202A3F8B7
:101A000000E082822B4BC0E903340020BDE8F08166
:101A1000977C92F813C047EA0C0783F8A670D78921
:101A2000128AA3F8A870A3F8AA20D1E7224FD7F80A
:101A30002080224F3F68C8F3026C07FA0CFCC8F301
:101A400002181F4F2CFA08FCA7FB0C7C4FEA9C1CC9
:101A50001C4F41F2883808FB0CFCA7FB0C7C4FEABA
:101A60009C4C0CF1010CBCF1070F38BF4FF0070C78
:101A700012F080570AD05FFA8CF715F0805F83F878
:101A8000DE7040F2011708BF4FF48077920009D54D
:101A90005FFA8CFC47F40077AA0083F8DFC048BFE8
:101AA00047F00207CA68BFB25F82002A7FF468AFBE
:101AB00015468DE74344415200E00140B033002019
:101AC000D34D621083DE1B432DE9F8430B880C468F
:101AD0005B0222696669C968026203F1804303F50B
:101AE000B8230022036081614460C2613179627968
:101AF0000546A0788F074FEA0223F17843EA403386
:101B000054BF43F0400343F48863002900F0DF80B2
:101B100043F42073022A08BF764A9BB208BF32F80A
:101B200021C0AB8218BF4FF0000C2279E1787078A9
:101B300096F800E0D20342EA410242EA4010EFF395
:101B40001088012181F310886B4F2288D7F8089103
:101B5000C2F1100201FA02F229EA0202C7F80821D2
:101B6000D7F8082188F3108847F6FF572A6880B213
:101B70003B401380A2F810C0D08182F80CE033798A
:101B8000980700F1AD8082F88A3094F90630002B76
:101B900022DB227A03F1604101F561411201D2B2E8
:101BA00081F80023554A564942F8235003F1C000FA
:101BB0005A0951F82070920002F160426FF3104709
:101BC00041F8207002F5614203F01F03012101FA80
:101BD00003F3C2F88031136094F90730002B22DB45
:101BE000627A03F1604101F561411201D2B281F8DC
:101BF0000023424A424942F8235003F1C0005A09E7
:101C000051F82040920002F160426FF3104441F815
:101C1000204002F5614203F01F03012101FA03F3A2
:101C2000C2F88031136096F90630002B22DB327A3D
:101C300003F1604101F561411201D2B281F8002344
:101C40002E4A2F4942F8235003F1C0005A0951F897
:101C50002040920002F160426FF3104441F82040AE
:101C600002F5614203F01F03012101FA03F3C2F8F8
:101C70008031136096F90730002B22DB727A1F48FF
:101C800003F1604101F561411201D2B281F80023F4
:101C900040F8235003F1C001194A52F821006FF3B4
:101CA000104042F821005A09920002F1604202F508
:101CB000614203F01F03012101FA03F3C2F88031EE
:101CC0001360104BAB6000202861BDE8F883002A48
:101CD0007FF420AF43F400439BB2AB82944624E7E9
:101CE00043F0030382F88A30084600F03DF92A6881
:101CF000337948E7D4E70100006F04402433002023
:101D0000006000404344415270B40021C0E9021118
:101D1000436893F906205C698A4211DB5309364E09
:101D2000203302F01F0C012505FA0CF546F823506C
:101D3000BFF34F8FBFF36F8F304B43F822104368D0
:101D400093F90730002B11DB5A092B4D03F01F0CC0
:101D50002032012101FA0CF145F82210BFF34F8F18
:101D6000BFF36F8F254A002142F8231094F9063003
:101D7000002B11DB5A09204D03F01F0C20320121EA
:101D800001FA0CF145F82210BFF34F8FBFF36F8FAC
:101D90001A4A002142F8231094F90730002B10DB77
:101DA00003F01F045A090121A1402032124C44F8CB
:101DB0002210BFF34F8FBFF36F8F104A002142F8FC
:101DC0002310036800221A821A80EFF31084012383
:101DD00083F3108840680A490088C0F110008340EE
:101DE000D1F808010343C1F80831D1F8083184F370
:101DF0001088104670BC704700E100E024330020DA
:101E0000006F0440064B074993F826001A6A51F800
:101E100020300549C2F30262D3400B60704700BF17
:101E200000E0014060020020B033002038B5434B91
:101E3000434C444844494AF20355A3F8FE53002258
:101E4000424DA0F8002121604FF4004193F8260094
:101E5000C4E90151C4E90321196A626154F82020E0
:101E60003B4DC1F30261CA40082009212A6083F872
:101E7000130483F8A21093F88024002A55D02F4B26
:101E8000002283F8812483F8802493F8A0208AB16B
:101E900093F83620002A3FD0284A92F8A030D8067E
:101EA000C3F30011F9D4254882F8A01090F8A030AF
:101EB000D906FBD4214B002283F8362093F83C202E
:101EC000D207FBD50121002283F8311083F82620A8
:101ED000204A1A6293F8262054F822001C6A194AF4
:101EE000C4F30264E04028604FF0040C842083F8BF
:101EF0003EC083F83E004FF4254083F8D010A3F88D
:101F0000FE03A2F80411B2F804319BB2002BFAD1FF
:101F10000123A2F8003138BD93F83C20D207BBD48E
:101F200093F83C20D207F7D5B6E7012183F8801457
:101F300040F2C44000F018F8A1E700BF00E0014003
:101F40006002002000C00140006CDC0200127A0038
:101F5000B033002000010110704700BFA0F1010064
:101F60000028FBD1704700BF30B5144D144A00FB68
:101F700001F14FF47A732868B2FBF0F2A1FB03C4BD
:101F80004FF0FF304FF0000E60457EEB040407D3A6
:101F9000BCFBF2F0800878B1BDE83040FFF7DEBF4F
:101FA0009200B1FBF2F1A1FB031388427EEB030325
:101FB000F2D308460028EFD130BD00BFB033002077
:101FC00000CA9A3B0B4B70B5B3F840510A4E00243F
:101FD000ADB225FA04F3DB07E0B203D556F824309E
:101FE00003B198470134102CF3D1024BA3F83051C0
:101FF00070BD00BF00600040E0320020084B10B40C
:10200000084C03F1200C5842C21813F8011FC032CB
:10201000634544F82210F7D15DF8044B704700BFC8
:102020000AE9010000600040EFF31081012383F30F
:102030001088124B33F8102092B22AB133F81020D6
:10204000013A92B223F8102033F810309BB293B9C2
:102050000B4A10B4B2F8FE330A4C9BB234F81000AD
:1020600043F4254323EA0003A2F8FE3381F31088EA
:102070005DF8044B704781F310887047A43300204B
:1020800000E00140E0E7010030B4EFF310810123EC
:1020900083F310880E4A32F810309BB26BB90D4CA6
:1020A0000D4DB4F8FE3335F810C09BB243EA0C0373
:1020B00043F425439BB2A4F8FE3332F810300133C9
:1020C0009BB222F8103081F3108830BC704700BFFB
:1020D000A433002000E00140E0E701000B4A08B50E
:1020E0000346106840B10333094923F00303034456
:1020F0008B4204D8136008BD06481060F3E706F071
:102100003BFD0C2303604FF0FF3008BDAC330020D3
:10211000007B00209043002000BE704708B500F00F
:1021200005F8FBF717F8FEE7704700BF70B5464BA0
:10213000464A47484FF47004C3F888404AF20251B7
:1021400098600123A2F8FE1382B082F81F3492F83F
:10215000B134DB06FBD500204FF425460446A2F837
:10216000FE63FFF7E1FFFFF761FE8DF807400120F6
:102170009DF80730FFF788FFEFF31081012585F305
:102180001088344BD3F8042122F00042C3F8042114
:10219000D3F8042181F310882F4A1168C1F300019C
:1021A0008DF807101168C1F300018DF8071012684F
:1021B000C2F300028DF80720EFF3108185F3108839
:1021C000D3F8042142F00042C3F80421D3F80431CB
:1021D00081F310882846FFF727FF2846FFF7A4FF62
:1021E0001E4B1F499C801F4A1E8099601E49D96062
:1021F0004FF48051A2F820111C481D4A9D80121AEC
:10220000214606F078FD1B481B4A1C491C4D121A3A
:1022100006F04DFD1B4B5B1BA3424FEAA30605DDF9
:1022200055F8043B01349847A642F9DCFFF7EAFD74
:102230000220FFF779FFFFF7E1FE002002B0BDE8C2
:102240007040FFF789BE00BF00ED00E000E00140F4
:1022500000400000006F044000080440000D0040F2
:10226000007B002000600040007F002078020020FA
:102270009043002000000020600200207CEC010060
:10228000140200204802002000220270C0E901224E
:1022900080F83520012280F83620DF2282777047CF
:1022A0002DE9F04704464FF000081F469DF82830FE
:1022B00080F8008021730375089B0361099B83618B
:1022C0000B9B03620C9BDFF84091C0E90938FF23A8
:1022D0008A4643771546002A3ED184F8352050209F
:1022E00005F006FC4FF6FF73A0F8423000F120081D
:1022F000DF2380F8205080F8215080F8225080F8A9
:102300002350C0E90955C562C0E90E55C0E90C5516
:1023100080F8443080F8453080F8405080F84150D3
:10232000C0E91255C4F8288020222946064606F046
:10233000E2FC072FA6605AD8314ABAF1020FD35DEA
:10234000114642D099F80000002856D1002B4ED1FA
:1023500002232777D35548E0012A48D184F8352055
:10236000242005F0C5FB837880F8008068F3020321
:1023700083704378C57003F0F80368F306130646CC
:10238000437080F8048080F8058080F80680A062A1
:102390001C224146083006F0AEFC012F666026D8AC
:1023A000184BBAF1020FDA5D194602D099F8000015
:1023B00028B1012A1BD802232777CB5515E0B2B9E3
:1023C0000222DA552777257011E0012BF3D9277700
:1023D000384601F00BFC3022816A404606F067FC6B
:1023E000384601F003FC036BA36101232370002333
:1023F00089F800302078BDE8F087012BDAE700BFCC
:10240000B6330020B4330020BE33002038B590F836
:10241000353004468BB9806808B9002038BD04F116
:102420000C01FEF7FDFA0546A068FEF759FA0E2DDD
:1024300001D0002DF1D10120F0E7012BEDD1406852
:102440000028EAD004F10C010830FFF787F90546AF
:1024500060680830FFF736F9E9E708B590F83530DD
:102460003BB9806820B1FEF735FAB0FA80F0400938
:1024700008BD012B06D140680028F9D00830FFF7CD
:1024800005F9F2E70020F3E708B590F835303BB9DD
:10249000806820B1FEF7F6FBB0FA80F0400908BD75
:1024A000012B06D140680028F9D00830FFF714F955
:1024B000F2E70020F3E7FFFF38B50446FFF7E4FF3B
:1024C000606838B1237F0C4A00252421D55405F0DB
:1024D00037FB6560A56875B1237F084AA86C0021A9
:1024E000D15410B1202105F02BFB5021284605F0D6
:1024F00027FB0023A36038BDB4330020B63300208F
:1025000010B50446FFF7D8FF204610BD01F10C03BB
:1025100003608B6803B1203343604B68836070476E
:10252000836823B11868003018BF012070474068E5
:102530000028FBD08068F6E7F0B585B004460F466A
:10254000014601A81546FFF7E1FF2046FFF7E8FF27
:10255000064610B12046FFF797FF00F057F82A46CD
:1025600001A900F01FF9054650B167772EB120464A
:10257000FFF74CFF2046FFF770FF284605B0F0BD7F
:10258000DF23A377F2E7FFFF0028A8BF00F1604038
:102590004FEA0111AEBF00F5614000F00F00034BA0
:1025A000C9B2ACBF80F800131954704714ED00E0B5
:1025B00000F1C0020A4B53F822106FF3104143F8A8
:1025C000221000F01F024009800000F1604000F579
:1025D000614001239340C0F880310360704700BF21
:1025E000006000404309012200F01F0002FA00F0E1
:1025F0002033044A42F82300BFF34F8FBFF36F8F9D
:10260000704700BF00E100E07047FFFF38B50A4D9A
:102610002B78BFF35B8F13F001040BD1284605F034
:1026200078FA38B1054B28461C6005F07EFA04485C
:1026300001F0B4FD014838BDC0330020C433002090
:10264000092601002AB9304BC031012243F821206C
:102650007047012A03D1C0312B4B0222F6E7022A30
:1026600003D1C031284B0322F0E7032A03D1C03144
:10267000254B0422EAE7042A03D1C031224B05226C
:10268000E4E7052A03D1C0311F4B0622DEE7062A04
:1026900003D1C0311C4B0722D8E7072A03D1C03130
:1026A000194B0822D2E7082A03D1C031164B092260
:1026B000CCE7092A03D1C031134B0A22C6E70A2A04
:1026C00003D1C031104B0B22C0E70B2A03D1C0311C
:1026D0000D4B0C22BAE70C2A03D1C0310A4B0D2254
:1026E000B4E70D2A03D1C031074B0E22AEE70E2A04
:1026F00003D1C031044B0F22A8E70F2AA8D1C03163
:10270000014B1022A2E700BF0060004032B91A4B13
:10271000C0315D2243F8212001207047012A05D1F4
:10272000C031154B652043F82100F5E7022A03D19B
:10273000C031114B6D22EDE7032A03D1C0310E4B9E
:102740007522E7E7042A03D1C0310B4B7D22E1E774
:10275000052A03D1C031084B8522DBE7062A03D1C5
:10276000C031054B8D22D5E7072A03D1C031024B7A
:102770009522CFE7002070470060004032B9C03199
:10278000074B1E2243F8212001207047012A05D162
:10279000C031034B212043F82100F5E700207047AA
:1027A00000600040F8B50E4601681B4B1F29054626
:1027B00017469C682CD8336893F91220213201D037
:1027C0000120F8BD7268403482B11A7CFFF79EFF89
:1027D0000028F5D03268082353742B689374A7B986
:1027E0000E4A44F8232001332B60EAE7B2688AB12D
:1027F0001A7CFFF7C3FF0028E2D032680823537425
:102800002B6893740FB9064AEBE744F82370EAE7A4
:102810000020D6E71046D4E700ED00E0590D010096
:10282000751801002AB9064BC031362243F8212021
:102830007047012AFCD1C031014B3B22F6E700BFB3
:10284000006000402AB9064BC031352243F82120F0
:102850007047012AFCD1C031014B3A22F6E700BF94
:10286000006000402AB9064BC031372243F82120CE
:102870007047012AFCD1C031014B3C22F6E700BF72
:10288000006000402AB9064BC031382243F82120AD
:102890007047012AFCD1C031014B3D22F6E700BF51
:1028A000006000402AB90C4BC031992243F8212026
:1028B0007047012A03D1C031074B9F22F6E7022A55
:1028C00003D1C031044BA422F0E7092AF0D1C03172
:1028D000014BA922EAE700BF006000402AB90C4B77
:1028E000C031982243F821207047012A03D1C0311A
:1028F000074B9E22F6E7022A03D1C031044BA322E4
:10290000F0E7092AF0D1C031014BA822EAE700BF65
:10291000006000402AB90C4BC0319A2243F82120B4
:102920007047012A03D1C031074BA022F6E7022AE3
:1029300003D1C031044BA522F0E7092AF0D1C03100
:10294000014BAA22EAE700BF006000402AB90C4B05
:10295000C0319B2243F821207047012A03D1C031A6
:10296000074BA122F6E7022A03D1C031044BA6226D
:10297000F0E7092AF0D1C031014BAB22EAE700BFF2
:10298000006000402AB9064BC031AE2243F8212036
:102990007047012AFCD1C031014BB322F6E700BFDA
:1029A000006000402AB9064BC031AD2243F8212017
:1029B0007047012AFCD1C031014BB222F6E700BFBB
:1029C000006000402AB9064BC031B12243F82120F3
:1029D0007047012AFCD1C031014BB622F6E700BF97
:1029E000006000402AB9064BC031B02243F82120D4
:1029F0007047012AFCD1C031014BB522F6E700BF78
:102A0000006000402DE9F84FB44B9F6803681F2B0E
:102A10000446154603D9002062B6BDE8F88F40375A
:102A200072B6012940F09080002AF4D093682133D7
:102A300040F08880036812681A441F2AEBD86A683D
:102A4000DFF8B48247F82320C033332248F823202C
:102A500090F90000FFF7C6FD94F90030C0330C2157
:102A600058F823206FF3104248F8232094F900000F
:102A7000FFF78AFD94F90000FFF79AFD2368AB6029
:102A80005A1C69682260C13347F82210342248F882
:102A9000232094F90000FFF7A5FD94F90030C0331E
:102AA0000C2158F823206FF3104248F8232094F9A2
:102AB0000000FFF769FD94F90000FFF779FD236836
:102AC00069685A1CC133226047F82210312248F845
:102AD000232094F90000FFF785FD94F90030C033FE
:102AE0000C2158F823206FF3104248F8232094F962
:102AF0000000FFF749FD94F90000FFF759FD236836
:102B000069685A1CC133226047F82210322248F803
:102B1000232094F90000FFF765FD94F90030C033DD
:102B20000C2158F823206FF3104248F8232094F921
:102B30000000FFF729FD94F90000FFF739FD236835
:102B400001332360012067E702290DD1002A3FF4F9
:102B500062AF93682133F5D10068136818441F28C9
:102B60008CBF0020012057E7032911D1002A3FF430
:102B700052AF92F912302133E4D10E23537401681D
:102B8000574B917447F82130127CFFF7F7FDD6E7D9
:102B9000042949D1002A3FF43EAF92F9073021338E
:102BA00031D101680B1D202B3FF635AF0C264D4B64
:102BB000D171967147F821301278FFF773FE0168E2
:102BC000494B0131016069722E7247F821302A7831
:102BD000FFF7A0FE0168454B0131016069712E715C
:102BE00047F821302A78FFF779FE0168404B013120
:102BF0000160AE72E97247F821302A78FFF7A6FE2D
:102C000003680133036095F90700FFF7D1FC95F9DC
:102C10000900FFF7CDFC95F90500FFF7C9FC95F910
:102C20000B00FFF7C5FC8DE7002940F09480002AD7
:102C30003FF4F1AE137A3BBB126892F90D302133A9
:102C40001ED10C231373036853732A4A47F82320B9
:102C5000C033294A262142F823102B68686893F96B
:102C60000D101B7B01F160421B0102F56142DBB2DA
:102C700082F80033214B43F821002368013323609D
:102C80002B6893F90D00CCE7012B39D1126892F92A
:102C90000F3021331ED10C2393730368D373154A6D
:102CA00047F82320C033144A272142F823102B6809
:102CB000686893F90F109B7B01F160421B0102F5DC
:102CC0006142DBB282F800330C4B43F821002368E9
:102CD000013323602B6893F90F00A2E700ED00E0B9
:102CE00075180100A9E3000019E6000095E4000052
:102CF00059E60000B1F500000060004024330020D8
:102D0000022B7FF488AE126892F9113021331ED164
:102D10000C23137403685374A84A47F82320C03364
:102D2000A74A282142F823102B68686893F91110EC
:102D30001B7C01F160421B0102F56142DBB282F8AB
:102D40000033A04B43F821002368013323602B6834
:102D500093F9110065E7052973D1002A3FF45BAEB2
:102D600016680C23737396F90F30213348D101682C
:102D70000B1D202B3FF64FAEF1733278DFF87882CF
:102D8000DFF84092FFF74EFD90F9003008EB0302A8
:102D90004FF0C00A82F800A3016849F823600131AE
:102DA0002B680160B1731A78FFF74CFD90F9003081
:102DB00008EB030282F800A3016849F8236001319F
:102DC0002B68016031741A78FFF74CFD90F90030E0
:102DD00008EB030282F800A3016849F8236001317F
:102DE0002B68016071741A78FFF74CFD90F9003080
:102DF000984488F800A349F823600368013303600E
:102E000096F90F00704B47F8203096F90E306F4A54
:102E100047F8232096F910306D4A47F8232096F999
:102E200011306C4A47F82320FFF7C2FB96F90E00D9
:102E3000FFF7BEFB96F91000FFF7BAFB96F91100F9
:102E4000EFE6062956D1002A3FF4E5AD16680C23BB
:102E5000737396F90F30213341D10168CB1C202BBD
:102E60003FF6D9AD5C4BF17347F821303278DFF88B
:102E70008881DFF85091FFF715FD90F9003008EBDD
:102E800003024FF0C00A82F800A3016849F82360EA
:102E90000131524B0160B17347F821302B681A7829
:102EA000FFF71CFD90F9003008EB030282F800A345
:102EB000016849F823600131494B0160317447F8DA
:102EC00021302B681A78FFF725FD90F900309844DF
:102ED00088F800A349F8236003680133036096F97A
:102EE0000F00FFF765FB96F90E00FFF761FB96F9FF
:102EF000100096E607294CD1002A3FF48CAD5568A6
:102F000040F60C432B8295F90D30213320D1016816
:102F10000B1D202B3FF67FAD69732A78FFF782FCEB
:102F20000168013101602A782973FFF78BFC016881
:102F3000013101602A78A973FFF794FC016801311F
:102F400001602A78E973FFF79DFC03680133036091
:102F500095F90D00234B47F8203095F90C30224AA3
:102F600047F8232095F90E30204A47F8232095F999
:102F70000F301F4A47F82320FFF71AFB95F90C0082
:102F8000FFF716FB95F90E00FFF712FB95F90F00FE
:102F900047E6082932D1002A3FF43DAD92F90230CC
:102FA00021337FF4CFAD0C2353700168114B917026
:102FB00047F821301278FFF745FBC0E519F600000D
:102FC0000060004024330020790501003D04010029
:102FD000650601002907010029F3000009F300003C
:102FE000C1F4000001FD0000D5FB0000A9FD0000B8
:102FF0003DFE00006908010000E100E0092978D1E8
:10300000002A3FF408AD566896F90230213365D1A5
:1030100001680B1D202B3FF6FEAC92F808A0AC4BCC
:10302000D2F80090B1704FF0060B86F806B0524609
:1030300047F82130FFF7A6FCA64D96F90220B37998
:10304000DFF8BC82A9181B01DBB281F800330168EC
:10305000A14B48F82290013101605246717086F808
:1030600005B047F82130FFF79DFC96F901207379F0
:10307000A9181B01DBB281F800330168974B48F8AF
:103080002290013101605246317186F808B047F84C
:103090002130FFF7A7FC96F90420337AA9181B0109
:1030A000DBB281F8003301688D4B48F82290013182
:1030B00001605246F17086F807B047F82130FFF7FB
:1030C00081FC96F90320F37915441B01DBB285F8E6
:1030D0000033036848F822900133036096F9020038
:1030E000FFF766FA96F90100FFF762FA96F9040015
:1030F00097E50A297CD1002A3FF48DAC566896F9F1
:103100000230213365D101680B1D202B3FF683ACC3
:1031100092F808A0734BD2F80090B1704FF0060BF4
:1031200086F806B0524647F82130FFF7BBFB694DE1
:1031300096F90220B379DFF8C881A9181B01DBB228
:1031400081F800330168684B48F822900131016032
:103150005246717086F805B047F82130FFF7BEFB84
:1031600096F901207379A9181B01DBB281F80033AD
:1031700001685E4B48F8229001310160524631717E
:1031800086F808B047F82130FFF7E0FB96F90420F5
:10319000337AA9181B01DBB281F800330168544B64
:1031A00048F82290013101605246F17086F807B06C
:1031B00047F82130FFF7AEFB96F90320F379154469
:1031C0001B01DBB285F80033036848F82290013315
:1031D000036096F90200FFF7EBF996F90100FFF79B
:1031E000E7F996F90400FFF7E3F996F9030018E50B
:1031F0000B297FF410AC002A3FF40DACD2E9001586
:103200000C232B7595F91530213356D10368DA1C40
:10321000202A3FF600AC374A6B7547F823202A680E
:1032200022B9C033344A4A2042F8230095F91500E8
:103230002B7D324E00F1604202F561421B01DBB290
:1032400082F8003322682E4B43F82010501C206077
:10325000A87547F82060286820B9C13226484D2655
:1032600040F8226095F916602A7D06F1604000F56D
:1032700061401201D2B280F80023226843F8261080
:10328000501C204E2060E87547F82060286820B95F
:10329000C13219484E2640F8226095F917602A7D00
:1032A00006F16040120100F56140D2B280F80023BF
:1032B00043F8261023680133236095F91500FFF7C2
:1032C00077F995F91600FFF773F995F91700A8E457
:1032D00001D9000000E100E065D80000B9DA000083
:1032E000D9D900005DEC0000C5EC000075ED0000D0
:1032F00039ED00000114010000600040D514010008
:1033000024330020ED15010008B53C2200210248BD
:1033100005F0F1FC08BD00BFC833002070B50024E3
:10332000064D264655F8240020B12C2104F008FC57
:1033300045F8246001340F2CF4D170BDC83300204F
:1033400001207047036840F213421B6A184790F847
:103350003D34002BFBD07047D0F82C322BB1D0F885
:103360002832184490F8240070474FF0FF3070471F
:1033700013B5044690F8A8048DF80710002378B11F
:1033800084F83C34012284F83D340DF1070104F542
:103390008860FAF7FFFB94F83C34002BFBD0012047
:1033A00002B010BD0023C0F82432C0F82832C0F8A3
:1033B0002C32C0F83034C0F83434C0F8383400F55A
:1033C0008860FAF761BC13B5EFF310830093012313
:1033D000019372B6019B5A1E01923BB1D0F82C4268
:1033E0006846F9F737FD204602B010BD6846F9F788
:1033F00031FD4FF0FF34F6E70268224B53F82230DC
:1034000013B54BB10279042A0CD0802A06D0022AC7
:1034100002D1012283F83D2402B010BD012283F8BD
:103420003C24F9E7D3F82C22B2F5007FF4D0007ADF
:10343000EFF3108200920122019272B6019A013AD2
:10344000511C1AD0D3F82C12B1F5007F02F1FF34D1
:1034500011D0D3F82412194481F82400D3F824128F
:103460000131C1F30801C3F82412D3F82C12013141
:10347000C3F82C12E3E72246E2E768460192F9F727
:10348000E9FCC9E70434002013B5EFF3108300937F
:103490000123019372B6019B5A1E0192E3B1D0F849
:1034A0002C32B3B1D0F82832034493F82440D0F83A
:1034B00028320133C3F30803C0F82832D0F82C3285
:1034C000013BC0F82C326846F9F7C4FC204602B034
:1034D00010BD4FF0FF34F6E76846F9F7BBFC4FF03C
:1034E000FF34F3E738B5044600254FF47A70C4E999
:1034F0000150A3611848049BE361C4E904122060F1
:1035000029464FF4007204F1240005F0F4FBC4F8DE
:1035100024524FF40072C4F828522946C4F82C52A1
:1035200004F50C7005F0E7FB0123C4F83054C4F82F
:103530003454C4F8385484F83C3484F83D34DF23E0
:1035400084F8A85484F8773484F8793484F875348E
:1035500084F87B34204638BDF0E7010010B50C46F6
:10356000FFF754F822460421BDE81040FFF74ABA9D
:1035700038B590F8A8340446154600206BB184F89D
:103580003C0484F83D0404F58860FAF703FB94F8E2
:103590003C34002BFBD0284638BD1D46FBE7FFFF1F
:1035A000F0B50369002B85B0044602DA002005B0AF
:1035B000F0BD4269002AF9DB8B42F7DA8A42F5DA7C
:1035C000D9B20022684602AE04F022FA0122217D1F
:1035D000304604F01DFA00223DF812500021AB11D4
:1035E000002D45D036F81200002841D036F81100E1
:1035F00083EA9017FF063BD103F01F0323620028E4
:10360000D4D0092BD2DC15F4F04F23691C4E0CBF2B
:103610004FF080624FF0A06236F8331010F4F04F94
:1036200042F4803217480CBF4FF080654FF0A06520
:10363000FCF76EF86369134836F8331045F48035AB
:103640002A46FCF765F8A3695A1C0FD0E2690132DB
:103650000CD036F833100B482A46FCF759F8E369CA
:10366000084836F833102A46FCF752F801209EE746
:1036700001310329B4D10132032AADD196E700BF4D
:10368000C8E601008C4200202DE9F04104460E46B8
:103690001546F9F764FD01462046FFF781FF84F8DF
:1036A000A804002800F0BD8094F891145E4B226AB3
:1036B0006FF3010184F89114192143F82240A4F812
:1036C000921494F89034012184F895140F2103F09A
:1036D000E70384F89C144FF6FF7143F04003A4F80D
:1036E0009E14A1696FF3820384F8903404F5926705
:1036F0000023013184F8943484F89634C4F8987423
:1037000084F8A03405D0E16901311CBF082184F898
:10371000A01484F8702404F29442C4F88C2440F27B
:1037200013424FF6FF71954284F8A23484F8A33413
:10373000A4F8A414C4F88834C4F88034C4F87C34E1
:103740003ED02DD840F21142954248D040F212426C
:1037500095424AD0354BC4F8843404F58E6841460E
:103760002046FFF7FBFE94F8A834184084F8A8041C
:1037700001213B4640F6B8323046FAF753FD94F843
:10378000931429B93B4640F6B8323046FAF74AFD61
:1037900004F5886541462846FAF720FB78B3FEE732
:1037A00040F23242954225D040F2334295420FD04A
:1037B00040F231439D42CDD1022384F871340AE0B6
:1037C000022284F8712484F8723484F87334C1E7D7
:1037D000022284F8712484F872340123F5E702226E
:1037E00084F8712484F87224EFE7022284F87124AB
:1037F0000322F7E7022384F871340323EBE7394609
:103800002846FAF71FFA00B1FEE7C4F82402C4F80C
:103810002802C4F82C02C4F83004C4F83404C4F8F4
:103820003804BDE8F08100BF04340020F933010002
:1038300007B54FF0FF330093002201210248FFF744
:1038400051FE03B05DF804FB2C3400200148FEF764
:103850001BBD00BFD83800200148FEF751BE00BF95
:10386000D8380020F8B5094F054600240126AA6C77
:1038700006FA04F3134205D007EB440261B228466E
:10388000FEF74AF801341D2CF1D1F8BD1C39002097
:10389000837870B5044683B90E4D2A68AAB10388AF
:1038A0003BB90D48FFF7DEFF2B682078BDE870407C
:1038B0001847012BF8D10948F4E7012B05D00A2B52
:1038C00004D1074B1B68002BEFD170BD0B2BFCD133
:1038D000044BF7E71039002058390020B439002094
:1038E0001439002018390020F0B5044685B00028AE
:1038F00043D0002380F83230C1F38415836C012754
:1039000007FA05F21343836400F13001FEF7DCF897
:1039100004AE04F148012046FEF706F82046FDF704
:10392000EDFF06F8047D9DF80C30012B04D13146E3
:103930002046FDF7E9FFF6E70DF10E022946204685
:10394000FDF7EAFF0E4BBDF80E0093F83330052B60
:103950009CBF0C4AD2560C4B1B684FF0010101FA78
:1039600003F388BF00220093002301FA02F21946F4
:1039700000F004FA80B205B0F0BD4FF0FF30FAE776
:10398000583900201CE801001000002013B50A225D
:103990000C46C1B2684604F03BF8BDF800205AB1AD
:1039A000064B074902F4F040B0F5006F0CBF184613
:1039B0000846228002B010BD1046FAE7B439002054
:1039C00058390020F0B5012680F82560C0E90F23A2
:1039D000022600F12403002540F60C4780F82660FB
:1039E0000186DF26032143644FF4C05380F824503E
:1039F00080F8275080F8285080F8295080F82A60F5
:103A000080F82B60878580F8325080F8331080F87A
:103A1000345080F8355080F8366080F8376007877A
:103A2000C0E91255C0E91455A0F85850A0F85A3012
:103A3000F0BD10B50446406D10B1142104F080F8BB
:103A4000204610BD37B50D28044602A998BF0E3494
:103A5000002321F8023D2046FFF798FF074B05465B
:103A60004FF4004133F8340000F0E0FBBDF80610DD
:103A70002846FFF739FF03B030BD00BFC8E601009C
:103A8000042838B598BF104B104C98BF1D5CA36834
:103A900088BF002513B12046FEF736F90C4984F89B
:103AA00028500C4CA1F13000FEF70EF8A36813B1BA
:103AB0002046FEF729F9084984F82850A1F1300082
:103AC000BDE83840FEF700B822E801005839002070
:103AD00088390020B4390020E4390020FFFFFFFFBF
:103AE0002DE9F04D3C4B93F82830192B2DED028B2E
:103AF0006BD057D8012B62D0022B63D0374CD4ED5A
:103B0000007AF5EE407AF1EE10FA48D10020FFF786
:103B1000B7FF052000F09AFB0FF2B40BDBE900AB16
:103B20009FED2F8ADFF8C0800A251420FFF78AFF57
:103B300007EE900AF8EEE77A67EE887A17EE900AB9
:103B400004F066F952465B4604F0BAF9D8F8003042
:103B50000646012098400F4604F048F902460B46FD
:103B60003046394604F0D6FA064620680F4604F07F
:103B70004FF902460B463046394603F0EBFF04F09E
:103B800097FC013D07EE900A2060CED1F2EE046A68
:103B900087EEA67A052084ED007AFFF771FF94ED99
:103BA000000A08E01D2B04D01F2BA7D1B0EE040A99
:103BB00001E0B0EE000ABDEC028BBDE8F08D9FED98
:103BC000090AF8E79FED060AF5E7B7EE080AF2E7FB
:103BD000295C8FC2F5A8204058390020103A0020F7
:103BE0003D0AB73F0000C07F1000002030B5094BF0
:103BF00053F8144B00218C4207D053F8042F92F84D
:103C00002450A84202D00131F5E7002202F1080059
:103C100030BD00BF143A002038B50E4C0E4D0F4891
:103C2000002322461946FFF7CDFE002301210C4850
:103C3000FFF7C8FE28460024214640F8044B142212
:103C400005F059F85022214605F1180005F053F807
:103C500038BD00BF91380100143A002058390020C7
:103C6000B439002008B50448FFF7E3FE0348BDE877
:103C70000840FFF7DEBE00BFB439002058390020ED
:103C800010B5074B03604B6843600A7A0272044622
:103C90001AB10931093005F00AF8204610BD00BFFD
:103CA000B0E4010010B50B4C034600F52071002272
:103CB0001A72C3F80920C3F80D20C3E90042143377
:103CC0008B42F5D1C0F88022C0F88422C0F8882247
:103CD00010BD00BFB0E4010010B5D0F88832202B31
:103CE00004461CD0D0F8803214205843231899423F
:103CF00009D04A685A600A7A1A7222B10930093129
:103D0000204404F0D4FFD4F88032013303F01F03C1
:103D1000C4F88032D4F888320133C4F8883210BD38
:103D200030B5D1F8883287B004460D4653B9124AEF
:103D30000372C0E90023C0F80930C0F80D302046F6
:103D400007B030BDD1F88432142101FB035101A822
:103D5000FFF796FFD5F88432013303F01F03C5F84F
:103D60008432D5F88832013BC5F8883201A9204653
:103D7000FFF786FFE3E700BFB0E4010010B5029C47
:103D8000401AE41A6043521A90FBF2F0184410BD36
:103D90002DE9F04F027D012A85B005460F4640F01F
:103DA000978000214FF0FF3B04460B465E4694F897
:103DB00004C048B2BCF1000F7CD194F805C0BCF13E
:103DC000000F77D1B6F1FF3F1BBF01335BB2012378
:103DD0003046934201DD1A4683460131082904F139
:103DE000020465D1002402EB0B03A1460293CB45EC
:103DF00002DC029B4B4560DC6E7995F804A04FEA2B
:103E000026180AF00F035FFA88F25FEA2A1A019275
:103E100006F00F0677D05FFA8AF1BAF1090FCABF30
:103E20005731303149B23846039300F0D2F8039B42
:103E30000444092B8ABF03F1570103F1300149B251
:103E40003846039300F0C5F80444BAF1000F04D1DA
:103E5000039B13B9B8F1000F0DD0019BB8F1090F06
:103E6000D4BF03F1300803F157084FFA88F1384600
:103E700000F0AFF80444092E8ABF573606F130012E
:103E800071B2384600F0A5F8B9F1070F044404D028
:103E90003A21384600F09DF8044409F10109B9F1CE
:103EA000080F05F10205A2D1204605B0BDE8F08F4C
:103EB00006467CE74FF0FF308FE7CB45EDD1BBF1F5
:103EC000000FE5D13A21384600F083F80444DFE7DB
:103ED00000F1100600F11309002416F8011B0A2254
:103EE000384600F0B6F82E218046384600F071F8CA
:103EF000B14540440444F0D10A22E97C384600F040
:103F0000A8F80444D0E7002B93D1A3E710B5054BE4
:103F100003600446017510220021043004F0EBFE1A
:103F2000204610BD30E80100F8B50F461D460021BF
:103F3000084B03600446164601751022043004F055
:103F4000DAFE9DF8183027746674A574E374204671
:103F5000F8BD00BF30E8010007B501210648FFF7B2
:103F6000D5FF002300931A4619460448FFF7DCFFEB
:103F700003B05DF804FB00BF7C3A0020943A0020B7
:103F80002DE9F04106460D4601EB02080C4644457A
:103F9000A4EB050707D0336814F8011B1B683046F3
:103FA00098470028F3D13846BDE8F08170B5036822
:103FB000044608460D465E6805F08FFC2946024619
:103FC00033462046BDE87040184708B5F5F7ACF811
:103FD00008BD0368C9B21B681847FFFF0149FFF716
:103FE000E5BF00BF72D1010038B50546F5F79CF872
:103FF00004462846FFF7F2FF204438BD70B58AB06A
:104000000E460AA9002301F8043D012A98BF0A229E
:10401000B6FBF2F502FB1564E3B264B2092CD4BF1F
:10402000303337335BB22E4601F8013D002DEFD11E
:10403000F5F77AF80AB070BD10B42AB903685DF8D4
:10404000044B1B68C9B21847D2B25DF8044BFFF7A6
:10405000D5BFFFF7F1BFFFFF0F4B10494AF20252E5
:10406000A3F8FE230E4A11604FF42542A3F8FE2365
:1040700003F5E4231A886FF304121A80BFF34F8FFD
:104080000849094BCA6802F4E0621343CB60BFF3EE
:104090004F8F00BFFDE700BF00E00140358173078F
:1040A00000E5014000ED00E00400FA0573B50025CD
:1040B000044680F830500D2268460E4603F0A8FCF6
:1040C000BDF800306363C3F3841203F4F043B3F527
:1040D000006F84F838602574E5746574A57465759F
:1040E00022750CD004F11003A361064BE361064B6B
:1040F0002362064B6362064BA362064BE3622046D3
:1041000002B070BDD10D0100C90E0100590E0100B1
:10411000650E0100950E01000E210148FFF7C6BF94
:10412000AC3A0020042911D8DFE801F0030C0A039F
:104130000E000022064B33F830100020FBF7E8BADF
:104140001022F7E70422F5E78422F3E7704700BF67
:10415000C8E60100044B0A1C18BF012233F83010D6
:104160000020FBF76FBA00BFC8E60100EFF3108034
:10417000012383F31088064B196819B9054AD170D9
:104180004021D1701A6801321A6080F3108870479C
:1041900020330020000D0440704770470020704716
:1041A000194A002310B5938072B61849184A194865
:1041B0000A601958D1500433402BFAD1164C002311
:1041C00002F140011859C8500433802BFAD1134B27
:1041D0009A60BFF34F8F62B6FFF7C8FFF8F7CCFFC6
:1041E000FFF77EFC03F0CEFB4FF4E1310C4803F007
:1041F0009AF800F03DF8FFF7D0FFF3F763FCFFF704
:10420000CBFFF3F7C7F8FCE7000D0040E83A0020C9
:10421000007F0020004000004040000000ED00E072
:10422000CC41002008B5FFF7BBFFFFFF0A4601465F
:104230000148FBF76DBA00BF8C420020024A1368A8
:1042400001331360704700BF243B00200121FDF7BC
:104250008BBE704770B5054C2568064623685B1B0E
:10426000B34202D2FFF7F5FFF8E770BD243B002010
:1042700030B5164B164C196A164B87B001220393C2
:104280000323CDE901230025134B04951B68C1F3DB
:1042900002608340C1F30221CB4020464FF4FA5123
:1042A000B3FBF1F3294600932B46FDF7F9FF2A46AD
:1042B00008212046FEF740F92046FEF7A7F82046E1
:1042C00007B0BDE83040FEF7C8B800BF00E00140CD
:1042D000EC3A00203D420100B0330020014B186849
:1042E000704700BF243B00201C4A92F91E30002B6F
:1042F00030B50DDB5909012003F01F0300FA03F369
:104300002031174840F82130BFF34F8FBFF36F8F34
:10431000144B15491D680B889CB20B7A9B0604D57B
:104320001369B4EB530F88BF013592F91E100029B1
:1043300008DB0123480901F01F0103FA01F1084BD2
:1043400043F820101269531E1B1B4FF47A7043432D
:10435000B3FBF2F300FB053030BD00BFEC3A0020A8
:1043600000E100E0243B0020004008400148FDF748
:104370008BBF00BFEC3A00200148FEF7C1B800BF78
:10438000EC3A002070B500F110050446284601F013
:1043900033FA3F2815D9E178002001F0B9FC80B14B
:1043A000284601F029FA3F28E17807D904F50A7276
:1043B00040230020BDE8704001F0C6BC002001F0A1
:1043C000B5FC002070BDFFFF10B5044601F064FB92
:1043D00008B9002010BD01F067FB0028F9D1044B9B
:1043E0004FF42A7202FB0434207900F00100F1E757
:1043F000283B002008B5044A4FF42A7303FB002031
:10440000103001F0D1F908BD283B002070B54FF401
:104410002A730A4C58434FF6FE764FF6FF73251861
:10442000B24288BF1A46103092B2204401F005FA19
:1044300004462846FFF7A6FF204670BD283B002013
:10444000034A4FF42A7303FB0020103001F008BA2E
:10445000283B00202DE9F041054601F01DFB10B975
:104460000020BDE8F08101F01FFB07460028F7D1CE
:104470004FF42A746C43174D04F11C062E44304649
:1044800001F092F90028EBD005EB0408384698F8C3
:10449000021001F03DFC0028E2D004F51A74254416
:1044A00029464022304601F0C8F998F80210044627
:1044B00058B103462A46384601F046FC38B9064B47
:1044C0001B68DB07CCD500BECBE701F02FFC2046F4
:1044D000C7E700BF283B0020F0ED00E00E4B70B5B1
:1044E0004FF42A7404FB003405464FF6FF734FF671
:1044F000FE70824288BF1A461C3492B2204601F0F8
:10450000D6F90646204601F04FF93F2802D9284641
:10451000FFF7A0FF304670BD283B002008B5044AD5
:104520004FF42A7303FB00201C3001F065F908BD2D
:10453000283B002013B5134C4FF42A72002120466B
:1045400004F0D9FBFF2363714FF4E133A360082229
:104550000023A381A273009304F1280101234FF4E7
:10456000807204F1100001F008F9012300934FF468
:10457000807204F5947104F11C0001F0FEF802B0A1
:1045800010BD00BF283B002010B50A4C00210522B9
:10459000204604F0B0FB04F110001C3401F08DF94A
:1045A000204601F08AF920460121BDE8104001F0C3
:1045B00089B900BF283B0020F7B54B79022B07468D
:1045C00003D00024204603B0F0BD8B79022BF8D134
:1045D0001F4EB3787BBB8B7833700D7809240D4464
:1045E00003E02B781C44A4B21D446B78242B1BD110
:1045F0009442F6D96B78042B12D16B790A2B0FD128
:10460000144B2E7801930133009302231A46A91903
:10461000384601F049FB70B10E3416FA84F4A4B2A6
:104620000B48FFF7AFFECDE7052BE3D1294638460F
:1046300001F016FB28B9084B1B68DB07C1D500BE8B
:10464000BFE7AB7873702B781C44A4B21D44D1E74C
:10465000283B00202A3B0020F0ED00E038B50B4657
:104660001146127802F06002202A47D1244A8C8831
:104670001578A54242D14C78203C032C3ED8DFE887
:1046800004F002141731012B05D107231D4A01F054
:104690000DFF012038BD032BFBD11B4B002BF8D0A5
:1046A0001849002002F032FFF3E7012BF1D1ECE7CB
:1046B000012B02D101F0E2FEEBE7032BE9D14C889C
:1046C0001471E14301F00101104801F0FBF8104BB7
:1046D000002BDED0C4F3400204F00101002002F000
:1046E00001FFD6E7012BE5D0032BD2D1094B002BDC
:1046F000CFD049880020AFF30080CAE70020C9E787
:10470000283B0020303B00200D750100443B002079
:10471000E5740100000000002DE9F0471C46374B0E
:10472000DA788A4280460F461D4607D09B788B4236
:1047300059D1AB78BB4234D001245BE003F50A7158
:1047400003F11000A2B201F0B2F82D4B2BB92D4BA2
:10475000FBB92A48FFF716FEEBE795F90530013360
:10476000F5D005F2272606EB0409A6F2172A4E45D6
:10477000EDD095F9052016F8013F9A42F7D1504641
:1047800001F022F80028F2D195F90510AFF300806E
:10479000EDE71D4801F018F80028DAD1AFF30080EA
:1047A000D7E71A4B13B10020AFF300800020FFF7CA
:1047B00051FE0028C0D1164800F0F6FF0028BBD1FA
:1047C000002CB9D014F03F06B6D1A978404601F0CC
:1047D0009FFA04460028AFD033463246A9784046B7
:1047E00001F0B2FA06E00B4B1C6814F0010401D092
:1047F00000BE00242046BDE8F08700BF283B002013
:104800000000000000000000383B00200000000015
:10481000443B0020F0ED00E0704770478B79012B9E
:104820000AD1CB79012B07D10B78CA185278212AEB
:1048300004D1C85C093070470020704709207047D8
:10484000012973B5064614462AD1137803F01F05D3
:10485000012D11D113F0600308D152780B2A0BD12E
:10486000214601F00BFE284602B070BD202B03D17B
:1048700053781BB1032B07D00025F4E7114601F054
:10488000FDFD02F0F9FDEEE706220021684604F086
:1048900032FA06236A462146304601F007FEE2E777
:1048A0000125E0E78C220021014804F024BA00BF72
:1048B000D03D00200020FFF7F5BFFFFF2DE9F743B3
:1048C0000E4607467379032B114604D00024204678
:1048D00003B0BDE8F0833279C2EBC2041234A4B253
:1048E0008C4205D9234B1B68DA07EFD500BEEDE7F4
:1048F000214D95F801E0A846BEF1000FF2D196F8DF
:1049000000C006EB0C0191F80190B9F1210FE9D13B
:10491000C5F8881016F80CC005F1010E0235CDF867
:1049200004E00095614401F0BFF90028DAD0B379C2
:1049300098F80210012B04BFF37988F803300123A3
:1049400088F80430B37888F80030D8F88830B3F8A5
:104950000730A8F806300029B9D04023074A384666
:1049600001F0F2F90028B2D1024B1B68DB07AED58B
:1049700000BEACE7F0ED00E0D03D0020183E002086
:1049800013782DE9F341154603F01F02012A06466C
:104990000C4601D000246DE0DFF8C081AA8898F8A9
:1049A0000010D2B291424746F4D113F060031FD0F9
:1049B000202BEFD16B78013B0A2BEBD801A252F8E8
:1049C00023F000BF374A0100FF4A01000B4B0100F2
:1049D000954901009549010095490100954901005B
:1049E00095490100914A0100DB4A0100174B010083
:1049F000012C01D001243DE06A78062ACAD16A88D8
:104A0000120A212A0AD1D8F88820002AC2D01378A5
:104A1000294602B0BDE8F04101F048BD222AB9D1D3
:104A2000184602F0D7FDB8F806300246294630464F
:104A300001F03CFD1EE0012CDCD1EB886988402BA5
:104A40004FEA1122184628BF402011F0FF0115D06F
:104A5000012B13D90138384B397280B200900020F5
:104A600002F0D2FF0444A4B25CB9344B1B68DB07EC
:104A700090D500BE204602B0BDE8F0810024304B46
:104A8000ECE723462E4A2946304601F00FFDB1E7F8
:104A9000012C05D1EB88402B3FF67CAF294AC5E7B6
:104AA000032CA7D1EB886988402B4FEA11221846C6
:104AB00028BF402011F0FF010DD0012B0BD997F832
:104AC00048308B4207D101381F4B80B20090002044
:104AD00002F09CFF8EE71B4BF8E7012C8AD1698816
:104AE0001A4B090A79712BB10020AFF3008000281E
:104AF0003FF450AF2946304601F0C0FC7AE7012C64
:104B00007FF478AF2346124A90E7012C7FF472AF0E
:104B10002346104A8AE7012CECD0032C7FF46AAFBD
:104B200069880D4BC9B23971002B3FF463AF002087
:104B3000AFF300805EE700BFD93D0020F0ED00E05C
:104B4000D83D0020183E0020193E00200000000043
:104B5000D53D0020D43D002000000000D03D0020C5
:104B600037B51A4CA2788A420546607813D088423D
:104B70000AD1174A12B9012003B030BD9AB21549C3
:104B80000020AFF30080F6E7134B1B68DB0700D56E
:104B900000BE0020F0E79042EBD000229BB211460D
:104BA0001046009304F1480302F030FF402304F163
:104BB0004802A178284601F0C7F80028DBD1064B4F
:104BC0001B68DA07E5D500BED6E700BFD03D002060
:104BD00000000000D83D0020F0ED00E0034B43F65C
:104BE00002229A87002283F83E2070475C40002012
:104BF00030B4104B022483F82C109A6B996883F818
:104C0000304093F83C408A1A9A6224B942F2050572
:104C10009D8783F83E4051B14AB11A7BD20914BF37
:104C200093F82E1093F82F1030BC01F0CDB830BCA3
:104C3000704700BF5C40002038B5144B144C05464B
:104C400073B1607BAFF3008050B942F2077384F810
:104C50003E00A38728460121BDE83840FFF7C8BFC2
:104C6000A26BA36894F82F109B1AB3F5007F28BF9E
:104C70004FF400739BB2074A284601F065F820B94B
:104C8000054B1B68DB0700D500BE38BD00000000E7
:104C90005C4000205C3E0020F0ED00E0F0B5254CCB
:104CA000E28AA36852BA92B287B0054612B1B3FB4A
:104CB000F2F292B2A66BD4F81110B6FBF2F79B1B7E
:104CC000B3F5007F28BF4FF4007309BA0093607BEF
:104CD000194B02FB17623944F1F728FB031E07DA70
:104CE000FFF77CFF01212846FFF782FF07B0F0BDE8
:104CF00094F82E1010D1CDF80E3007228DF8101038
:104D000003A81946ADF812308DF80C508DF80D201F
:104D1000059300F021FFE9E79BB2074A284601F01E
:104D200013F80028E2D1054B1B68DB07DED500BE77
:104D3000DCE700BF5C4000205C3E0020F0ED00E0BE
:104D4000C38A82685BBA9BB222B9002B0CBF0020D9
:104D500002207047C17B282904D1017BC90906D1F3
:104D6000022070472A2902D1017BC909F8D133B149
:104D7000B2FBF3F3002B14BF002002207047012088
:104D80007047FFFF40220021014803F0B4BF00BF7D
:104D90005C40002040220021014803F0ACBF00BF6E
:104DA0005C40002073B54B79082B054602D00020EB
:104DB00002B070BD8B79062BF9D1CB79502BF6D18F
:104DC000162A05D8174B1B68D907F0D500BEEEE7A9
:104DD000154C8B7884F82D3004F12E030E78019356
:104DE00004F12F03009302231A46314400F05CFFC4
:104DF00028B90C4B1B68DA07D9D500BED8E70023C9
:104E000084F8303022461F2394F82F10284600F0F3
:104E10009BFF20B9034B1B68DB0700D500BE1720A2
:104E2000C6E700BFF0ED00E05C4000200129F7B5C7
:104E30000646154601D001202EE0137803F07F02CC
:104E4000022A45D16C78012C42D16A88002A3FD1D0
:104E50003B4AAB8892F83070042FDBB2154603D181
:104E6000194600F0B1FFE6E792F82E10994215D1ED
:104E7000022FE0D19368946B1B1B9362032382F88B
:104E800030300D23203200F05FFF0028D3D12D4BAE
:104E90001B68DB0751D500BE03B0F0BD92F82F4070
:104EA0009C42C8D1002FC6D1214600F07FFF0028C8
:104EB000C1D12146304601F0A9FA0028BBD1002318
:104EC00085F830301E4A95F82F101F233046DAE758
:104ED00003F06003202B30D16B78FE2B13D0FF2B17
:104EE0002BD16B884BBBE9888AB232BB144B30465E
:104EF0009987C3E90D2283F83E20294683F83020A4
:104F000001F0BCFA97E76B88BBB9EB88012B14D191
:104F10008DF807300C4B1BB1AFF300808DF8070004
:104F20009DF807304BB102AA013B02F8013D29462A
:104F30000123304601F0BAFA7DE70020ACE700BF5C
:104F40005C400020F0ED00E0000000002DE9F041A1
:104F5000A64C94F83080B8F1010F8EB005461E467D
:104F600000F096811CD3B8F1030F00F0038294F88F
:104F70003030022B18D194F82E10284601F046FA52
:104F800090B9A368A26B94F82E10934240F21B8252
:104F9000207BC00900F01782284600F015FF03E0CF
:104FA00094F82F308B4201D0012013E01F2E03D143
:104FB00022688F4B9A4210D0042394F82E1084F864
:104FC0003030284600F000FF94F82F10284600F0FB
:104FD000FBFE00200EB0BDE8F081864B2362A7687F
:104FE0006368E67B63620023A36284F82C30C4E923
:104FF0000D7306F0FD030122282B84F8302012D116
:105000002046FFF79DFE014618B12846FFF7F0FD48
:10501000ADE7002F00F03681282E40F08A81284627
:10502000FFF73CFEA3E79FB1237BDB0910D1B7F567
:10503000007F01D90121E8E76F4ABBB200F084FE8E
:10504000002894D16D4B1B68DA07C2D500BEC1E7BA
:105050001A2E677B00F0A38012D8032E00F0D480B4
:10506000122E70D07EBB3846F1F742F9002840F08E
:10507000058194F83C30002BDCD1FFF7AFFD22E036
:10508000232E3DD0252E0FD01B2E1CD15C4B002B88
:1050900000F0F480E17C3846C1F3400301F00102E6
:1050A0000909F1F741F9E1E70DF10E0204A93846CB
:1050B000F1F730F9049B13B1BDF80E2042B994F812
:1050C0003C30002BD9D094F83C30002BB2D1C9E051
:1050D00012BA013B1BBA069205A90822464805935D
:1050E00003F0E5FD0820A368002BA3D0834228BF6E
:1050F0000346414A94F82E1063639BB228469DE70D
:105100000023CDE90533079308238DF817300DF1FF
:105110000E02022304A938468DF81C30F1F7FAF884
:10512000049A002ACBD0BDF80E30002BC7D012BA9B
:1051300006925BBA0C2205A92F48ADF81E3003F089
:10514000B6FD0C20CFE72422002105A803F0D3FDF3
:1051500080238DF8153002238DF816308DF8173026
:1051600008221F23202107A88DF8183003F0C3FD63
:105170001022202109A803F0BEFD042220210DA841
:1051800003F0B9FD0DAB09AA07A93846F1F796F867
:10519000242205A9184803F08AFD2420A3E703234D
:1051A0008DF814309DF81630002203F0800362F36E
:1051B000C7138DF81630134B8DF815208DF8172076
:1051C0008BB13846AFF300809DF8163080F00100B7
:1051D00060F3C713042205A907488DF8163003F0C1
:1051E00066FD04207FE70120EEE700BF5C40002061
:1051F00055534243555342535C3E0020F0ED00E0CE
:1052000029630000000000001222002105A803F01D
:1052100072FDF02394F83C208DF814300A238DF8A9
:105220001B304FF0000362F303038DF8163094F83F
:105230003D308DF82030122294F83E3069488DF8C8
:10524000213005A903F033FD674BFBB14FF4007229
:1052500064493846AFF3008000239842A38784F85E
:105260003E3008DAA38E5F4A6049607BF1F796F81A
:105270000028FFF6DFAE00287FF435AFA368002BCF
:105280007FF4D8AE022384F8303070E61220E3E7D2
:10529000E37BA76B282B05D1636B3E449E42A6633C
:1052A000F0D2BCE62A2B48D1E28A52BA92B21AB1A5
:1052B000A368B3FBF2F292B2D4F81110DFF82481A4
:1052C000B7FBF2FC09BA6144607B0096434602FBDF
:1052D0001C72F1F747F8011E05DAA26B1644A663AB
:1052E000FFF77CFCA6E68E421DD9761A41B1A36B6E
:1052F000324613FA81F340464144A36303F0E2FCD3
:10530000002194F82F30CDF81610072205A8ADF82B
:105310001A108DF814508DF815208DF81830079656
:1053200000F01AFC23E6A26B636B16449E42A66350
:10533000A8D22846FFF780FC19E6237B3E44DB0910
:10534000A6630CD1A38E274A607B04F10F01F1F70D
:1053500025F8002803DA41462846FFF749FCD4E93E
:105360000D329A428ED2224B1B68DB077FF5FFADD0
:1053700000BEFCE594F82E308B427FF415AE0D2E66
:105380007FF412AEE37B282B09D02A2B14D0194BC3
:1053900053B104F10F01607BAFF3008004E0164BC2
:1053A00013B1607BAFF30080002384F83030134AE0
:1053B00094F82F101F23A1E6114B002BF4D0607B33
:1053C000AFF30080F0E79B1AA362032384F8303028
:1053D0000C4A0D23284600F0B7FC00283FF432AEFB
:1053E000E2E500BF5C3E0020000000006B400020B2
:1053F000F0ED00E000000000000000005C40002034
:10540000000000007C4000200A4492B291424FEA22
:10541000400001D8824201DB121A92B21046704756
:1054200038B50D46D41A8188A4B29A423CBF04EB29
:105430004104A4B2BCB1A14205D2914294BF531A17
:105440008B189BB2438199420AD9C2880168C2F382
:105450000E0202FB0311284603F029FC012038BD8F
:105460005B1A9BB2EFE72046F9E7F7B504469008D0
:1054700003460D464FF6FF76013B9BB2B3420ED179
:1054800012F0030201EB800107D002A8002340F8CC
:10549000043D03F00CFC019B236003B0F0BD55F804
:1054A000047B2760E8E72DE9F3470F46BDF8281095
:1054B00084885E1AB6B28B423CBF06EB4406B6B295
:1054C00080466EB3B44206D29C4294BF191BE118C9
:1054D00089B241812646964228BF16468C4223D97E
:1054E000B8F80630D8F80050C3F30E03641A9AB225
:1054F000A4B202FB01559DF82C10A6EB040914FB85
:1055000003FA19FB03F901291FFA8AFA1FFA89F92C
:1055100018D0A6420BD872432946384603F0C7FB81
:10552000304602B0BDE8F087091B89B2D6E7524683
:105530002946384603F0BBFB4A46D8F8001007EB73
:105540000A00EBE7A64207D816FB03F292B22946FF
:105550003846FFF78AFFE3E72AF00304A4B22246A5
:1055600029463846FFF781FF1AF0030A28D0CAF10E
:1055700004039BB24B4505EB040102AC28BF4B462C
:105580000020A9EB030944F8040D1FFA89F90A5C0D
:105590000255421C92450CD1D8F8001020440B440F
:1055A000994208D1019B3B60B9F1000FB8D04A463F
:1055B000CEE71046EBE711F8012B00F8012FEFE7DB
:1055C000D8F80010F0E7F7B59408234605464FF6E3
:1055D000FF76013B9BB2B3420CD112F0030200EB09
:1055E000840005D00B6802A941F8043D03F05FFB7D
:1055F00003B0F0BD0F6845F8047BEAE72DE9F74FEB
:105600001446C2790589B0F804800F4641899B464B
:10561000D3090646ADB289B215D18D4236BFC1EB72
:105620004801691A491989B2414536BFA8EB010101
:10563000002189B28C4228BF0C46002C50D1204654
:1056400003B0BDE8F08F44450CD3BBF1000F06D189
:10565000C288A4EB0804C2F30E0202FB04770D46D5
:105660004446EAE78D424FEA480036BF421A6A1ABA
:10567000521992B222448242DFDBA8EB040292B2BA
:105680004046FFF7C1FE0546D7E7ACEB080C1FFA12
:105690008CFCC445F9D2A8EB0C01F088336889B2C0
:1056A000C0F30E00A4EB010982B211FB00FA19FB52
:1056B00000F9BBF1010F1FFA8AFA1FFA89F902FB00
:1056C0000C3819D08C420DD862433946404603F05D
:1056D000EEFA22462946B088FFF796FE3081AEE703
:1056E000AC46D6E752463946404603F0E0FA4A4611
:1056F00007EB0A013068EAE78C4207D814FB00F296
:1057000092B239464046FFF75EFFE2E72AF0030B0C
:105710001FFA8BFB5A4639464046FFF754FF1AF0F2
:10572000030A28D0CAF1040080B2484502AB28BF62
:1057300048463A6843F8042DA9EB0009D8441FFAFB
:1057400089F90021CA5C08F8012001318A45F9D1A4
:105750009A4433680AEB00015A1E514506D1184499
:10576000B9F1000FB5D04A463946CCE71AF801CB5B
:1057700002F801CFF1E73068F2E7B2F5004F11D837
:105780008280C288016063F30E029DF80030C280FF
:10579000C2F3072263F3C71200234381C27103815E
:1057A00001207047002070470389428981889BB29D
:1057B00092B2934236BFC2EB41029B1A9B1898B239
:1057C000884228BF08467047028943899BB29B1ACA
:1057D00058425841704703894289818892B29BB2EE
:1057E000934236BFC2EB41029B1A9B189BB299426F
:1057F0008CBF0020012070478288038940899BB2BA
:1058000080B2834236BFC0EB4200181AC01880B283
:10581000824286BF101A80B20020704710B50289FC
:1058200043890446FFF7FCFD6189034682B2A088E4
:10583000FFF7EAFD6081184610BD73B503894589FD
:105840000026CDE900560446FFF72DFE6189034688
:105850000246A088FFF7D8FD6081184602B070BDEF
:1058600002894389FFF7DCBD70B5058904460E4601
:10587000ADB2FFF7B0FF10B1E079C00913D0A28834
:105880002B469A4210D9E2882068C2F30E0202FB2E
:105890000300314603F00BFA01222946A088FFF7E6
:1058A000B3FD2081012070BD9B1A9BB2E9E712B1C4
:1058B0000023FFF7A3BE10467047002343810381F6
:1058C00001207047C37961F3C713C371012070478A
:1058D00008B5034600890A4601469888FFF794FDFB
:1058E000188108BD08B5034640890A4601469888D4
:1058F000FFF78AFD588108BD70B505894389848802
:10590000ADB29BB29D4236BFC3EB4402EA1A5219B4
:1059100092B2944206D2AC4294BF2B1B63199BB245
:10592000438122462AB9C1E900228A6070BD2D1B3D
:10593000ADB2AC42FBD99C420AD90068AB4200EB45
:1059400003064E6007D200230A804B808B60EDE790
:105950001B1B9BB2EFE7E31A9BB2D21A0B804A8063
:105960008860E3E770B502894489858892B2A4B261
:10597000A24236BFC4EB4503131B9B189BB29D424A
:1059800002D9EB1A9BB233B90023C1E900338B6013
:1059900070BD521B92B29542FBD9A5420AD900684C
:1059A000944200EB02064E6007D9A21A00230A8037
:1059B0004B80ECE7641BA4B2EFE7AA1A92B29B1AE1
:1059C0000A804B808860E3E70A4B1B78834206D944
:1059D000094B1B6800EB400003EBC0007047DA1C6A
:1059E0008242A1BFC01A054B182202FB0030B8BF8B
:1059F00000207047A04000209C40002034E80100B7
:105A000070B5134D064600242B78E0B20333834271
:105A100010DA3B2200210F4803F06DF91022FF211C
:105A20000D4803F068F91422FF210C48BDE87040CE
:105A300003F061B9FFF7C8FF013428B9084B1B68B0
:105A4000DB0700D500BE70BD436830469847DBE7F2
:105A5000A0400020A1400020A4400020B44000202D
:105A6000F0ED00E070B50C4605461646086800F0FB
:105A70005DFD2368324628460121BDE87040184785
:105A8000044B1B7810B1184600F07EBF184600F09A
:105A900091BF00BF24000020024B5878003018BF8F
:105AA00001207047A1400020024B1878C0F380000D
:105AB000704700BFA1400020024B1878FF3818BF84
:105AC0000120704724000020F8B51B4E3278FF2AD1
:105AD00005461FD1194C1A483B22002103F00BF94F
:105AE000201DFFF7EAFE174B1C60174B23B1174828
:105AF000AFF30080164B1860144F00243B78E0B2DF
:105B00000333834208DA2846357000F079FF2846CF
:105B100000F03AFF012009E0FFF756FF013430B9E9
:105B20000C4B1B6813F0010304D000BEF8BD0368E2
:105B30009847E3E71846F9E7240000201400002006
:105B4000A1400020DC40002000000000A040002018
:105B50009C400020F0ED00E0F0B54378023B85B0BA
:105B600005460C46032B12D8DFE803F0026F242C05
:105B7000374B1A786FF300021A701A7800216FF30E
:105B800041021A7059701A7861F382021A70314B0F
:105B90001E6814B93368204698472946301DFFF720
:105BA00063FE054614B9336801209847002D46D09E
:105BB00005B0F0BD264B1A78D607F9D51A7842F011
:105BC0000402E3E7224A1378D807F1D513786FF37C
:105BD00082031370DBE7FFF7F7FE20B1436913B1CF
:105BE00069682878984701363B78F0B203338342DE
:105BF000F1DA174A13785907DAD513786FF382036D
:105C000013700023CDF80630CDF80A30ADF80E3011
:105C10002B788DF8043005238DF805300D4B1D6869
:105C200014B92B682046984701A9281DFFF71CFED0
:105C3000064614B92B6801209847002EB8D1064BB0
:105C40001B68DB07B4D500BEB2E70026034FCBE7E5
:105C5000A1400020DC400020F0ED00E0A04000204A
:105C600038B58B7803F07F03092B0C4606D90B4B14
:105C70001B68DB0700D500BE002038BD084B1D782F
:105C8000084B2046997801F009FB0028EFD0214607
:105C90002846BDE8384000F001BF00BFF0ED00E04D
:105CA00024000020A14000202DE9F047DDE908563E
:105CB00080460C4691469A460027B94501DC0120F2
:105CC0000CE06378052B04D1E17801F00301514524
:105CD00008D00E4B1B68DA0702D40020BDE8F0871D
:105CE00000BEFAE721464046FFF7BAFF28B9074B46
:105CF0001B68DB07F1D500BEF0E7A178CB0914BF24
:105D000031702970237801371C44D6E7F0ED00E0AC
:105D1000CB0901F07F00273303EB40030248002149
:105D2000184401F093BA00BFA1400020CB0901F054
:105D30007F00273303EB400302480021184401F0A1
:105D40009CBA00BFA140002038B5154C01F07F057A
:105D500004EB450404EBD1142034E079C00707D5E7
:105D6000104B1B68DA0701D4002038BD00BEFBE7EA
:105D7000E5790D4845F001050078E57100F074FF04
:105D80000028F2D1E37960F30003E371E37960F373
:105D90008203E371034B1B68DB07E5D500BEE4E734
:105DA000A1400020F0ED00E024000020054B01F0B0
:105DB0007F0203EB420303EBD11191F8270000F0BF
:105DC00001007047A140002010B50C4C01F07F028B
:105DD00004EB420404EBD1142034E3799B070BD489
:105DE000074B187800F064FFE37943F00203E37196
:105DF000E37943F00103E37110BD00BFA14000202F
:105E00002400002010B50C4C01F07F0204EB42048A
:105E100004EBD1142034E3799B070BD5074B18789A
:105E200000F072FFE3796FF34103E371E3796FF3FD
:105E30000003E37110BD00BFA1400020240000203A
:105E40002DE9F04FBA4B1B78FF2B89B000F09982F7
:105E5000B84B1D682C46002054F8043B9847204658
:105E600005A9FFF7DBFC2B68044601209847002CAE
:105E700000F087829DF81530013B072B00F2AE82BF
:105E8000DFE813F008001300AC028A0299021F0039
:105E90005802A5029DF81400FFF7B2FD00F03EFB8A
:105EA000A54B9DF818209A70D2E79DF81400FFF7D3
:105EB000A7FD00F033FBA14B002BC9D0AFF300804E
:105EC000C6E79D4C9DF81450237843F001032370DE
:105ED00094F827306FF3000384F8273094F82730C4
:105EE0006FF3820384F8273094F828306FF30003AF
:105EF00084F8283094F828306FF3820384F828302F
:105F0000002000F013FB9DF8187007F06008B8F14E
:105F1000600F0FD18A4B1B68DC0700D500BE9DF8CF
:105F20001400002100F0C4FE80219DF8140000F050
:105F3000BFFE8DE7B8F1400F0DD182480028EED0AA
:105F400000F0F4FA06AA01212846AFF300800028E9
:105F50007FF47EAFE3E707F01F07012F00F0938186
:105F600019D3022FD6D19DF81C1001F07F06092EFF
:105F7000D0D804EB460606EBD116F07CFFF724FDE3
:105F80008146B8F1000F00F0AA810028C7D006AA08
:105F900000F10C010FE0B8F1200F10D19DF81C307A
:105FA0000F2BBCD81C44E078FFF70EFD0028B6D0BC
:105FB00006AA00F10C012846FFF754FDC7E7B8F127
:105FC000000FA7D19DF81930092BA3D801A252F8D0
:105FD00023F000BF6F6201005D620100155F0100E8
:105FE00049620100155F0100FD5F01008961010048
:105FF000155F0100176001002B60010006A800F08A
:106000009BFA9DF81A10284600F0EEFC237843F026
:10601000020323701CE708AA637802F80E3D0123EF
:1060200006A9284600F042FA12E79DF81A90637814
:10603000994531D063783BB1284600F0FBFDA67846
:106040002846FFF7DDFCA670B9F1000F00F096803E
:1060500009F1FF30C0B201F0CBFA10B14378022B46
:1060600006D0374B1B68DF077FF554AF00BE51E702
:10607000C2792378511161F30413921162F345132D
:1060800023704388C31800F109060293029BB342B0
:1060900009D82D4B002B6ED184F8019006A9284613
:1060A00000F0ECF9D4E673780B2B03BF337896F845
:1060B0000380F6184FF001087378042BD1D1029BAE
:1060C0009B1B9BB2039300230193204B9DF804700C
:1060D0001B780333BB4225DB3846FFF775FC83464C
:1060E0000028BED08368039A31462846984708287E
:1060F00082463DD9039B83423AD3B8F1010F06D1C2
:10610000DBF80820124B9A4208BF4FF00208002229
:10611000D3B2434520D331463B4652460D4801F0A9
:10612000EDF85644094B1B7803339F42AEDD98E7E8
:1061300024000020DC400020A140002000000000DE
:10614000F0ED00E00000000000000000A040002092
:10615000B9450100B4400020B1780B44A34951FA7D
:1061600083F30132D978FF297FF47BAFDF70CFE76B
:10617000019B0133A8E7AFF300808DE79C4B002B18
:106180008AD0AFF3008087E7BDF81A00030A5A1ED1
:10619000C0B20E2A3FF6C3AE01A151F822F000BFF3
:1061A000DD61010007620100276201001F5F01003D
:1061B0001F5F01003B620100076201001F5F0100D9
:1061C0001F5F01001F5F01001F5F01001F5F0100D3
:1061D0001F5F01001F5F0100E761010001F0F2F99C
:1061E000122302460AE0834B002B3FF498AEAFF334
:1061F0000080024600283FF48DAE438806A9284659
:1062000000F054F9A3E6022B06D101F0F1F90028C1
:106210003FF480AE4388E4E7774B002B3FF47FAE3A
:10622000AFF30080F3E7BDF81C1001F05FFB0246FE
:1062300000283FF474AE0378E0E7704B002B3FF486
:106240006EAEAFF30080F2E7BDF81A30012B7FF499
:1062500066AE237843F0080323701FE7BDF81A30B9
:10626000012B7FF45CAE23786FF3C303F4E723784C
:10627000C3F340129B0803F00203134308AA22F859
:106280000E3D0223CCE69DF81C300F2B3FF647AEA7
:106290001C44E078FFF798FB00283FF440AE00F183
:1062A0000C0106AA2846FFF7DDFB00287FF4D0ADDD
:1062B0009DF8183013F060047FF431AE9DF819306A
:1062C0000A3B012B3FF62BAE00F030F99DF8193058
:1062D0000A2B7FF4E3AE08AA02F80E4D9FE69DF864
:1062E0001930012B03D01DD3032B7FF413AEBDF85F
:1062F0001A2022B9012B284619D1FFF783FDB9F1E5
:10630000000F3FF4A5AD06AA09F10C012846FFF7DE
:10631000A9FB002000F00AF994F82830DE073FF5C9
:1063200097ADBBE696F82730C3F34003A6E7FFF727
:106330004BFDE4E79DF818102C4B01F07F0403EBB4
:10634000440303EBD11393F827006FF3000083F8A5
:10635000270093F827006FF3820083F827003CB9E9
:10636000079B9DF819209DF8140000F0F1F86FE5E7
:10637000D87CFFF729FB38B9214B1B68D80700D51B
:1063800000BE09B0BDE8F08F0469079B9DF8192095
:106390009DF81400A0475BE5144B1A78D1077FF5F0
:1063A00057AD184A002A3FF453AD1878C0F3C00027
:1063B000AFF300804CE50D4B1B78DA077FF548AD55
:1063C000114B002B3FF444ADAFF3008040E5069B3A
:1063D000002B3FF43DAD0798984739E5084B1B6803
:1063E000DB077FF535AD00BE32E500BFA1400020E0
:1063F000000000000000000000000000000000009D
:10640000F0ED00E00000000000000000054B01F08E
:106410007F0203EB420303EBD11191F82700C0F395
:1064200040007047A1400020124B9989DA8970B56D
:106430008C1AA4B2054693F90000402C28BF4024D2
:10644000002809DA914212D099680B48224602F0DE
:106450002EFC8021084A04E091424FF00001F9D15E
:10646000002223462846BDE87040FFF76DBC80211E
:10647000F6E700BFE0400020F440002030B40A4CB2
:1064800005460A4608684968234603C30023C4E951
:10649000023392F900209A4228461A46ACBF802166
:1064A000194630BCFFF750BCE0400020F8B5194D4C
:1064B0000C46074608684968AA602E4603C60021B4
:1064C000E981E1888B4228BF0B46AB8179B143B1AA
:1064D0003AB9114B1B68DA0701D40020F8BD00BEA1
:1064E000FBE73846FFF7A0FF68B10120F6E794F913
:1064F0000030002B0A460B463846ACBF80210021F5
:10650000FFF722FCF0E7044B1B68DB07E5D500BE74
:10651000E4E700BFE0400020F0ED00E0142200219D
:10652000014802F0E8BB00BFE0400020014B1861C9
:10653000704700BFE04000200146044A00684968F7
:10654000134603C30023C2E902337047E040002032
:1065500070B52F4C1E462378C909B1EBD31F0546F1
:1065600016D03EB12B4B1B68DA0701D4002070BD5A
:1065700000BEFBE7284B13B12146AFF3008023692F
:106580000BB90120F3E7224A032128469847F8E790
:1065900094F90030002B06DBA0680028E6D03246D4
:1065A0001E4902F084FBA368E28933443244A360AD
:1065B000E38892B29342E28101D03F2E24D823692E
:1065C0009BB994F90030002B4FF000031A46ACBF82
:1065D000802119462846FFF7B7FB0028D1D10D4B83
:1065E0001B68DB07C2D500BEC1E70221084A284666
:1065F000984701460028E4D1284600F059FB802145
:10660000284600F055FBBCE72846FFF70DFFE4E7FE
:10661000E0400020F0ED00E000000000F440002029
:1066200030B503468518EC1A012C09D854086FF0D0
:10663000010303FB042212B110F814300B7030BDBB
:1066400033F8024B0C80EEE7F0B585B00F4601A998
:1066500015460646FFF750F9BDF804400298AC42D3
:1066600028BF2C462D1B22463946ADB2FFF7D8FF76
:1066700055B1BDF8063003989D4228BF1D462A46F5
:10668000FFF7CEFF2C44A4B221463046FFF72AF98B
:1066900005B0F0BD2DE9F843174BDC8881461F4655
:1066A00034B91C705C709C70DC700120BDE8F8830C
:1066B000B0F85E8008F07F084445254628BF45466F
:1066C0004DB11E685B7ADB0700F114012A463046A3
:1066D0000DD5FFF7B9FF454538BF4FF40043A4EB94
:1066E000050438BFA9F82230FC800020DEE72E44E4
:1066F000FFF796FF3E60EEE73441002070B5044698
:10670000BDF81050FAB14FF484602084208C8606C6
:10671000FCD51748467A858061F300064672C5802D
:10672000EDB10360BAB1B4F86030DB0B03D0B4F85C
:1067300054301B060CD40F4B186810F0010001D028
:1067400000BE002070BD0284208C8006FCD4E0E7EF
:106750002046FFF79FFF0120A4F86000F2E7052321
:10676000057045708570C570A4F860300120E9E7B8
:1067700034410020F0ED00E02DE9F84F314E0C23BC
:1067800003FB01630546B3F806800C46B8F1000F21
:1067900017D131B101F1370235F812305904FBD469
:1067A00004E0294B1B68D80700D500BE0C235C43CE
:1067B000321900233355012053709370D370BDE814
:1067C000F88F8BB243F480620285A0F86430B0F891
:1067D0006CA01FFA8AFA2B8D03F00F039C42FAD1AA
:1067E0006B8D9A04FCD5D045474628BF574687B1E4
:1067F0004FF00C0B0BFB04FB06EB0B0305F1180130
:1068000053F8089B5B78DB073A46484613D5FFF7F9
:106810001BFF57453CBF4FF400436B8500232B857E
:10682000288D10F00F00FBD10C2303FB0464A8EBB0
:106830000707E780C3E7B944FFF7F2FE46F80B907D
:10684000E7E700BF34410020F0ED00E02DE9F84318
:10685000DFF8D4C0BDF82050D7098E4602F07F0281
:106860000CEB07110A44044692F8781041B92D4BFD
:10687000186810F0010001D000BE0846BDE8F8839A
:106880000C224A430CEB02064CF8023096F80990B1
:10689000B5806EF3000986F80990F580BFB11DB18F
:1068A000FFF76AFF0120E9E78BB20385238D03F030
:1068B0000F039942FAD1638D9E04FCD54FF4004337
:1068C000638500232385238D1D07FCD1EAE74B1E3A
:1068D000042BE7D801F1230610EB8603E2D08AB23D
:1068E00000EB4101A0F86420B0F86C20B1F86E0014
:1068F000800718BFA1F86E7014F82600002004F875
:10690000260092B25878154401205870013D95FB3D
:10691000F2F55D805A7842F002025A70A1F86E00DA
:10692000ACE700BFF0ED00E0344100207FB50E463B
:1069300001A914460546FFF715F8BDF80410029AA0
:10694000A14228BF21460B4613F1FF3313D2641A2C
:10695000A4B25CB1BDF80620944228BF1446039A45
:10696000234613F1FF330AD2214489B22846FEF7A9
:10697000AFFF04B070BD307802F8010BE4E7307867
:1069800002F8010BEDE7FFFF084B03EBC000426884
:1069900053B2002B08DB012102F01F0201FA02F2C0
:1069A0005B09034941F82320704700BF28000020FD
:1069B00000E100E00A4B03EBC000426853B2002B39
:1069C0000DDB01215B0902F01F0201FA02F2203304
:1069D000044941F82320BFF34F8FBFF36F8F7047F7
:1069E0002800002000E100E07047FFFF034B53F850
:1069F0003020138843F010031380704728000020D4
:106A000038B51F4C1F4B626853F8303000F10B054E
:106A10000121A94022EA010262601A8842F48062E0
:106A20001A801A885205FCD51A886FF345121A800D
:106A30001A886FF386121A801A8842F001021A80AF
:106A40000522C3F8F020D3F800246FF30412C3F832
:106A50000024B3F85E20402161F30602A3F85E2013
:106A60000022A3F840204FF45D421A8601225A8783
:106A7000DA86B3F840301B0601D5FFF7B7FF38BD03
:106A8000FC6F044028000020034B53F830301A8874
:106A90006FF304121A807047280000202DE9F84F88
:106AA000CE78B1F804A006F00306012E8046CAF3A2
:106AB0000A0A04D1BAF5807F06D9002060E0022ED0
:106AC00004D067D8012E70D13F4B0CE03E4B93F8B9
:106AD0002C20002A56D093F83820002A54D093F85E
:106AE0004420002A52D01A7D002A51D093F8203039
:106AF000002B5AD102248978344B334A53F838702A
:106B00004FEAD1194FEA09150C2303FB042301F0C6
:106B10007F0B2A445A441972404682F87840FFF7A6
:106B200049FFA3B207EB4402A7F864304FF4407367
:106B3000A7F86CA0022EA2F86E304FF00003A2F866
:106B40006E3045EA0B0337D143F485439BB2A7F877
:106B50006830012303FA04F4A4B284F4FF715940AD
:106B6000A7F84610F98E0C43FC86B9F1000F01D14D
:106B7000022E01D0A2F86E304046FFF705FF01203B
:106B8000BDE8F88F0324B6E70424B4E70524B2E790
:106B90000124B0E70C4B06240C2202FB0430007ADF
:106BA0000028A8D001340A2CF7D1094B186810F03E
:106BB0000100E5D000BE80E7032E0CBF43F4004384
:106BC00043F44243C2E700BF3441002028000020C4
:106BD000F0ED00E0154B70B553F83050144BE88ED3
:106BE00001F07F06C90909015A183244012492F8BC
:106BF0007820944020EA0400E8869AB102F1370434
:106C000005EB44040020208094B2A5F864400C24D5
:106C100004FB02320B443344A5F8680083F8780083
:106C2000107270BD05F16004ECE700BF2800002081
:106C300034410020F8B50546FFF7BCFE094E0A2492
:106C40000C27013C04D12846BDE8F840FFF79CBE64
:106C500007FB0463197A0029F3D02846FFF7BAFF2F
:106C6000EFE700BF344100202DE9F34198460F4B78
:106C70000C46174653F830600546FFF79BFE14F0AC
:106C80007F01CDF800803B4622460AD13046FFF70F
:106C900035FD04462846FFF777FE204602B0BDE8E2
:106CA000F08100213046FFF7D1FDF2E728000020F7
:106CB00038B5134B11F07F02054653F830401BD016
:106CC000CB09104901EB0311114491F878309BB1C5
:106CD000373304EB43048CB12846FFF76BFE23885F
:106CE00003F0030343F0020323800223238028469A
:106CF000BDE83840FFF748BE6034ECE738BD00BF60
:106D000028000020344100201A4B2DE9F04111F0F9
:106D10007F0807460E4653F8305016D0164ACB0966
:106D200002EB0313434493F8784074B1373405EB16
:106D30004404ECB13846FFF73DFE4FF480732380E6
:106D4000F30905D0012323800DE005F16004F0E78D
:106D5000094B434493F87830A5F86430B5F86830AF
:106D60009B0B012BEED13846BDE8F041FFF70CBE7E
:106D7000BDE8F0812800002034410020C14A2DE9FF
:106D8000F04F52F83040B4F84070BFB2FB4363F4A8
:106D900078439BB217F4004F8BB00546A4F84030FF
:106DA000904606D0B4F840301E0640F1AB80FFF7A5
:106DB0001DFE780413D500260523012107A88DF8B0
:106DC0001D30CDF81E60CDF82260ADF826608DF83C
:106DD0001C50FEF7C1FE238E66F34D332386B904A3
:106DE00016D5238E9A0413D500260323012107A864
:106DF0008DF81D30CDF81E60CDF82260ADF826600C
:106E00008DF81C50FEF7A8FE238E66F34D332386C3
:106E1000FB040AD507F07003402B7CD075D8102BEB
:106E200000F08E80202B00F0F280380534D5F90771
:106E300040F10F8158F83530B3F8402012072BD5B8
:106E40004FF480425A84B3F85420ADF81420B3F8BC
:106E50005620ADF81620B3F85820ADF81820B3F836
:106E60005A20ADF81A204FF6F772A3F840200023FD
:106E7000CDF81E30CDF82230ADF82630082206239A
:106E800005A908A88DF81C508DF81D3001F00FFFE2
:106E9000012107A8FEF760FE7E051ED5B4F84A3032
:106EA0000026D807A4F84A6017D558F83500FFF730
:106EB000F1FB90B1744B07229B888DF81D200121B6
:106EC000802207A8CDF81E60ADF822608DF81C5016
:106ED0008DF820200993FEF73FFEF9050FD5E38ECC
:106EE000B4F84620684E13400093DB439BB2A4F8ED
:106EF00046304FF00C0B009B002B40F0C9800BB0CC
:106F0000BDE8F08FFFF7C0FD53E7602B03D0702B77
:106F100001D0502B89D10023CDF81E30CDF822307E
:106F2000ADF826300121042307A88DF81D308DF817
:106F30001C50FEF711FE238E43F40053238674E7A2
:106F400058F8356001237387F3864FF480437384C8
:106F500000233385338D13F00F03FBD1B385B28D3E
:106F600012F00F02FBD106F1700106F1900001232F
:106F70004FF4007E4FF4807C1FFA83F90133062B17
:106F8000A6F86490A6F86820A1F800E021F8022B8A
:106F900020F804CBF0D106F17A0200214FF4007002
:106FA0001FFA83FC01330A2BA6F864C0A6F8681008
:106FB000108022F8021BF3D198220021324801F000
:106FC0009AFE338903F00703022B15D0032B1CD044
:106FD000012B13D100220121CDF81E20CDF8222053
:106FE000ADF826208DF81C508DF81D108DF820303E
:106FF00007A8FEF7B1FD18E70023EBE7234B1B685A
:10700000DE077FF512AF00BE0FE70223E2E758F874
:107010003530B3F8503013F07F033FF406AF4FF430
:10702000A062ADF816300023ADF814200693CDF819
:107030001E30CDF82230ADF8263005A906230822EF
:1070400008A88DF81C508DF81D3001F030FE01218C
:10705000CEE717F007037FF41FAF58F83520128CE6
:10706000CDF81E3012F0200F14BF8022002207211D
:10707000ADF822308DF81C508DF81D108DF82020B1
:10708000099305E72800002034410020F0ED00E0DE
:10709000009B58F8354093FAA3F7B7FA87F70BFB34
:1070A00007631A7AD2090ED039462046FFF764FBEF
:1070B000002840F09B80012303FA07F7009B23EA96
:1070C0000703009317E7002F61D0DB880193BBB261
:1070D0002385A4F86430B4F86C309BB2228D02F0A2
:1070E0000F029742FAD1628D9204FCD5628DC2F3F1
:1070F0000B029A4228BF1A460292DDE901218A4218
:1071000028BF0A4692460BFB0762D2F80090BAF1FC
:10711000000F0AD0527AD0072AD5524604F118013E
:1071200048460393FFF702FC039B534584BF4FF48B
:107130008042628500222285228D1107FCD10199AF
:107140000BFB0762A1EB0A015345D18003D8DDE9AF
:1071500001239342AFD30BFB07F100237218B9EB65
:107160000300735418BF012053709370D3709FE7CE
:107170004946524612F1FF3205D20BFB07F209EBEA
:107180000A01B150D1E7207E01F8010BF2E7B4F813
:107190005EA0628CF388C2F30B020AF07F0A5245AC
:1071A00028BF52469A42019228BF1A46914652B1D0
:1071B000727A3068D20731D54A4604F1140102933D
:1071C000FFF7B4FB029BCA4584BF4FF48042628440
:1071D000A3EB0902CA45F28003D8019A9A42FFF450
:1071E0006AAF002333707370B370F3700BFB0762E8
:1071F00007A89388117AD2888DF81C509B1A002218
:10720000CDF81E20ADF822208DF820100722012194
:107210008DF81D200993FEF79FFC4CE701464A4676
:1072200012F1FF3202D248443060CCE794F814C027
:1072300001F801CBF4E700BF024B03EBC000416053
:10724000704700BF28000020FEF736BC037813F01B
:10725000010310D10278C2F3800262B9037813F0FF
:10726000010308D10278530705D4037843F00403DF
:10727000037001207047002070470378C3F3800338
:107280004BB1027812F0010105D1027861F382025C
:1072900002701846704700207047FFFF8388C0784F
:1072A00000F003000228C3F30A0312D01BD8012800
:1072B0000DD1022940F2FF3208BF4FF480629A429A
:1072C0000DD20D4B186810F0010008D000BE002050
:1072D0007047022904D1B3F5007FF2D10120704735
:1072E000402BEED8FAE702290CBF4FF4806240220F
:1072F0009A42E6D3F2E700BFF0ED00E030B50A4471
:10730000914200D330BD4C78052C06D18C7804F026
:107310007F0500EB4505E4092B550C782144EFE788
:107320000368DB691847037C0BB9012303747047BA
:10733000704713B502AB026803F8011D5468194683
:107340000122A04702B010BD007C10B10020FDF763
:1073500051B87047007C10B10020FDF7DFB87047CE
:10736000037C13B10020FDF775B8704707B5007CAA
:1073700038B10DF107010020FDF762F820B19DF84A
:10738000070003B05DF804FB4FF0FF30F9E77047EA
:1073900010B504460020FDF717F800B9607C10BD59
:1073A000037C07B513B94FF0FF3012E0FFF7F0FF91
:1073B0000028F8D00020FDF71DF80028F3D00122A6
:1073C0000DF107010020FDF721F80028EBD09DF812
:1073D000070003B05DF804FB037C2DE9F04188460B
:1073E000174623B3FFF7D4FF08B30020FEF748FB8E
:1073F0003D460024FDB10020FDF790F830B9012092
:10740000FEF73EFB0020FDF725F8F3E7A842024611
:1074100008EB040128BF2A460020FDF75FF8064666
:107420000120FEF72DFB1EB13444AD1BEAE700241A
:107430002046BDE8F0813C46FAE7FFFF38B5037C03
:1074400004460BB9002038BD4FF0FF300021FEF795
:10745000F7FC2046FFF79CFF0028F3D0054D2C7861
:10746000002CF0D00A20FCF7F5FE00232B702046FC
:10747000E9E700BF3000002030B5164B16494AF24C
:107480000252A3F8FE23154A8BB011604FF4254237
:10749000A3F8FE2306238DF81430052301248DF86C
:1074A000153005A9032301A88DF816308DF8173083
:1074B0008DF818408DF81940F5F7AAFE054601A889
:1074C000F5F7D2FE064B0E2D1C7000D1FEE70BB077
:1074D00030BD00BF00E001403581730700E5014089
:1074E000F4410020064B1970064B1A70064B1B68BE
:1074F000B3F5966F02D109B9FCF7AEBD704700BF76
:10750000E4410020E5410020E04100200A4A0B68E8
:1075100013600A4A48791060094A08791060094ADC
:1075200089791160B3F5966F04D1074B1B780BB9BD
:10753000FCF792BD704700BFE0410020F041002001
:10754000EC410020E8410020E4410020054B0022EE
:107550004FF47A71C3E90121034919601A745A740E
:10756000704700BFCC4100209CE8010010B501F13C
:10757000080400F00F02D3B2092ACCBF37333033EE
:1075800004F8013DA1424FEA1010F2D110BDFFFFF7
:1075900008B5EFF30383103B5BB2C033084A52F8DF
:1075A00023106FF3104142F823100020FFF7E6FB91
:1075B00000214FF0FF30BDE80840FEF741BC00BF9E
:1075C00000600040024800230371437183717047DB
:1075D0003100002007B505480023019310B101A830
:1075E000AFF3008003B05DF804FB00BF00000000B3
:1075F000014B1868704700BFF84100202DE9F04F9B
:10760000B24FD7F80080A9B0B8F1000F40F0588110
:107610004024224641460DF15E0001F06CFB40F62D
:107620000833ADF85C3040F2012202238DF85F3060
:107630008DF860308DF86130ADF868208DF86A30D3
:1076400040F204528DF88B308DF89A3040F20143AD
:10765000ADF86C2081212422ADF876304FF4097307
:107660008DF86E208DF88210994AADF87830082197
:1076700040F20253974E1C928DF8841007220A2183
:10768000ADF87A3040F224638DF880208DF88C10AC
:107690008DF897209049ADF87C3082224FF4116329
:1076A0000125002E4FF0050940F2094B4FF0030A67
:1076B00024918DF89920ADF886304FF00E024FF4EA
:1076C000827341460DF116008DF894408DF89B4071
:1076D000ADF8883014BF02240024ADF864B08DF8F2
:1076E00074508DF881908DF883A08DF898908DF866
:1076F0007F5001F000FBFE238DF8193009238DF82F
:107700001D3021238DF81E300D238DF81F30E82306
:10771000002E8DF820304FF010038DF823300CBF71
:1077200033462B468DF816401C446C4BADF814B014
:107730008DF81A508DF81B508DF81C908DF821A0F3
:107740008DF824508DF82550E4B2CDF80480002B3C
:1077500000F0B98001A8AFF30080172200210DF1DD
:10776000420001F0C8FA40F20133ADF84430092379
:107770008DF8493021238DF84A3011238DF84B3094
:1077800042F20123ADF84E3040F20753ADF85230CB
:1077900040F28333ADF854300A238DF85830019B02
:1077A0008DF842402A194FF001084FF0400940F28D
:1077B000094A8DF85030D4B21B0A152200210DF170
:1077C0002A008DF84C808DF85130ADF840A08DF82E
:1077D000569001F090FA424B0B9307238DF831300D
:1077E00005238DF8323004238DF8333002238DF8D1
:1077F00034303C4B0E934346DFF8EC80ADF828A0C4
:107800008DF835908DF83C908DF82A40B8F1000F36
:1078100000D14346002E4FF0000A14BF4FF05D091F
:107820004FF00909002D14BF192200221C44D04535
:1078300040F209239144ADF808300CBF524617229C
:10784000012391448DF80D30C0238DF80F30484648
:10785000FA238DF80EA08DF810308DF80A908DF86F
:107860000BA08DF80C4001F09FF9386040B34A46F8
:10787000514601F040FA3F68092202A9384601F05A
:1078800016FA07F1090466B1422217A9204601F051
:107890000EFA122205A907F14B0001F008FA07F1D0
:1078A0005D042DB12046192210A901F000FA193407
:1078B000B8F1000F04D017220AA9204601F0F7F909
:1078C00029B0BDE8F08F1D4647E700BFF841002012
:1078D000200105248F73010007050202000000004B
:1078E0000208065007058402B962000070B5204CFA
:1078F00094F900300546B3B91E4B1B6803F114061A
:1079000058692146FFF732FE04F108017068FFF75D
:107910002DFE04F11001B068FFF728FE04F11801F4
:10792000F068FFF723FE5DB9134B40F209425A801D
:107930000123013310485B0043F44073038070BDA2
:10794000052D12D80D4B0C4C53F82510012201398E
:1079500011F9010F531EDBB20028EAD024F81200FF
:107960000132212AF4D12023E3E70020E7E700BF1A
:107970003E4200209CB17F40FC410020C8E801004D
:107980007047FFFF1FB5FFF75FFC044690BBFFF792
:10799000F7FF19494AF20253A1F8FE33174B5A6810
:1079A00022F400625A605A6822F480525A604FF4FE
:1079B0002543A1F8FE3304230193114B02936FF08A
:1079C00020030393FAF722FE01AA0121FBF71AF81C
:1079D00003992046FFF730FCFFF710FE2046FEF724
:1079E00073F8F5F7BFFB074AB2F8CC3043F08003D9
:1079F000A2F8CC3004B010BD00E00140FC6F0440A0
:107A00009175010000000940002070477047FFFF9A
:107A1000F8B500260F460446154606804680868047
:107A2000F5F79DFB874216D8304901EBC701334675
:107A30004868F2B230F812101DB901F03E020A2A6D
:107A400004E0012D09D101F03E02082A0BD00A04FE
:107A500006F10106EDD52046F8BD022D08D101F052
:107A60003E02042AF1D15A1C24F81310D3B2EEE7D7
:107A7000032D04D101F03E02062AE0D1F3E7042DE4
:107A800002D101F03A02E0E7052D02D101F03A02FD
:107A9000D5E7062D03D101F03E02102AD6E7072DC7
:107AA00005D101F03E02122ADDD0182ACEE7082DBA
:107AB00003D101F03E02022AC8E70A2D03D101F0EA
:107AC0003E02142AC2E70B2D03D101F03E021C2A0C
:107AD000BCE70C2D03D101F03E021A2AB6E70D2DAA
:107AE000B5D101F03E021E2AB0E700BFC8E6010092
:107AF00010B5002814BF04460124204601F054F8B4
:107B000030B900F015F808B901F02AF88047F4E719
:107B100010BD0368DB0706D4437803B1FFDE012301
:107B20004370184670470020704701230360704778
:107B3000024B1868BFF35B8F704700BF8042002084
:107B400000F000B801F038B881F0004102E000BF59
:107B500083F0004330B54FEA41044FEA430594EA0D
:107B6000050F08BF90EA020F1FBF54EA000C55EA48
:107B7000020C7FEA645C7FEA655C00F0E2804FEA19
:107B80005454D4EB5555B8BF6D420CDD2C4480EAFB
:107B9000020281EA030382EA000083EA010180EA2B
:107BA000020281EA0303362D88BF30BD11F0004F79
:107BB0004FEA01314FF4801C4CEA113102D04042AF
:107BC00061EB410113F0004F4FEA03334CEA1333EA
:107BD00002D0524263EB430394EA050F00F0A78002
:107BE000A4F10104D5F1200E0DDB02FA0EFC22FAFD
:107BF00005F2801841F1000103FA0EF2801843FAF1
:107C000005F359410EE0A5F120050EF1200E012AE1
:107C100003FA0EFC28BF4CF0020C43FA05F3C0181F
:107C200051EBE37101F0004507D54FF0000EDCF198
:107C3000000C7EEB00006EEB0101B1F5801F1BD341
:107C4000B1F5001F0CD349085FEA30004FEA3C0C45
:107C500004F101044FEA445212F5800F80F09A803B
:107C6000BCF1004F08BF5FEA500C50F1000041EB3F
:107C7000045141EA050130BD5FEA4C0C404141EB43
:107C8000010111F4801FA4F10104E9D191F0000F6A
:107C900004BF01460020B1FA81F308BF2033A3F1ED
:107CA0000B03B3F120020CDA0C3208DD02F1140CE4
:107CB000C2F10C0201FA0CF021FA02F10CE002F11F
:107CC0001402D8BFC2F1200C01FA02F120FA0CFC18
:107CD000DCBF41EA0C019040E41AA2BF01EB045161
:107CE000294330BD6FEA04041F3C1CDA0C340EDC5F
:107CF00004F11404C4F1200220FA04F001FA02F3A2
:107D000040EA030021FA04F345EA030130BDC4F15F
:107D10000C04C4F1200220FA02F001FA04F340EA54
:107D20000300294630BD21FA04F0294630BD94F005
:107D3000000F83F4801306BF81F480110134013DEC
:107D40004EE77FEA645C18BF7FEA655C29D094EA5D
:107D5000050F08BF90EA020F05D054EA000C04BFDB
:107D60001946104630BD91EA030F1EBF00210020C6
:107D700030BD5FEA545C05D14000494128BF41F065
:107D8000004130BD14F580043CBF01F5801130BDC9
:107D900001F0004545F0FE4141F470014FF0000054
:107DA00030BD7FEA645C1ABF194610467FEA655C05
:107DB0001CBF0B46024650EA013406BF52EA0335A7
:107DC00091EA030F41F4002130BD00BF90F0000F95
:107DD00004BF0021704730B54FF4806404F13204D1
:107DE0004FF000054FF0000150E700BF90F0000F8A
:107DF00004BF0021704730B54FF4806404F13204B1
:107E000010F0004548BF40424FF000013EE700BF80
:107E100042004FEAE2014FEA31014FEA02701FBF10
:107E200012F07F4393F07F4F81F06051704732F042
:107E30007F4208BF704793F07F4F04BF41F4002199
:107E4000704730B54FF4607401F0004521F00041F7
:107E50001CE700BF50EA010208BF704730B54FF081
:107E600000050AE050EA010208BF704730B511F082
:107E7000004502D5404261EB41014FF4806404F1BA
:107E800032045FEA915C3FF4D8AE4FF003025FEA40
:107E9000DC0C18BF03325FEADC0C18BF033202EBC4
:107EA000DC02C2F1200300FA03FC20FA02F001FA1E
:107EB00003FE40EA0E0021FA02F11444BDE600BFC1
:107EC00070B54FF0FF0C4CF4E06C1CEA11541DBF70
:107ED0001CEA135594EA0C0F95EA0C0F00F0DEF83B
:107EE0002C4481EA030621EA4C5123EA4C5350EA20
:107EF000013518BF52EA033541F4801143F4801371
:107F000038D0A0FB02CE4FF00005E1FB02E506F001
:107F10000042E0FB03E54FF00006E1FB03569CF056
:107F2000000F18BF4EF0010EA4F1FF04B6F5007F5C
:107F300064F5407404D25FEA4E0E6D4146EB0606CE
:107F400042EAC62141EA55514FEAC52040EA5E5057
:107F50004FEACE2EB4F1FD0C88BFBCF5E06F1ED801
:107F6000BEF1004F08BF5FEA500E50F1000041EB38
:107F7000045170BD06F0004646EA010140EA0200E5
:107F800081EA0301B4EB5C04C2BFD4EB0C0541EA07
:107F9000045170BD41F480114FF0000E013C00F31C
:107FA000AB8014F1360FDEBF002001F0004170BD40
:107FB000C4F10004203C35DA0C341BDC04F1140459
:107FC000C4F1200500FA05F320FA04F001FA05F2E5
:107FD00040EA020001F0004221F0004110EBD370B2
:107FE00021FA04F642EB06015EEA430E08BF20EADE
:107FF000D37070BDC4F10C04C4F1200500FA04F381
:1080000020FA05F001FA04F240EA020001F0004112
:1080100010EBD37041F100015EEA430E08BF20EA85
:10802000D37070BDC4F1200500FA05F24EEA020ECD
:1080300020FA04F301FA05F243EA020321FA04F0FC
:1080400001F0004121FA04F220EA020000EBD370B3
:108050005EEA430E08BF20EAD37070BD94F0000FB3
:108060000FD101F00046400041EB010111F4801FE7
:1080700008BF013CF7D041EA060195F0000F18BF98
:10808000704703F00046520043EB030313F4801FD4
:1080900008BF013DF7D043EA0603704794EA0C0F8E
:1080A0000CEA135518BF95EA0C0F0CD050EA4106A4
:1080B00018BF52EA4306D1D181EA030101F0004121
:1080C0004FF0000070BD50EA410606BF1046194649
:1080D00052EA430619D094EA0C0F02D150EA013655
:1080E00013D195EA0C0F05D152EA03361CBF104696
:1080F00019460AD181EA030101F0004141F0FE4135
:1081000041F470014FF0000070BD41F0FE4141F4B8
:10811000780170BD70B54FF0FF0C4CF4E06C1CEAB8
:1081200011541DBF1CEA135594EA0C0F95EA0C0F6D
:1081300000F0A7F8A4EB050481EA030E52EA033528
:108140004FEA013100F088804FEA03334FF0805549
:1081500045EA131343EA12634FEA022245EA111576
:1081600045EA10654FEA00260EF000419D4208BF27
:10817000964244F1FD0404F5407402D25B084FEAD4
:108180003202B61A65EB03055B084FEA32024FF480
:1081900080104FF4002CB6EB020E75EB030E22BFDD
:1081A000B61A754640EA0C005B084FEA3202B6EB9D
:1081B000020E75EB030E22BFB61A754640EA5C004C
:1081C0005B084FEA3202B6EB020E75EB030E22BFDC
:1081D000B61A754640EA9C005B084FEA3202B6EBDD
:1081E000020E75EB030E22BFB61A754640EADC009C
:1081F00055EA060E18D04FEA051545EA16754FEAFE
:1082000006164FEAC30343EA52734FEAC2025FEA1B
:108210001C1CC0D111F4801F0BD141EA00014FF0AA
:1082200000004FF0004CB6E711F4801F04BF01437B
:108230000020B4F1FD0C88BFBCF5E06F3FF6AFAE97
:10824000B5EB030C04BFB6EB020C5FEA500C50F127
:10825000000041EB045170BD0EF0004E4EEA1131AA
:1082600014EB5C04C2BFD4EB0C0541EA045170BDB1
:1082700041F480114FF0000E013C90E645EA060EF5
:108280008DE60CEA135594EA0C0F08BF95EA0C0F23
:108290003FF43BAF94EA0C0F0AD150EA01347FF46B
:1082A00034AF95EA0C0F7FF425AF104619462CE742
:1082B00095EA0C0F06D152EA03353FF4FDAE1046A5
:1082C000194622E750EA410618BF52EA43067FF4F6
:1082D000C5AE50EA41047FF40DAF52EA43057FF486
:1082E000EBAE12E74FF0FF3C06E000BF4FF0010C91
:1082F00002E000BF4FF0010C4DF804CD4FEA410CF5
:108300007FEA6C5C4FEA430C18BF7FEA6C5C1BD0C1
:1083100001B050EA410C0CBF52EA430C91EA030F42
:1083200002BF90EA020F0020704710F1000F91EA9F
:10833000030F58BF994208BF90422CBFD8176FEA6D
:10834000E37040F0010070474FEA410C7FEA6C5C3B
:1083500002D150EA013C07D14FEA430C7FEA6C5C42
:10836000D6D152EA033CD3D05DF8040B704700BF6E
:108370008446104662468C461946634600E000BFBC
:1083800001B5FFF7B7FF002848BF10F1000F01BD8E
:108390004DF808EDFFF7F4FF0CBF012000205DF859
:1083A00008FB00BF4DF808EDFFF7EAFF34BF0120DE
:1083B00000205DF808FB00BF4DF808EDFFF7E0FF77
:1083C00094BF012000205DF808FB00BF4DF808EDC8
:1083D000FFF7CEFF94BF012000205DF808FB00BF2F
:1083E0004DF808EDFFF7C4FF34BF012000205DF811
:1083F00008FB00BF4FEA410C7FEA6C5C02D150EAF7
:10840000013C0AD14FEA430C7FEA6C5C02D152EA8C
:10841000033C02D14FF0000070474FF0010070475D
:108420004FEA410212F5001215D211D56FF478739C
:10843000B3EB625212D94FEAC12343F0004343EA3F
:10844000505311F0004F23FA02F018BF404270471A
:108450004FF00000704750EA013005D111F00040A4
:1084600008BF6FF0004070474FF00000704700BF3A
:108470004A0011D212F5001211D20DD56FF47873A3
:10848000B3EB62520ED44FEAC12343F0004343EAF8
:10849000505323FA02F070474FF00000704750EA43
:1084A000013002D14FF0FF3070474FF000007047AD
:1084B0004FEA4102B2F1E04324BFB3F5001CDCF106
:1084C000FE5C0DD901F0004C4FEAC0024CEA50703E
:1084D000B2F1004F40EB830008BF20F0010070476D
:1084E00011F0804F21D113F13872BCBF01F0004070
:1084F000704741F480114FEA5252C2F11802C2F1A2
:10850000200C10FA0CF320FA02F018BF40F0010022
:108510004FEAC1234FEAD32303FA0CFC40EA0C00D4
:1085200023FA02F34FEA4303CCE77FEA625307D111
:1085300050EA01331EBF4FF0FE4040F44000704748
:1085400001F0004040F0FE4040F40000704700BFE2
:108550007BB972B90029BEBF00204FF0004106E090
:1085600008BF00281CBF6FF000414FF0FF3000F043
:10857000A5B9ADF1080C6DE904CE002909DB002B8B
:108580001ADB00F035F8DDF804E0DDE9022304B081
:108590007047404261EB4101002B1BDB00F028F8E3
:1085A000DDF804E0DDE9022304B0404261EB410163
:1085B000524263EB43037047524263EB430300F0C4
:1085C00017F8DDF804E0DDE9022304B0404261EB76
:1085D00041017047524263EB430300F009F8DDF8B4
:1085E00004E0DDE9022304B0524263EB4303704729
:1085F0002DE9F047089E04468846002B4BD18A425D
:10860000154667D9B2FA82F24AB1C2F1200701FADF
:1086100002F320FA07F7954047EA030894404FEA2F
:10862000154E230CB8FBFEF71FFA85FC0EFB1788CE
:1086300043EA084307FB0CF1994209D9EB1807F10B
:10864000FF3080F01B81994240F21881023F2B4499
:108650005B1AA4B2B3FBFEF00EFB103344EA0344F2
:1086600000FB0CFCA44509D92C1900F1FF3380F064
:108670000781A44540F2048102382C4440EA0740B7
:10868000A4EB0C0400271EB1D4400023C6E900432C
:108690003946BDE8F0878B4209D9002E00F0EB8007
:1086A0000027C6E9000138463946BDE8F087B3FA2D
:1086B00083F7002F47D18B4202D3824200F2FA8027
:1086C000841A61EB030301209846002EE0D0C6E92E
:1086D0000048DDE702B9FFDEB2FA82F2002A40F07C
:1086E0008F80491B4FEA154E1FFA85F80127B1FB11
:1086F000FEFC230C0EFB1C1143EA014308FB0CF1AA
:10870000994207D9EB180CF1FF3002D2994200F2DE
:10871000CD808446591AA3B2B1FBFEF00EFB1014B3
:1087200043EA044408FB00F8A04507D92C1900F1DE
:10873000FF3302D2A04500F2B6801846A4EB08042D
:1087400040EA0C409FE7C7F1200CBB4022FA0CFE28
:108750004EEA030E01FA07F420FA0CF521FA0CF3A5
:108760004FEA1E482543B3FBF8F92C0C08FB1933DC
:108770001FFA8EFA44EA034309FB0AF49C4202FA08
:1087800007F200FA07F10BD91EEB030309F1FF30E2
:1087900080F087809C4240F28480A9F102097344F2
:1087A0001B1BADB2B3FBF8F008FB103345EA0344E2
:1087B00000FB0AFAA24508D91EEB040400F1FF33BE
:1087C0006BD2A24569D90238744440EA0940A0FB43
:1087D0000289A4EB0A044C45C2464B4654D351D0FF
:1087E000002E69D0B1EB0A0564EB030404FA0CFC1B
:1087F000FD40FC404CEA0505C6E90054002747E768
:10880000C2F1200320FA03F7954001FA02F021FAA1
:1088100003F34FEA154E3843010CB3FBFEF71FFA82
:1088200085F80EFB173341EA034107FB08F38B423F
:1088300004FA02F407D9691807F1FF3C2FD28B42E2
:108840002DD9023F2944CB1A81B2B3FBFEF00EFBB7
:10885000103341EA034100FB08F38B4207D9691842
:1088600000F1FF3C17D28B4215D902382944C91AAE
:1088700040EA07473BE73746304609E70746E7E661
:108880001846FBE64145ABD2B8EB020A69EB0E0293
:1088900001381346A4E76046E9E7184695E76746BE
:1088A000D1E781467CE702382C4447E7ACF1020C63
:1088B0002B442FE7384608E73746E9E6704700BF04
:1088C0002DE9F84355EC104BC5F30A52A2F2FF33E1
:1088D000132B064619DC002B38DB244A42FA03F33B
:1088E00005EA030252EA040027D04FF0000825EA07
:1088F000030942464B4620462946C6E90023FFF7B6
:1089000027F941EC100BBDE8F883332B0CDCA2F205
:1089100013424FF0FF3323FA02F212EA04071CD08D
:10892000A94624EA0208E4E7002205F0004386EDA8
:10893000000B43EC102BBDE8F88305F00043024622
:1089400086ED000B43EC102BBDE8F883002205F008
:108950000043C6E90023BDE8F88305F000433A462A
:1089600086ED000B43EC102BBDE8F883FFFF0F00F2
:10897000D0B52DED028B8AB0F0EE408AB0EE608A61
:1089800000F056F8284B93F90040631C39D0B4EE40
:10899000488AF1EE10FA34D6F4EE688AF1EE10FA55
:1089A0002FD6B5EE408AF1EE10FA2AD101231F4AE4
:1089B000009318EE900A002301920893FFF728FA1B
:1089C00006460F4618EE100ACDE90267FFF720FAB7
:1089D000CDE90401CCB10022002310461946FFF76F
:1089E00099FB022CCDE9060111D100F0C5F8212335
:1089F0000360089B9BB9DDE90601FFF759FD00EE16
:108A0000100A0AB0BDEC028BD0BDCDE906676846FE
:108A100000F0A4F80028E8D0089B002BEBD000F071
:108A2000ABF8089B0360E6E7430000202CE9010057
:108A300010EE903A33F000413DD0F0B410EE104A01
:108A400024F00042B2F1FF4F2FDAB1F1FF4F2CDCDE
:108A50008A422EDB04F0004632D03E48824236DDA8
:108A6000D0157F38B1F5000F5EDA0F026FF07D058B
:108A70007F0005F1FF35FBD510F17E0F4FDBC4F30E
:108A8000160242F4000215F17E0F43DBC3F3160316
:108A900043F40001401B02E012D05A000138531A7F
:108AA000F8B1002BF8DA5200F8E760EE200A80EE09
:108AB000A00AF0BC704760EE200A80EEA00A704762
:108AC000254AF30F02EB830393ED000AF1E7150249
:108AD00036D06FF07D006D00002D00F1FF30FADC24
:108AE000C0E733EA230328BF1346002BE8D0194A16
:108AF000934204DC5B00934205F1FF35FADD15F18A
:108B00007E0F14DA6FF07D02551B2B41334300EECC
:108B1000103ACEE76FF07D035B1B9940BAE76FF028
:108B20007D04241AA240AEE7CD157F3DA4E7A3F54E
:108B3000000333437F3543EAC55300EE103AB8E7EC
:108B4000814204DDCD157F3D6FF07D0097E76FF02A
:108B50007D008AE7FFFF7F0034E9010000207047B5
:108B600008B5062000F00CFE012004F059F90A2295
:108B7000002101F003BEFFFF014B1868704700BFE2
:108B800044000020D0F8EC007047FFFF044B054A7A
:108B90001B681B6A002B08BF1346D3F8EC00704714
:108BA00044000020A8000020024B0146186800F095
:108BB000F9B800BF44000020024B0146186800F0DD
:108BC000A3B800BF4400002082B001B901A942B19E
:108BD0004BB113780B601278101C18BF012002B043
:108BE00070471046FBE76FF00100F8E7FFFFFFFF5B
:108BF00001F0FF01102A2BDB10F0070F08D010F84E
:108C0000013B013A8B422DD010F0070F42B3F6D151
:108C1000F0B441EA012141EA014122F007047FF06A
:108C200000070023F0E80256083C85EA010586EAC1
:108C3000010685FA47F5A3FA87F586FA47F6A5FAFD
:108C400087F68EB9EED1F0BC01F0FF0102F0070209
:108C500032B110F8013B013A83EA010313B1F8D1B4
:108C60000020704701387047002D06BF3546033895
:108C7000073815F0010F07D1013015F4807F02BFCE
:108C8000013015F4C03F0130F0BC0138704700BF1F
:108C900030B50024A24201D1002007E0035D013479
:108CA0000D1915F8015CAB42F4D0581B30BD10B55E
:108CB000431E0A44914200D110BD11F8014B03F844
:108CC000014FF7E7884210B501EB020307D8421EB7
:108CD00099420AD011F8014B02F8014FF8E783429C
:108CE000F5D98118D21AD34200D110BD13F8014D25
:108CF00001F8014DF7E702440346934200D1704763
:108D000003F8011BF9E7FFFF38B50546002945D0F8
:108D100051F8043C0C1F002BB8BFE41802F06EFFA2
:108D20001F4A1368104633B9636014602846BDE8D3
:108D3000384002F064BFA3420CD921686218934204
:108D400004BF1A685B68636004BF52182260046045
:108D5000ECE713465A680AB1A242FAD919685818C2
:108D6000A0420BD120680144581882421960DDD11D
:108D7000106852685A6001441960D7E702D90C2381
:108D80002B60D3E7206821188A4204BF116852681B
:108D9000626004BF091821605C60C7E738BD00BF8E
:108DA0008442002070B5CD1C25F0030508350C2D3C
:108DB00038BF0C25002D064601DBA94203D90C2340
:108DC0003360002070BD02F019FF214A146821466B
:108DD00091B9204C23681BB9304600F099FC206003
:108DE0002946304600F094FC431C24D10C23336008
:108DF000304602F004FFE4E70B685B1B18D40B2B32
:108E00000FD90B60CD50CC18304602F0F8FE04F1BB
:108E10000B00231D20F00700C31AD3D05A42E250A2
:108E2000D0E78C424B6816BF636013600C46EBE7DB
:108E30000C464968CCE7C41C24F00304A04205D0CA
:108E4000211A304600F064FC0130CFD02560DBE70A
:108E500084420020884200202DE9FF4755EC104B4A
:108E60000D9FDDF830A0002D0E4691461946B8BF83
:108E700022462B4627F02007BBBF05F100431D46C5
:108E800000232D23B8BF1446462F0B7004D0452F66
:108E900000D10136022100E0032103AB019302ABB4
:108EA00000933246534645EC104B01F0B9FD472F75
:108EB000804602D119F0010F26D0462F08EB060993
:108EC00011D198F80030302B0AD10022002320461F
:108ED0002946FFF75DFA18B9C6F10106CAF8006025
:108EE000DAF8003099440022002320462946FFF793
:108EF0004FFA38B93022039B4B4505D2591C0391D8
:108F00001A70F8E7CDF80C90039B0E9AA3EB0803B8
:108F10004046136004B0BDE8F087F7B50029044669
:108F2000BABF49422D232B23092904F8022B437091
:108F300020DD0DF107031F460A2691FBF6F506FB1F
:108F400015113031092D03F8011C03F1FF322946B8
:108F500009DC3031023B02F8011CBB42224604D33B
:108F6000101A03B0F0BD1346E7E713F8012B04F81D
:108F7000012BF2E7302319448370021DC170EFE723
:108F80002DE9F04F8DB00C46DDF8588016461F468F
:108F9000054602F025FE03680493184600F09DFC88
:108FA00000230A93D8F800300590073323F0070315
:108FB00003F1080294F818A0D4F800B0C8F8002013
:108FC000D3E90023C4E91223D4E9128929F000432C
:108FD0000793CDF818804FF0FF32A74BDDE906016B
:108FE000FFF708FA70BB4FF0FF32A34BDDE9060133
:108FF000FFF7E2F930BB0022002340464946FFF765
:10900000D1F910B12D2384F843309C4A9C4BBAF11E
:10901000470F8CBF9046984603232BF00402236130
:1090200022604FF00009009733460BAA21462846DC
:1090300000F0E6F9013040F08D804FF0FF300DB0C8
:10904000BDE8F08F42464B4640464946FFF7D2F90D
:1090500010B18C4A8C4BDAE761684B1C4BF4806290
:109060000AA83ED1062363600023CDE9020309ABC1
:10907000009349EC108B0DF123032260CDF804A07E
:1090800061682846FFF7E8FE0AF0DF03472B8046B9
:1090900009D1099BD81C02DB6268934247DDAAF123
:1090A000020A5FFA8AFABAF1650F099924D80139E0
:1090B000524604F150000991FFF72FFF0A9A131846
:1090C000012A8146236102DC2268D10701D50133E0
:1090D00023619DF82330002BA5D02D2384F8433045
:1090E000A1E7BAF1670F00F07781BAF1470FBBD162
:1090F0000029B9D10123B6E7BAF1660F19D10029C9
:1091000063680CDD216113B92268D20702D50133EF
:109110000B442361099BA3654FF00009D9E713B9FC
:109120002268D00701D50233F3E70123F1E74FF0BE
:10913000670ADDE90932934205DB22682361D10722
:10914000E8D50133E5E7002BD4BFC3F102030123C7
:109150001344DEE723685A0507D4236942463146A3
:109160002846B84701302BD167E7BAF1650F40F2C6
:10917000DC8000220023D4E91201FFF709F900285E
:1091800033D00123414A31462846B84701303FF4E5
:1091900054AFDDE909239A4202DB2368D8070FD5D3
:1091A000DDE9042331462846B84701303FF445AF96
:1091B0004FF0000804F11A090A9B013B434509DC02
:1091C00023689B0700F10381E0680B9B9842B8BFBE
:1091D000184634E701234A4631462846B84701304D
:1091E0003FF42BAF08F10108E6E7099B002B2BDCCD
:1091F0000123264A31462846B84701303FF41DAFC7
:10920000099B23B90A9B13B92368D907D8D5DDE98F
:10921000042331462846B84701303FF40EAF4FF0E3
:10922000000904F11A0A099B5B424B4501DC0A9BC9
:1092300094E70123524631462846B84701303FF4AF
:10924000FCAE09F10109EEE70A9AA36D9A42A8BFA4
:109250001A46002A914607DD134631464246284603
:10926000B84701303FF4E9AE04F11A034FF0000BA8
:1092700029EAE979069315E0FFFFEF7F4AE901004B
:1092800046E9010052E901004EE90100B7D50100AD
:109290000123069A31462846B84701303FF4CDAE47
:1092A0000BF1010BD4F858A0AAEB09035B45EFDCE6
:1092B000DDE909239A42D04415DB2368DA0712D48A
:1092C0000A9B0999A3EB0A02A3EB010A9245A8BFE6
:1092D0009246BAF1000F0EDC4FF000082AEAEA7A53
:1092E00004F11A0919E0DDE9042331462846B8479C
:1092F0000130E5D1A1E65346424631462846B847FB
:109300000130E9D199E601234A4631462846B8475B
:1093100001303FF492AE08F10108DDE909239B1A00
:10932000A3EB0A034345EEDC4AE70A9A012A01DC73
:10933000DB073AD50123424631462846B84701307B
:109340003FF47BAEDDE9042331462846B8470130BF
:1093500008F101083FF471AE0A9B002203F1FF3AC5
:10936000D4E912010023FFF713F8C8B95346424667
:1093700031462846B84701300ED15EE601235246F9
:1093800031462846B84701303FF457AE08F101088E
:109390000A9B013B4345F1DC4B4604F15002DEE6FB
:1093A0004FF0000804F11A0AF2E70123DFE7012376
:1093B0004A4631462846B84701303FF43EAE08F1F0
:1093C0000108E3680B9A9B1A4345F0DCFCE64FF07A
:1093D000000804F11909F4E700293FF48BAE0023DB
:1093E000CDE9020309AB009349EC108B2260CDF864
:1093F00004A00DF123032846FFF72EFD804648E622
:109400002DE9F04791461F468A680B69DDF82080F8
:109410009342B8BF1346C9F8003091F8432006467E
:109420000C4612B10133C9F800302368990642BFD7
:10943000D9F800300233C9F80030256815F0060568
:1094400007D104F1190AE368D9F800209B1AAB424E
:1094500028DC94F843302268003318BF01239206B9
:109460002DD404F1430239463046C047013020D0A4
:109470002368E568D9F8002003F00603042B08BF31
:10948000AD1AA36822690CBF25EAE5750025934251
:10949000C4BF9B1AED184FF000091A344D451AD17C
:1094A000002008E00123524639463046C0470130CB
:1094B00003D14FF0FF30BDE8F0870135C3E7E11875
:1094C0005A1C302081F84300224494F8451082F859
:1094D00043100233C5E70123224639463046C047D0
:1094E0000130E6D009F10109D8E7FFFF2DE9F0438B
:1094F00001F1430C0C46097E85B06E2917460646DD
:1095000098460C9A00F0B38022D8632936D00AD846
:10951000002900F0B980582900F0838004F1420549
:1095200084F8421032E0642901D06929F6D120681C
:109530001368050603F104012AD51B681160002B8E
:1095400003DA2D225B4284F843206F480A2239E077
:10955000732900F09D8008D86F2920D07029DDD1B3
:10956000236843F02003236003E0752917D078298E
:10957000D4D1782384F84530644855E01368191D28
:109580001B68116004F1420584F8423001238CE02D
:109590001B68116010F0400F18BF1BB2CFE71368B3
:1095A0002568181D1060280601D51B6802E06806B2
:1095B000FBD51B8854486F2914BF0A2208220021BA
:1095C00084F843106568A560002DC0F2958021687D
:1095D00021F004012160002B3DD1002D40F08E8050
:1095E0006546082A0BD12368DB0708D52369626822
:1095F0009A42DEBF302305F8013C05F1FF35ACEBA4
:1096000005032361CDF800803B4603AA214630467E
:10961000FFF7F6FE01304DD14FF0FF3005B0BDE849
:10962000F083394884F84510136821681D1D1B68B4
:1096300015600A060BD5CA0744BF41F0200121601E
:109640001BB9226822F0200222601022B7E74D06E3
:1096500048BF9BB2EFE76546B3FBF2F102FB113363
:10966000C35C05F8013D0B460029F5D1B9E7136845
:1096700025686169181D106028061B6801D51960EE
:1096800002E06A06FBD51980002323616546B9E72D
:109690001368191D11601D68626800212846FFF7D4
:1096A000A7FA08B1401B606063682361002384F857
:1096B0004330A7E723692A4639463046C047013080
:1096C000AAD023689B0713D4E068039B9842B8BFD5
:1096D0001846A3E701234A4639463046C0470130C1
:1096E0009AD00135E368039A9B1AAB42F2DCEBE7B0
:1096F000002504F11909F5E7002BACD1037884F8B3
:10970000423004F142056CE756E9010067E90100C7
:1097100038B5064C0023054608462360F8F7DEFC02
:10972000431C02D1236803B12B6038BD8C43002059
:109730001F2938B504460D4604D9162303604FF09F
:10974000FF3038BD426C12B152F821304BB920467F
:1097500000F030F82A4601462046BDE8384000F0C7
:1097600017B8012B0AD0591C03D11623036001201E
:10977000E7E7002442F82540284698470020E0E724
:10978000024B01461868FFF7D3BF00BF440000201A
:1097900038B5074C0023054608461146236003F000
:1097A00037FB431C02D1236803B12B6038BD00BFD7
:1097B0008C43002003F024BB0CB430B5174B0C1EB7
:1097C0009DB01D6808DA8B232B604FF0FF301DB071
:1097D000BDE8304002B070474FF40273ADF814306A
:1097E00014BF04F1FF332346049307934FF6FF732E
:1097F00002900690ADF81630209A21AB02A92846B7
:10980000019302F08BFE431CBCBF8B232B60002C0A
:10981000DDD0029B00221A70D9E700BF440000206F
:109820000EB430B59CB01FAC4FF4017254F8045B19
:10983000ADF814200290069000F04FF80B4B039007
:1098400007900B930A48019400230F9314934FF64B
:10985000FF73ADF816302A46234602A9006802F0CD
:10986000ADFF1CB0BDE8304003B0704775980100F3
:109870004400002000207047C9B2034610F8012BB5
:109880001AB18A42F9D118467047002918BF00233F
:10989000F9E710F8012B11F8013B012A28BF9A4281
:1098A000F7D0D01A7047034611F8012B03F8012BAB
:1098B000002AF9D1704770B503461A4612F8015BC9
:1098C0004DB14C1E01E0AE4205D014F8016F002EE0
:1098D000F9D11346F1E7181A70BD034613F8012BAE
:1098E000002AFBD1181A0138704730B503461C789E
:1098F0005D1C44B912F1FF3204D311F8014B03F897
:10990000014B14B930BD2B46F1E7002AF2D11A7091
:10991000F0E710B56AB10139841810F8013B11F86D
:10992000012F934203D1A04201D0002BF5D1981A08
:1099300010BD1046FCE770B50139044602B970BD90
:10994000234611F8015F03F8015B561E2DB914443C
:10995000A342F4D003F8015BFAE71C463246EDE778
:10996000F0B503787BB1044623782046661C7BB1B2
:109970004A1E631E12F8015F4DB113F8017FAF421A
:109980003446F7D0F0E70B78002B18BF0020F0BD6D
:109990001846FCE770B504460D4645EC104B1646DC
:1099A00002F0FAFB51EC100B7EB1C5F30A53C3F180
:1099B0006B03002B09DD1B0503F17F55002405F522
:1099C000401522462B46FEF77BFA70BDFFFFFFFFD6
:1099D0002DE9F04F1F46A1B00023814638460E46C0
:1099E00017921C9302F0FAF880460068FFF775FFA3
:1099F0004FF0000A04464FF0000B1B961B9B1A7891
:109A00000D2A32D8092A36D2002A3ED000230D93DF
:109A10001B9D2B78302B40F0AC806B78582B01D0FD
:109A2000782B67D10D9B01931CAB009302971DAB64
:109A3000884A1BA9484601F0FAFD10F007040646C3
:109A400005D0062C2BD1013500231B950D93179BB8
:109A5000002B40F09A850D9BE3B152460BF1004379
:109A600043EC102B21B0BDE8F08F2B2A15D02D2A06
:109A700004D0202ACAD101331B93BFE701220D92E3
:109A80005A1C1B925B78002BC2D1179B1B96002B94
:109A900040F0798552465B46E2E70022EFE71C9AE8
:109AA0003AB135211EA802F06FFC1C99484602F01D
:109AB000DBF8013C042C06D8DFE804F00A03141795
:109AC0000A00DDE91EAB3007C1D54BF0004BBEE705
:109AD000DDE91EA31D9A23F4801302F2334243EA08
:109AE000025BF0E7DFF870B1EDE76FF0004B4FF08D
:109AF000FF3AE8E71B9B5A1C1B925B78302BF9D08E
:109B0000002BA4D00123002506931B9B08930795E7
:109B100005950A221B980778A7F13003D9B20929C5
:109B200029D92246D8F80010FFF7F3FE002831D0DB
:109B30000020059C04903B460246652B01D0452B36
:109B400014D124B910B9069B002B9ED000241B9E73
:109B5000731C1B9373782B2B78D02D2B70D04FF068
:109B6000000CA3F13007092F7CD91B964FF0000E93
:109B70009AE00023C7E705990829DDBF079902FB92
:109B80000133079302FB0535059B01300133059333
:109B90001B90BFE71B9B1A191B92059A1B5D002A9D
:109BA00037D0059C0246A3F13001092913D90121C0
:109BB0000491C2E71B9B5A1C1B925B780130302B2F
:109BC000F8D0A3F13102082A00F2E4841B9A08922B
:109BD000024600200446B3F1300E00F1010112D01C
:109BE0000A4400EB040C21460A278C4513D12118A6
:109BF000082904F10104044419DC079B0A2101FB34
:109C000003E3079300211B9B581C1B905B780846BD
:109C1000C9E70598D3E7082901F1010103DC079B97
:109C20007B430793E1E71029D8BF7D43DDE7102C84
:109C3000DCBF0A2101FB05E5E4E70123049381E78A
:109C40004FF0010CB31C1B93B3788AE74FF0000C64
:109C5000F8E700BF78E901000000F07F1B9B5F1C64
:109C60001B975B78302BF9D0A3F13107082F3FF613
:109C70007DAFA3F1300E1B9B0A931B9B5F1C1B97B0
:109C80005B78A3F13008B8F1090F37D90A997F1A28
:109C9000082F44F61F6737DCBE45A8BFBE46BCF19F
:109CA000000F01D0CEF1000E002C51D100287FF41E
:109CB000CEAE069A002A7FF4CAAE049A002A7FF438
:109CC000E4AE4E2B27D021DC492B7FF4DEAEA04939
:109CD0001BA801F0DFFE00283FF4D7AE1B9B9D4977
:109CE000013B1BA81B9301F0D5FE10B91B9B013350
:109CF0001B93DFF874B24FF0000AA8E60A2101FBBB
:109D00000E3EAEF1300EB8E7BE46C8E7692BDED096
:109D10006E2B7FF4BAAE90491BA801F0BBFE002861
:109D20003FF4B3AE1B9B1B78282B0ED11EAA8B4988
:109D30001BA801F0C3FE052807D11F9BDDF878A002
:109D400043F0FF4B4BF4E00B81E6DFF824B2D2E79F
:109D5000AEEB02030693059B0798002B08BF234632
:109D6000102C0593A046A8BF4FF01008FEF72EF860
:109D7000092C82468B4613DC069B002B3FF467AE12
:109D8000069B7ADD162B61DC754A02EBC30EDEE919
:109D9000000152465B46FEF793F882468B4656E634
:109DA0006F4B03EBC80353E91223FEF789F806460D
:109DB00028460F46FEF70AF802460B46304639465B
:109DC000FDF7C8FE0F2C82468B46D5DD069BA4EB23
:109DD00008089844B8F1000F40F3968018F00F037C
:109DE0000AD05F4901EBC30152465B46D1E900014D
:109DF000FEF766F882468B4638F00F0873D0B8F548
:109E00009A7F47DD0024A046079405942223DFF8BB
:109E100058B1C9F800304FF0000A079B002B3FF4FF
:109E200016AE1C99484601F01FFF0599484601F0FF
:109E30001BFF4146484601F017FF0799484601F0CD
:109E400013FF2146484601F00FFF00E6069AC4F1D1
:109E500025039342BADB424DC4F10F0405EBC40164
:109E600052465B46D1E90001FEF72AF8069B1C1B0F
:109E700005EBC405D5E900238DE713F1160FA5DB2B
:109E8000374AA2EBC302D2E9002350465946FEF7F7
:109E900041F982E70023334E4FEA281850465946CD
:109EA0001D46B8F1010F21DC0BB182468B462D4BCC
:109EB000ABF1547B03EBC50552465B46D5E9000187
:109EC000FDF7FEFF284B0A460B4028498B4282468D
:109ED00098D8A1F580118B4286BFDFF898B04FF07B
:109EE000FF3A02F1547B0023049377E018F0010F4E
:109EF00006D006EBC503D3E90023FDF7E1FF0123FC
:109F000001354FEA6808CCE7EDD0C8F1000818F039
:109F10000F020AD0124B03EBC20350465946D3E955
:109F20000023FEF7F7F882468B465FEA2818DAD05E
:109F3000B8F11F0F20DD0024A046079405942223CA
:109F40004FF0000A4FF0000BC9F8003065E700BF82
:109F50004BE90100CCEA010053E901008CE9010062
:109F600060EB010038EB01000000F07F0000A07CF6
:109F70000000F8FFFFFFEF7F18F0100318BF6A23FF
:109F8000A04D0493504659460023B8F1000F00F34A
:109F90000A810BB182468B46049BBBB1CBF30A53BB
:109FA000C3F16B03002B594610DD1F2B40F30781D3
:109FB000342BDEBF203B4FF0FF3202FA03F34FF0A9
:109FC000000ACCBF4FF05C7B03EA010B00220023A8
:109FD00050465946FEF7DCF90028ACD1079B0093A8
:109FE000059A08992346484601F090FE07900028FC
:109FF0003FF408AF069A069B002AC3F10003A8BFEE
:10A0000000230E93002422EAE2731693A046079BD6
:10A010004846596801F0F4FD059000283FF4F6AE7B
:10A02000079B1A69023203F10C0192000C30FEF713
:10A030003EFE1EAA1DA94BEC10AB4846CDE908AB6D
:10A0400002F020F91C9000283FF4E0AE01214846C0
:10A0500001F0E8FE804600283FF4D8AE1D9E1E9A0F
:10A06000002EABBF0E9B169B169D0E9FACBFF71824
:10A070009D1B049BF61A1644634B013E9E42C2F19F
:10A08000360280F2AF809B1B1F2BA2EB03024FF026
:10A09000010100F39B8001FA03F30F9300230A935D
:10A0A000BE18049BB74215441D443B46A8BF334627
:10A0B000AB42A8BF2B46002BC2BFF61AED1AFF1AFF
:10A0C0000E9BBBB141461A46484601F04BFF804605
:10A0D00000283FF49BAE01461C9A484601F0ABFEB7
:10A0E0000C9000283FF492AE1C99484601F0BCFD4C
:10A0F0000C9B1C93002E7ADC069B002B08DD169A25
:10A100000599484601F02EFF059000283FF47EAEE9
:10A11000002D08DD2A460599484601F071FF05909B
:10A1200000283FF473AE002F08DD41463A4648460A
:10A1300001F066FF804600283FF468AE059A1C993E
:10A14000484601F0CBFF044600283FF45FAEC368E9
:10A150000C930023C360414601F0A6FF002855DAA6
:10A160000C9BE3B9BAF1000F19D1CBF31303B3B9C8
:10A170002BF000431B0D1B05B3F1D66F0FD963699C
:10A1800013B92369012B0ADD21460122484601F05B
:10A1900037FF4146044601F087FF002867DC049B37
:10A1A000002B71D13DE618F0010F04D0D5E9002352
:10A1B000FDF786FE01234FEA68080835E5E64FF013
:10A1C000FF3202FA03F303EA0A0AFFE6C6F17F460A
:10A1D00006F57F0606F57B46E23601FA06F30A939A
:10A1E0000F915DE700230A9301230F9358E732464E
:10A1F0001C99484601F004FF1C9000287FF47CAFB6
:10A2000004E600BFA0E9010002FCFFFF5D4640F04C
:10A2100086800C9ACBF313032AB3AF4A934253D1EF
:10A22000049B5046D3B1AD4A2A40B2F1D46F4FF0EF
:10A23000FF3116D8120DC2F16B0301FA03F39842F5
:10A2400042D1A74B9D4202D101303FF4DFADA34B79
:10A250002B4003F5801B4FF0000AA0E74FF0FF33BF
:10A26000EDE70B46EBE77BBBBAF1000F2CD104996D
:10A270009A4A5B46F1B102EA0B01B1F1D66F19DCE3
:10A28000B1F15C7F7FF75BAE964A0023CDE91432D3
:10A2900050465946DDE91423FDF712FE82468B46EF
:10A2A00000297FF4BEAD00287FF4BBAD2223C9F89E
:10A2B0000030B6E51340A3F580136FEA135B6FEA35
:10A2C0000B5B4FF0FF3A6AE70A9B93B12B423FF4D6
:10A2D00066AF0C9B049A5046594673B1FFF75AFB80
:10A2E00002460B46DDE90801FDF734FC82468B4649
:10A2F00055E70F9B13EA0A0FE9E7FFF74BFB02460E
:10A300000B46DDE90801FDF723FC0022002382460D
:10A310008B46FEF73DF800287FF411AE3FE741463B
:10A32000204601F0FEFF57EC106B00224FF08043F7
:10A3300010EE100A3946FEF73FF8002877D00C9B44
:10A34000002B4AD0684B0022CDE90A23664F002635
:10A35000624B2B400F930F9A644B9A4240F0CE8091
:10A36000DDE90823DDE90A01A5F1547B4BEC10ABD4
:10A37000CDE91423CDE90A0101F00EFFDDE90A0160
:10A3800053EC102BFDF79CFD52465B46FDF7E2FBBC
:10A390000B465249564A1940914282465BD9099B65
:10A3A00002F15472934203D1089B01333FF42EAD66
:10A3B000DFF82CB14FF0FF3A1C99484601F054FCED
:10A3C0000599484601F050FC4146484601F04CFCD6
:10A3D0002146484601F048FC19E6BAF1000F1AD1AF
:10A3E000CBF31303EBB900223F4B30463946FDF760
:10A3F000D9FFC8B93046394600223E4BFDF760FD13
:10A4000006460F4607F1004318961993DDE9182315
:10A41000CDE90A239CE7BAF1010F02D1002D3FF4E8
:10A420008EAD0022344B8FE70026324FEAE7314BE6
:10A43000304639460022FDF743FD0C9B06460F4689
:10A4400033B901F1004310901193DDE91023DFE7E8
:10A45000CDE91067F9E703F1547B049B002BABD1E6
:10A460002BF000431B0D0F9A1B059A425D46A3D1AA
:10A4700039463046FDF7D4FFFDF7B8FC0B460246DF
:10A4800039463046FDF764FB0C9B06460F4633B950
:10A49000BAF1000F03D1CBF31305002D6DD00AA341
:10A4A000D3E9002330463946FDF77CFF00287FF4CE
:10A4B000B8AC07A3D3E9002330463946FDF790FF37
:10A4C00000283FF479AFACE49535A094FFFFDF3F5F
:10A4D00035E5AF350000E03FFFFF0F000000F07FE3
:10A4E000FFFFEF7F000050390000F03F0000E07FE9
:10A4F000FFFF9F7C0000E03F0000F0BF049B33B3F0
:10A500000F9BB3F1D46F22D827A3D3E900233046A1
:10A510003946FDF751FFA0B139463046FDF7A8FF97
:10A52000002808BF0120FDF751FC0C9B06460F4692
:10A5300003BB01F1004312901393DDE91223CDE92F
:10A540000A230B9B0F9A03F1D6639B1A0B939DED85
:10A55000080BDDE90AAB01F01FFE504653EC102B4F
:10A560005946FDF7ADFCDDE90823FDF7F3FA824615
:10A570008B4672E7CDE91267DFE70DA3D3E900232D
:10A58000FDF710FF9CE700230D93179A1B9B1360A8
:10A59000FFF761BA652B4FF000023FF44EAB01218B
:10A5A00014460491FFF7CBBA0000C0FFFFFFDF4164
:10A5B0009535A094FFFFCF3F2DE97043244E254AE7
:10A5C0003468236A2DED028B002B08BF13460A4620
:10A5D00001462046FFF7FCF955EC104B10EE102A0F
:10A5E0002B4610EE100A2946FDF704FF30B1BDECF2
:10A5F000028B0020BDE8704302F0BABB204629461A
:10A60000FDF756FF08EE100ADFED137AB0EEC87AB8
:10A61000B4EE677AF1EE10FA14DD25F000494FF040
:10A62000FF320E4B20464946FDF7E4FE38B94FF0A5
:10A63000FF320A4B20464946FDF7BEFE10B1336893
:10A6400022221A60B0EE480ABDEC028BBDE870838E
:10A6500044000020A8000020FFFF7F7FFFFFEF7F66
:10A660002DE9F0478046894692461E460F463D46F4
:10A67000089815F8014BFEF785FA2044437813F04B
:10A68000080332D12D2C32D17C78BD1C0122002E42
:10A690005DD0102E09D1302C07D12B7803F0DF03C9
:10A6A000582B4FD16C7810260235002A14BF4FF07A
:10A6B00000416FF000410027B1FBF6FC384606FB75
:10A6C0001C1EA4F13003092B17D81C46A64223DD1B
:10A6D0007B1C07D084451CD301D1A64519DB00FBA8
:10A6E0000640012715F8014BEBE72F46BFE72B2C5F
:10A6F00004BFBD1C7C781A46C9E7A4F14103192B9D
:10A7000001D8373CE2E7A4F16103192B04D8573C88
:10A71000DCE74FF0FF37E5E77B1C08D12223C8F8C0
:10A7200000300846BAF1000F07D1BDE8F08702B14A
:10A730004042BAF1000FF8D00FB105F1FF39CAF865
:10A740000090F2E73024002EAFD10826ADE7302C80
:10A75000A3D00A26A9E7FFFF37B5064C064D2468AB
:10A76000246A002C08BF2C460094FFF779FF03B041
:10A7700030BD00BF44000020A8000020084B37B5C2
:10A780001C68084D236A002B08BF2B460093134614
:10A790000A4601462046FFF763FF03B030BD00BF05
:10A7A00044000020A80000202DE9F047804689469B
:10A7B00092461E460F463D46089815F8014BFEF797
:10A7C000E1F92044437813F0080330D12D2C30D127
:10A7D0007C78BD1C0121002E5CD0102E09D1302CBC
:10A7E00007D12B7803F0DF03582B4ED16C7810265D
:10A7F00002354FF0FF320023B2FBF6F206FB02FCFB
:10A800006FEA0C0C1846A4F13007092F17D83C4604
:10A81000A64223DD002B1EDB82421CD301D1A445BE
:10A8200019DB00FB0640012315F8014BEBE72F462F
:10A83000C1E72B2C04BFBD1C7C781946CBE7A4F1E3
:10A840004107192F01D8373CE2E7A4F16107192F1E
:10A8500004D8573CDCE74FF0FF33E5E7002B09DA7B
:10A860002223C8F800304FF0FF30BAF1000F07D1B3
:10A87000BDE8F08701B14042BAF1000FF8D00BB14A
:10A8800005F1FF39CAF80090F2E73024002EB0D16C
:10A890000826AEE7302CA4D00A26AAE737B5064C26
:10A8A000064D2468246A002C08BF2C460094FFF74C
:10A8B0007BFF03B030BD00BF44000020A800002093
:10A8C000084B37B51C68084D236A002B08BF2B4680
:10A8D000009313460A4601462046FFF765FF03B082
:10A8E00030BD00BF44000020A800002049B1FF2A6D
:10A8F00085BF8A2303600A704FF0FF3098BF0120A4
:10A900007047084670472DE9F74F03690C69A34269
:10A910008046C0F28280013C01F114074FEA840CAA
:10A9200000F1140657F8245056F8240006EB0C03E7
:10A93000013507EB0C090193B0FBF5F595B34FF02A
:10A94000000A3846B646D34650F8042B93B205FBAE
:10A9500003A34FEA134A9BB2ABEB0303120CDEF8DE
:10A9600000B005FB02A213FA8BF34FEA124A1FFA5A
:10A9700082FBDEF80020CBEB124202EB23429BB2BB
:10A9800043EA024381454FEA224B4EF8043BDBD2B7
:10A9900056F80C3033B9019B043B9E421A4630D323
:10A9A000C8F81040404601F07FFB002825DB013548
:10A9B00030464FF0000C57F8042BD0F800E093B26B
:10A9C000ACEB0303120C13FA8EF3C2EB1E4202EB44
:10A9D00023429BB243EA0243B9454FEA224C40F876
:10A9E000043BE8D256F8242006EB84032AB9043B42
:10A9F0009E421A460BD3C8F81040284603B0BDE863
:10AA0000F08F1268043B002ACAD1013CC5E71268E6
:10AA1000043B002AEFD1013CEAE70020EEE7FFFF0C
:10AA20002DE9F04F57EC106B97B0456A069104463C
:10AA30000B921293DDF88080CDE900673DB91020BC
:10AA4000FEF7B2F86062C0E901550560C560636A4F
:10AA5000196851B15A684A60012393408B602046BF
:10AA600001F002F9636A00221A603B1EBBBF23F0AB
:10AA70000043019300230122ACBFC8F80030C8F89E
:10AA80000020AF4BDDF8048033EA080314D1129A9A
:10AA900042F20F731360009B23B9C8F31300002820
:10AAA00000F04285219BDFF8ACB2002B00F044851A
:10AAB0000BF1030300F03EBDDDE900670022002337
:10AAC00030463946FDF764FC814668B1129A01238D
:10AAD0001360219B002B00F024859A4B219A03F1EF
:10AAE000FF3B136000F028BD14AA15A947EC106BBA
:10AAF000204601F0C7FBC8F30A550490002D7CD016
:10AB0000C7F3130343F07F5BB2464BF4401BA5F23F
:10AB1000FF35CDF84C9000228B4B50465946FDF73F
:10AB200017F881A3D3E90023FDF7CAF980A3D3E97D
:10AB30000023FDF70FF8064628460F46FDF756F9A5
:10AB40007DA3D3E90023FDF7BBF902460B4630464F
:10AB50003946FCF7FFFF06460F46FDF761FC002271
:10AB60008246002330463946FDF71CFC48B150466A
:10AB7000FDF73CF932463B46FDF70AFC08B90AF1FD
:10AB8000FF3ABAF1160F59D8704901EBCA01DDE955
:10AB90000023D1E90001FDF723FC002850D00AF181
:10ABA000FF3A00230F93149B5D1BB5F1010849BFC9
:10ABB000C5F10103002305934FF0000858BF05932A
:10ABC000BAF1000F3EDB0023D044CDF838A0079344
:10ABD000069B092B00F29080052BC4BF043B069313
:10ABE000069BA3F10203CCBF00250125032B00F235
:10ABF0008F80DFE803F07D7F3171DDE914531D4460
:10AC000005F23240202813DDC0F14000009B08FA15
:10AC100000F805F2124023FA00F048EA0000FDF7C0
:10AC2000D5F801238246A1F1F87B013D139372E729
:10AC3000009BC0F1200003FA00F0F0E70123B1E728
:10AC40000F90B0E7059BA3EB0A030593CAF100033D
:10AC5000079300230E93BBE701230A930B9B002B62
:10AC600059DD02939946666A00227260042202F15D
:10AC700014009842716853D9204600F0C1FF636AFE
:10AC80003060B9F10E0FD3F800B000F2E680002D6D
:10AC900000F0E3809DED007BBAF1000F8DED107B9D
:10ACA00074DD2A4A0AF00F0302EBC30393ED007B25
:10ACB0004FEA2A16F0068DED087B65D5244BDDE9B9
:10ACC0001001D3E90823FDF725FACDE9000106F0CC
:10ACD0000F0603251E4F4CE001230A930B9B5344A0
:10ACE00003F1010902934B46012BB8BF0123BAE7D8
:10ACF0000023B2E70023F0E70125002306930A951D
:10AD00004FF0FF3302939946002212230B92AAE7D9
:10AD100001230A93F4E70123029399461A46F5E7C3
:10AD2000013171605200A2E761436F63A787D23F90
:10AD3000B3C8608B288AC63FFB799F501344D33F2A
:10AD40000000F07FB8D501000000F83F60EB010083
:10AD500038EB0100D2EA0100F10708D5DDE908016E
:10AD6000D7E90023FDF7ACF8CDE9080101357610ED
:10AD70000837002EF0D1DDE90823DDE90001FDF7F9
:10AD8000C9F9CDE900011AE00225A3E700F0A0808F
:10AD9000CAF100069F4BA04F06F00F0203EBC2035F
:10ADA000D3E90023DDE91001FDF78AF8CDE90001C0
:10ADB000361100230225002E7FD1002BE1D10F9BFD
:10ADC000002B00F08780DDE900670022934B3046BE
:10ADD0003946FDF7E7FA00287CD0B9F1000F79D0A9
:10ADE000029B002B35DD0AF1FF3308933946002220
:10ADF0008B4B3046FDF764F8CDE90001029F013529
:10AE00002846FCF7F3FFDDE90023FDF759F800229F
:10AE1000844BFCF79FFE0546A1F15076002F5DD1D3
:10AE20000022814BDDE90001FCF792FE2A46334601
:10AE3000CDE90001FDF7D4FA002840F088822A46C7
:10AE400006F10043DDE90001FDF7ACFA002840F00F
:10AE50007C82DDE91023CDE90023159B002BC0F295
:10AE60005081BAF10E0F00F34C816A4B03EBCA0319
:10AE700093ED007B0B9B002B8DED027B80F2D88045
:10AE8000B9F1000F00F3D48040F05E820022664BDF
:10AE900051EC170BFDF714F8DDE90023FDF796FAE6
:10AEA0004F464E46002840F0348231230BF1010515
:10AEB0008BF800300AF1010A2FE2F20705D5D7E935
:10AEC0000023FCF7FDFF013501237610083772E7F8
:10AED000022574E7CDF820A04F4691E74D4B03EBD8
:10AEE000C70353E902010A9B002B47D002460B46D9
:10AEF00000204E49FDF70EF92A463346FCF728FE9E
:10AF0000CDE90C015D46DDE90001FDF789FA064651
:10AF1000FCF76CFF02460B46DDE90001FCF718FE6A
:10AF2000303605F8016BDDE90C23CDE90001FDF7B2
:10AF300039FA002863D1DDE9002300203749FCF706
:10AF400007FEDDE90C23FDF72DFA002840F0B7805D
:10AF5000A5EB0B039F427FF77CAF0022304BDDE96E
:10AF60000C01FCF7ADFF0022CDE90C012C4BDDE913
:10AF70000001FCF7A5FFCDE90001C4E72A463346EE
:10AF8000FCF79EFFCDE90C010BEB07055E46DDE902
:10AF90000001FDF745FA0746FCF728FF3037024667
:10AFA0000B46DDE90001FCF7D3FD06F8017BAE425C
:10AFB000CDE900014FF0000226D11C4BDDE90C0168
:10AFC000FCF7C8FD02460B46DDE90001FDF708FA73
:10AFD000002874D1DDE90C2300201449FCF7B8FDEA
:10AFE00002460B46DDE90001FDF7DCF900283FF4DD
:10AFF00030AF15F8013C302B05F1FF3202D0DDF8FF
:10B0000020A04AE01546F4E7054BFCF759FFCDE9CF
:10B010000001BCE760EB010038EB01000000F03FED
:10B020000000244000001C40000014400000E03FED
:10B03000DDE900675D46DDE9022330463946FDF76C
:10B0400069F8FDF7EDF98046FCF7D0FEDDE9022353
:10B05000FCF736FF02460B463046394608F130060B
:10B06000FCF776FD05F8016BA5EB0B06B145024632
:10B070000B4639D1FCF76EFDDDE9022306460F468B
:10B08000FDF7AEF9C8B9DDE9022330463946FDF7D0
:10B090007FF910B118F0010F0FD10499204600F08C
:10B0A000E3FD0023129A2B700AF101031360219B28
:10B0B000002B00F041821D603EE2CDF820A015F883
:10B0C000012C392A05F1FF3308D19B450AD1089B91
:10B0D0000133089330238BF800305B461A78013235
:10B0E0001A708CE71D46EAE700229B4BFCF7E8FE4E
:10B0F0000022002306460F46FDF74AF900289AD0A1
:10B10000CBE70A9A002A00F08B80069A012A6EDCAF
:10B11000139A002A67D003F23343079F059D059ACF
:10B1200001211A4420460592984400F07BFE064611
:10B13000002D0CDDB8F1000F09DD4545059A2B46C1
:10B14000A8BF4346D21A0592ED1AA8EB0308079B45
:10B15000EBB10A9B002B67D08FB131463A462046AF
:10B1600000F000FF049A01460646204600F063FE08
:10B1700004990890204600F077FD089B0493079BF4
:10B18000DA1B04D00499204600F0ECFE0490012163
:10B19000204600F047FE0E9B0746002B00F0D081B2
:10B1A0001A460146204600F0DDFE069B012B0746AD
:10B1B00040DC009B002B39D1019BC3F31303002B10
:10B1C00036D1019B23F000431B0D1B052BB1059BC2
:10B1D0000133059308F10108012307930E9B002B0F
:10B1E0002AD1012030E0149BC3F1360395E7079B79
:10B1F00009F1FF37BB42BFBF079B0797FA1A0E9BA7
:10B20000BBBF9B180E93DF1B0027B9F1000FB5BF22
:10B21000059B059DA3EB09054B46B8BF00237EE7C0
:10B22000079F059D0A9E83E7079AABE70023D4E7B3
:10B23000009BD2E7002307933B6907EB8303186960
:10B2400000F0A2FDC0F12000404410F01F0047D0E4
:10B25000C0F12003042B3BDD059BC0F11C0003441F
:10B26000059305448044059B002B05DD1A4604998F
:10B27000204600F0C5FE0490B8F1000F05DD394608
:10B280004246204600F0BCFE07460F9B53B33946AA
:10B29000049800F009FF002824DA00230A22049908
:10B2A000204600F0F8FC0A9B04900AF1FF3A002BBC
:10B2B00000F04D81002331460A22204600F0EBFCCD
:10B2C000029B002B06464FDC069B022B4CDD11E057
:10B2D000C9D0059A1C331A4405921D449844C2E70C
:10B2E0000346F6E7B9F1000F38DC069B022B35DD8B
:10B2F000CDF80890029B63B939460522204600F03C
:10B30000CAFC01460746049800F0CEFE00283FF72D
:10B31000CCAD0B9B5D466FEA030A4FF0000939463E
:10B32000204600F0A1FC002E3FF4B7AEB9F1000FAB
:10B3300005D0B14503D04946204600F095FC314682
:10B34000204600F091FCA8E600273E46E1E7DDF844
:10B3500020A03E46A9E500BF000024400A9BCDF88E
:10B360000890002B00F0FA80002D05DD31462A46BA
:10B37000204600F045FE0646079B002B4CD0716826
:10B38000204600F03DFC326902320546920006F18B
:10B390000C010C30FDF78BFC01222946204600F001
:10B3A0002FFE009BCDF814B003F00103B1460793C4
:10B3B000064639460498FFF7A6FA4946054600F1C5
:10B3C0003008049800F070FE32460090394620465E
:10B3D00000F084FEC368024603BB0146089004984F
:10B3E00000F062FE089A034611462046089300F0DA
:10B3F0003BFC089BA3B9069A92B9079A82B9B8F1A7
:10B40000390F29D0009B002B01DD05F13108059B88
:10B410005D1C83F8008082E73046C2E70123E3E742
:10B42000009A002A04DB25D1069A1ABB079A0ABBA8
:10B43000002BECDD01220499204600F0E1FD3946A5
:10B44000049000F031FE002803DCE0D118F0010F79
:10B45000DDD0B8F1390FD8D1059B059A5D1C392391
:10B46000137015F8013C392B05F1FF324FD0013331
:10B47000137054E7059A002B02F1010506DDB8F1BF
:10B48000390FE9D008F10108059BC2E7029A05F8D7
:10B49000018CA5EB0B03934221D000230A220499CF
:10B4A000204600F0F8FBB14504904FF000034FF048
:10B4B0000A024946204605D100F0EDFB81460646CA
:10B4C000059576E700F0E7FB3146814600230A2226
:10B4D000204600F0E0FB0646F2E74FF000090122AB
:10B4E0000499204600F08CFD3946049000F0DCFD04
:10B4F0000028B6DC02D118F0010FB2D115F8013CDA
:10B50000302B05F1FF327FF40AAF1546F6E793457D
:10B5100005D131230AF1010A8BF80030FFE6154608
:10B520009FE7DFF864B007E0219BDFF860B01BB154
:10B530000BF10803219A1360584617B0BDE8F08F4D
:10B54000069B012B7FF735AE0E9B079349E6029BC6
:10B55000002B03DC069B022B3FF7CCAE5D46394641
:10B560000498FFF7D0F900F1300805F8018B029A32
:10B57000A5EB0B039A42B0DD00230A220499204672
:10B5800000F089FB0490EAE7B7D50100C9EA0100A1
:10B59000F0B506694B119E4200F1140430DD11F044
:10B5A0001F0104EB860604EB830208D12146B24258
:10B5B0000B4611D252F8043B41F8043BF7E754F82C
:10B5C0002350C1F1200CCD4004322346B24217462D
:10B5D0000CD31D6005B104331A1BA3424FEAA2022B
:10B5E00008BF0023026108BF4361F0BD3F6807FA4E
:10B5F0000CF73D4343F8045B52F8045BCD40E5E7AC
:10B600002346E9E7A0F13003092B02D82038C0B265
:10B610007047A0F16103052B01D84738F7E7A0F187
:10B620004103052B01D82738F1E7002070472DE9A9
:10B63000F04F8BB08A46029016980693904600F021
:10B64000CDFA036803931846FEF747F9039B019070
:10B6500003444FF0000B13F8013C0793DAF8003075
:10B6600002331F4613F8010B30286CD0FFF7CAFFD6
:10B67000044600286AD1019A03993846FEF749F931
:10B68000002866D1019BF85CFE18FFF7BBFF00287D
:10B6900062D03346187830281F4603F10103F9D0F1
:10B6A000FFF7B0FFB0FA80F56D0934464FF0010B9B
:10B6B0003A46164601323078FFF7A4FF0028F8D149
:10B6C000019A03993046FEF724F950B954B9019B09
:10B6D000F4182246164601323078FFF793FF00280F
:10B6E000F8D10CB1A41BA4003378502B01D0702BDF
:10B6F00040D173782B2B31D02D2B33D0711C4FF0D0
:10B7000000090878FFF77EFF431EDBB2182B31D803
:10B71000A0F1100211F8010FFFF774FF431EDBB216
:10B72000182B22D9B9F1000F00D052421444CAF8A4
:10B7300000100DB3BBF1000F0CBF062700273846E1
:10B740000BB0BDE8F08F0BF1010B8AE700252C460A
:10B75000AEE73E460125C7E70446FBE74FF0000988
:10B76000B11CCEE74FF00109FAE70A2303FB0202FE
:10B77000103ACFE73146DAE7F31B013B2946072BA6
:10B7800049DC029800F03CFA019B00F114094FF0EB
:10B79000000BC3F101030546CDF81090DA4608937B
:10B7A000B7423BD3049840F804ABA0EB09008010EB
:10B7B00028614701504600F0E7FAD8F800603F1AC8
:10B7C000B74264DDBF1B3946284600F0F7FD8246CC
:10B7D00078B17B1E591103F01F024FF0010A59F88E
:10B7E00021100AFA02F20A4203D0534546DC4FF018
:10B7F000020A39462846FFF7CBFE3C44D8F8083009
:10B80000A34252DA2946029800F02EFA149A002335
:10B810001360A32793E701315B10B0E7731E059314
:10B82000079A16F8013C934218D0BBF1200F07D1BC
:10B83000049BC3F800A004334FF0000A0493D346DE
:10B8400016F8010CFFF7DEFE00F00F0000FA0BF017
:10B850004AEA000A0BF1040B059B0DE0059B089AD0
:10B860001344BB42E1D31846019A03990993FEF7AA
:10B8700050F8099B0028D8D11E4691E7B91E2846EA
:10B8800000F09CFD0028B2D04FF0030AB1E709DABE
:10B89000F71B29463A46029800F0B2FBE41B054626
:10B8A00000F114094FF0000AA8E7D8F80400A042FC
:10B8B0006ADD041BA6422EDCD8F80C30022B22D005
:10B8C000032B24D0012B15D1A64213D1012E0BDC62
:10B8D000069AD8F80430136001232B61C9F80030B0
:10B8E000149B62271D602AE7711E284600F066FD42
:10B8F0000028EDD12946029800F0B6F9149A0023E9
:10B90000136050271BE7159B002BE1D0F2E7159B36
:10B91000002BDDD1EEE7671EBAF1000F31D127B160
:10B920003946284600F04AFD82467A11012307F085
:10B930001F0703FA07F759F8223021461F4228460D
:10B9400018BF4AF0020A361BFFF722FED8F804405F
:10B950000227BAF1000F48D0D8F80C30022B15D0CE
:10B96000032B17D0012B09D11AF0020F06D0D9F8FA
:10B9700000304AEA030A1AF0010F0ED147F010070F
:10B9800033E04FF0010AD0E70127E2E7159BC3F14E
:10B9900001031593159B002BF0D0D5F8109005F1FD
:10B9A00014034FEA890A03EB0A014FF0000C184612
:10B9B00053F8042BB2F1FF3F1CD001320260022F7A
:10B9C00005F1140338D1D8F80020013AB2420AD167
:10B9D0007111012206F01F0653F8213002FA06F613
:10B9E0001E4218BF174647F02007149B1D60069B98
:10B9F0001C60A4E6994243F804CCD8D8AB689945BA
:10BA000012DB69680298013100F0FAF82A69023203
:10BA100005F10C01834692000C30FDF748F92946E8
:10BA2000029800F021F95D462B695A1C05EB83034F
:10BA30002A6101225A61C2E72A694A450BDD0121C8
:10BA40002846FFF7A5FDD8F808300134A342FFF6D9
:10BA5000D9AE0127C7E716F01F06FAD09A44C6F1FF
:10BA600020065AF8040C00F08FF9B042E7DBF0E74B
:10BA7000C2F10802920070B5C2F120064368046862
:10BA800003FA06F52C43D340046040F8043F884293
:10BA9000F4D370BD30B50368013311F8014B14B90C
:10BAA0000360012030BD13F8012BA2F14105192DCF
:10BAB00098BF2032A242F0D00020F3E72DE9F04FEA
:10BAC0000B6801685F1102EB870713F01F0387B053
:10BAD00018BF043700253E1F82469046019347F861
:10BAE000045CB14634460295AB464A784B1C03933E
:10BAF00042B3104605910492FFF784FD002843D11C
:10BB0000049A0599202A18D8029B9B4513DD4C45C1
:10BB100006D2072D04DC2A4649462046FFF7A8FF37
:10BB2000444544D90023A4F1040944F8043CCDF869
:10BB300008B04C461D460399D7E7292A4AD102315D
:10BB4000CAF80010BBF1000F44D04C4506D2072DB7
:10BB500004DC2A4649462046FFF78AFF444528D997
:10BB6000434654F8042B43F8042BA642F9D2002292
:10BB700043F8042B9E42FBD233681BB9464527D1BC
:10BB800001233360052026E00135082D0BF1010B60
:10BB900006DD4445CFD9002344F8043C0125043C8C
:10BBA000226800F00F0040EA02102060C3E7082579
:10BBB000C1E7019B002BDFD04FF0FF32C3F1200320
:10BBC00022FA03F357F8042C1A4047F8042CD3E761
:10BBD000043ED1E7042007B0BDE8F08FF030704795
:10BBE000044B1B68186A044B002808BF1846F03045
:10BBF000704700BF44000020A80000207047704735
:10BC000070B5456A04460E463DB91020FCF7CCFFDE
:10BC10006062C0E901550560C560656AEB6883B183
:10BC2000636ADB6853F82600B8B9012101FA06F50A
:10BC30006A1D9200204600F0E2FB60B1C0E9016598
:10BC40000EE021220421204600F0D9FB636AE8605F
:10BC5000DB68002BE4D1002070BD026843F8262089
:10BC60000023C0E90333F7E770B5446A06460D4682
:10BC70003CB91020FCF798FF7062C0E901440460F1
:10BC8000C4603DB1736A6A68DB6853F822102960AA
:10BC900043F8225070BD2DE9F0410D691F4606465C
:10BCA0000C4601F1140C0023DCF8000081B202FB09
:10BCB00001710F0C000C02FB007089B2013301EB23
:10BCC00000419D424FEA10474CF8041BECDCD7B111
:10BCD000A368AB4212DC616830460131FFF790FF88
:10BCE0002269023204F10C01804692000C30FCF70C
:10BCF000DEFF21463046FFF7B7FF444604EB8503DD
:10BD000001355F6125612046BDE8F0812DE9F843EA
:10BD10000C4615461F4609220833064693FBF2F3EC
:10BD2000002101229A4220DB3046FFF769FF089B81
:10BD30004361092D4FF00103036119DD04F1090886
:10BD4000C1462C4419F8013B0146303B0A223046DB
:10BD5000FFF7A1FFA145F5D108EB0504083C2D1B19
:10BD60006319BB4207DBBDE8F88352000131D9E714
:10BD70000A340925F3E714F8013B0146303B0A2257
:10BD80003046FFF788FFEBE7020C12040346B2B916
:10BD90000304102013F07F4F04BF1B02083013F080
:10BDA000704F04BF1B01043013F0404F04BF9B00D1
:10BDB0000230002B06DB5B0003D50130704700200A
:10BDC000E8E720207047036813F0070201460BD014
:10BDD000DA0723D4980749BF5B089B0801200B6052
:10BDE0005CBF0B600220704798B2A8B91B0C1020F2
:10BDF00013F0FF0F04BF1B0A08301A0704BF1B090A
:10BE000004309A0704BF9B080230DA0702D45B08AB
:10BE100006D001300B6070471046E9E700207047FC
:10BE20002020704710B50C460121FFF7E9FE0122E2
:10BE30004461026110BD2DE9F74F14460A69236978
:10BE40009A42B8BF0B468846BCBFA0461C46D8F8ED
:10BE50001070D4F81090D8F80830D8F8041007EB18
:10BE60000906B342B8BF0131FFF7CAFE00F114055D
:10BE700005EB860E2B460022734516D304F11402FF
:10BE800008F1140102EB890301EB87070093009B83
:10BE9000019293420CD8002E03DD5EF8043D002B86
:10BEA0005DD0066103B0BDE8F08F43F8042BE3E7F3
:10BEB000B2F800B0BBF1000F23D08946AC464FF07A
:10BEC000000859F8044BDCF800A0A3B21FFA8AFA64
:10BED0000BFB03A34FEA144ADCF8004043444FEA4B
:10BEE00014480BFB0A8404EB1344E2469BB243EA7A
:10BEF00004434F454FEA14484AF8043B2BD8CCF88A
:10BF00000480019BB3F802A00432BAF1000F20D0E4
:10BF10002B688946A8464FF0000BB9F800C0B8F866
:10BF200002400AFB0C445C44C4469BB243EA04430F
:10BF30004CF8043B59F8043BB8F804B01B0C0AFB5E
:10BF400003B303EB14434F454FEA134B05D8C8F82E
:10BF5000043004359BE7D446B3E7E046DDE7013E15
:10BF600099E7FFFF2DE9F843154612F00302064654
:10BF70000F4607D0013A214C002354F82220FFF746
:10BF80008AFE0746AD1035D0746A3CB91020FCF724
:10BF90000BFE7062C0E901440460C460D6F82480DE
:10BFA000D8F808404CB940F271213046FFF73AFF0B
:10BFB0000023C8F80800044603604FF00008EB07B0
:10BFC0000AD5394622463046FFF735FF39468146C5
:10BFD0003046FFF749FE4F466D100BD0206838B948
:10BFE000224621463046FFF726FF2060C0F8008039
:10BFF0000446E4E73846BDE8F88300BF28EC0100BA
:10C000002DE9F0470C464FEA621A236949680AEBAA
:10C010000309A3680746164609F10105AB4232DB66
:10C020003846FFF7EDFD0023804600F114011A4663
:10C0300053452BDB20692AEAEA7A04F1140316F04F
:10C040001F0201EB8A0103EB800C25D0C2F1200E08
:10C0500000201E688A46964030434AF8040B53F885
:10C06000040B9C4520FA0EF014D8486008B109F181
:10C070000205013D3846C8F810502146FFF7F4FD8F
:10C080004046BDE8F08701315B00C7E741F8232057
:10C090000133CDE75146DCE7043953F8042B41F86E
:10C0A000042F9C45F9D8E4E703690A699B1A30B567
:10C0B0000CD19200143014318418114454F8045DEA
:10C0C00051F8042D954203D005D30123184630BD05
:10C0D000A042F3D3FAE74FF0FF33F7E72DE9F0473B
:10C0E0000D460746114628461446FFF7DDFF061E9B
:10C0F00008D131463846FFF783FD0123C0E90436F5
:10C10000BDE8F087A4BF23462C4638466168A6BF29
:10C110001D4600260126FFF773FD2B69C6602669C0
:10C1200005F1140904F1140202EB860709EB8308F8
:10C1300000F114054FF0000E52F804AB59F8044B0F
:10C140001EFA8AF1A3B2C91A230CC3EB1A4303EBFC
:10C15000214389B24FEA234EC84541EA034394463E
:10C1600045F8043BE8D8BC4504D355F8043D83B1F9
:10C170000661C5E75CF8041B1EFA81F31A1402EB92
:10C1800011429BB243EA02434FEA224E45F8043B78
:10C19000E9E7013EE9E7FFFF124B10EE902A1A4053
:10C1A000A2F15073002B04DD0020194641EC100B66
:10C1B00070475B421B15132B4FF000004FF000013E
:10C1C00004DC4FF4002242FA03F1EFE7143B1E2B8C
:10C1D0004FF00102DABFC3F11F0302FA03F3134663
:10C1E0001846E3E70000F07FF8B5056900F1140791
:10C1F00007EB85052E1F55F8044C2046FFF7C4FDBC
:10C20000C0F120030A280B60DFF874C014DCC0F111
:10C210000B0E24FA0EF1B74241EA0C0334BF55F875
:10C22000081C0021153004FA00F021FA0EF140EA52
:10C23000010243EC102BF8BDB7423ABFA5F1080646
:10C2400055F8081C00210B3815D08440C0F120059A
:10C2500044F07F5444F44014BE4221FA05FC44EA01
:10C260000C038CBF56F8044C002401FA00F0EC409B
:10C2700040EA0402DDE744EA0C030A46D9E700BFBE
:10C280000000F03F2DE9F7430E46012159EC108BD9
:10C290001546FFF7B5FCC9F30A540746C9F3130363
:10C2A00034BB0193B8F1000327D002A840F8083D41
:10C2B000FFF789FD0099F0B1019AC0F1200302FA5D
:10C2C00003F30B43C2407B610192019BBB61002BD6
:10C2D00014BF022101213961C4B1A4F233440444E2
:10C2E0003460C0F135002860384603B0BDE8F08303
:10C2F00043F48013D5E77961E7E701A8FFF763FD11
:10C30000019B7B61012139612030E5E707EB810367
:10C31000A0F2324030601869FFF736FDC0EB4110E3
:10C32000E1E72DE9F74F884669468146FFF75CFF54
:10C3300001A9404657EC106BFFF756FFD9F81030B3
:10C34000D8F81020A3EB020CDDE900329B1A03EBB6
:10C350004C135BEC10AB002BCEBF3A46C3EB033360
:10C360005A4659463D46D4BF02EB035102EB0355F2
:10C37000304610EE102A0B462946FBF7CBFE41EC67
:10C38000100B03B0BDE8F08F013910B549111469E5
:10C39000013102F1140300EB810103EB8404A34299
:10C3A000024603D300238A4205D310BD53F8042B61
:10C3B00040F8042BF3E742F8043BF4E700F11402E1
:10C3C00000694B11984210B511DB0ADD11F01F0115
:10C3D00007D052F8234024FA01F000FA01F18C4210
:10C3E0000BD102EB8303934203D8002010BD034618
:10C3F000F7E753F8041D0029F5D00120F6E738B51A
:10C4000002FB01F42146FCF7CDFC054618B122469B
:10C410000021FCF770FC284638BDF8B507461446E5
:10C420000E4621B91146BDE8F840FCF7BBBC22B965
:10C43000FCF76AFC25462846F8BD00F0D9FCA0426E
:10C440000FD221463846FCF7ADFC05460028F2D055
:10C4500031462246FCF72BFC31463846FCF754FCAB
:10C46000E9E73546E7E72DE9F0478E689E428246C8
:10C470000C469046994637D88A8912F4906F31D08D
:10C48000256809696F1A6569022305EB450595FB67
:10C49000F3F509F101033B449D4238BF1D465305A6
:10C4A00030D52946FCF77EFC064650B90C23CAF865
:10C4B0000030A38943F04003A3814FF0FF30BDE873
:10C4C000F0873A462169FCF7F2FBA38923F49063D5
:10C4D00043F08003A381266165613E44ED1B266025
:10C4E000A5604E464E4500D94E463246414620682C
:10C4F000FCF7E8FBA3689B1BA36023681E4426602F
:10C500000020DCE72A46FFF788FF06460028E2D134
:10C5100021695046FCF7F8FBC8E7FFFF2DE9F04F13
:10C520009DB0804603938B891D060C4616460FD599
:10C530000B696BB94021FCF735FC2060206128B9FC
:10C540000C23C8F800304FF0FF30C7E04023636190
:10C550000023099320238DF8293030238DF82A30C9
:10C560004FF0010B37463D4615F8013B0BB1252B2B
:10C570003ED1B7EB060A0BD0534632462146404621
:10C58000FFF771FF013000F0A480099B5344099329
:10C590003B78002B00F09D8000234FF0FF32CDE967
:10C5A0000523049307938DF853301A932F460522E1
:10C5B00017F8011B4F48FCF71BFB049BD0B9D906A9
:10C5C00044BF20228DF853201A0744BF2B228DF838
:10C5D00053202A782A2A15D0079A2F4600200A25A8
:10C5E000394611F8013B303B092B4DD9B8B10FE06A
:10C5F0002F46B8E73F4A801A0BFA00F01843049020
:10C600003D46D3E7039A111D12680391002A01DB0E
:10C61000079204E0524243F00203079204933B78EE
:10C620002E2B0CD17B782A2B33D1039B1A1D1B6830
:10C630000392002BB8BF4FF0FF33023705932E4D06
:10C64000397803222846FCF7D3FA38B14023401B3F
:10C6500003FA00F0049B0343013704933978274819
:10C660008DF8281006227E1CFCF7C2FA002838D06C
:10C67000234B13BB039B073323F0070308330393B8
:10C68000099B4B4409936DE705FB023201200F46DD
:10C69000A6E700230137059319460A25384610F806
:10C6A000012B303A092A03D9002BC8D00591C6E7DF
:10C6B00005FB012101230746F0E703AB0093224667
:10C6C000104B04A94046FCF75BFCB0F1FF3F8146EC
:10C6D000D6D1A3895B063FF536AF09981DB0BDE8FA
:10C6E000F08F03AB00932246064B04A94046FCF7AB
:10C6F000FDFEEAE734EC01003AEC01003EEC0100FB
:10C70000818F010067C4010038B54B1C144603D16A
:10C710004FF0FF35284638BD938923F020039381DD
:10C72000636B5268CDB28BB1A36B934208DD236873
:10C730005A1E226003F8015C636801336360E9E715
:10C74000214600F01BFB0028F1D0E1E721692368B6
:10C7500051B1994208D213F8011CA94204D1013BFE
:10C76000013223606260D5E7C4E90F3204F144036B
:10C7700063630323A363234603F8465F2360012317
:10C78000DCE710B50C46496B69B104F144039942EA
:10C7900001D0FCF7B9FA236C63600020606313B129
:10C7A000E36B236010BD2369236000236360A389CA
:10C7B00043F02003A3814FF0FF30F3E72DE9F04F62
:10C7C000ADF5257D0DF10C080193002346934793A9
:10C7D0009E4BA293DFF87C929D4BCDF820810646BC
:10C7E0000C469246A3930A279AF80030002B00F0DB
:10C7F0002A815546FCF7CAF915F801BB584443781D
:10C8000013F008031CD06368002B12DDFCF7BEF99F
:10C8100023681A7810444278120701D4AA46E3E745
:10C82000479A0132479262680133013A626023609D
:10C83000E9E7A39B2146304698470028E6D0EDE77C
:10C84000BBF1250F40F08280459343939AF8013065
:10C850002A2B03D1102343930AF10205AA4615F8A7
:10C86000011BA1F13002092A22D903227948FCF7E1
:10C87000BFF938B1A0EB090301209840439B18434E
:10C880004390AA469AF80030672B0AF101052BD88D
:10C89000652B80F09F80472B10D8452B80F09A8025
:10C8A000002B6CD0252B51D003234993449727E0CC
:10C8B000459B07FB0313303B4593CFE75B2B6AD0C7
:10C8C0000CD8582BF0D1439A42F4007243921022B4
:10C8D00044926E2B8CBF0423032310E0632B65D09E
:10C8E000642BE1D14497F4E7702B4BD026D86E2B04
:10C8F00062D04CD8692BD7D10023449303234993AA
:10C900006368002B68DD439B590607D4FCF73EF9AA
:10C9100023681A7810444278120764D4499B022B8A
:10C9200073DC01AB224643A9304600F097F801289A
:10C9300000F0898002287FF471AF1DE0752BD1D003
:10C94000782BC0D0732BAFD10223D8E76368002BBC
:10C950000CDD23681A785A4575D10133626823606B
:10C96000479B013A01336260479357E7A39B2146F7
:10C97000304698470028ECD04698002859D14FF00F
:10C98000FF305CE0439A42F0200243929BE7082389
:10C9900044930423B3E72946404600F0B7F9439B8C
:10C9A00043F04003439305460123A8E7439B43F02C
:10C9B000400343930023A2E74398C3063FF52EAFFD
:10C9C000019B479A191D01911B68C0074CBF1A8033
:10C9D0001A6023E7052392E7A39B21463046984738
:10C9E000002890D0C8E7479A013247926268013A1E
:10C9F000002A626002DD0133236087E7A39B2146A2
:10CA000030469847002881D0B6E7042B06DC01ABFE
:10CA1000224643A9304600F085F888E70E4B002BEC
:10CA20003FF4FCAE01AB224643A93046AFF3008091
:10CA30007DE7A38913F0400F18BF4FF0FF300DF5CD
:10CA4000257DBDE8F08F4698F9E700BF09C70100D2
:10CA500083C701003AEC0100000000002DE9F0411D
:10CA600015468A6880460C4632B98A69002A14BF86
:10CA70004FF0FF3201228A602268D1065FBF1A6838
:10CA8000111D196017680026A369DBB1012B07D1BE
:10CA90002B6862691B78D35CA3B9002E32D106E003
:10CAA000022B07D0002E2DD1A369012B2AD1012002
:10CAB000BDE8F081FCF76AF82B681B7818444378CE
:10CAC0001B07EFD42368DA065EBF2B681B783B7028
:10CAD0002A686B6802F101022A60A26803F1FF3341
:10CAE00002F1FF326B6006F1010658BF0137A26008
:10CAF00042B1002BC8DCD4F8803129464046984723
:10CB00000028C1D0236813F0100305D1E268013278
:10CB1000E260A26902B13B7023691E4426610020D5
:10CB2000C6E7FFFF2DE9F04F9A46744B0C4683464B
:10CB3000164693E8070087B003ABA76883E80700B1
:10CB40006F4BA1696F4A032908BF1A467B1EB3F5D4
:10CB5000AE7F84BF40F25D13A3602368009243F46C
:10CB6000506388BF6FF4AE7504F11C0923608CBF5D
:10CB70007F1900274B464FF000080193316803AB43
:10CB8000022253F828000978FCF732F8019B30B3F1
:10CB9000B8F1010F5AD162682AB92268082142F41B
:10CBA000007261602260226822F4A0622260A268A2
:10CBB000511EA1609AB13268511C316012781A700E
:10CBC0005D1C7368013B002B736007DCD4F8803177
:10CBD000314658469847002840F086802B4608F199
:10CBE0000108B8F1030FC8D162680AB90A2262606D
:10CBF0006268454960690193891A00F087F8019BD2
:10CC00004FF000081D46A3682268002B3AD0316817
:10CC1000606991F800C010F80C00002832D0BCF117
:10CC2000300F21D110051FD508F1010817B10133CC
:10CC3000013FA3607368013B002B73601BDD336809
:10CC400001333360A368013BA360DCE7B8F1020F56
:10CC5000ADD1226802F4C061B1F5007FBFD11021CF
:10CC6000616042F48072A1E722F4106222600B78C6
:10CC70002B700135DEE7D4F88031314658469847AD
:10CC80000028DFD02368D9050CD54D4508D915F803
:10CC9000011CD4F87C313246584698476F1E3D46F9
:10CCA0004D4529D0226812F0100213D12A70636812
:10CCB000009E49465846B047DAF8003021681A1DF0
:10CCC000CAF8002011F0200F1B6810D01860E3682C
:10CCD0000133E360A5EB0905A844256945442561B6
:10CCE000002007B0BDE8F08F4FF00008CAE7CA0780
:10CCF0004CBF18801860EAE70120F2E748EC010019
:10CD000059A701009DA8010064EC010070B50B78E3
:10CD10005E2B13BF4A1C8A1C4B78002108BF0121DF
:10CD2000441E00F1FF0504F8011FAC42FBD113B90A
:10CD3000013A104670BD81F00104C454511C11F831
:10CD4000015C2D2D01F1FF360A4606D05D2DF0D095
:10CD50000DB93246EDE72B46EFE70E785D2EFAD09F
:10CD6000B342F8DC01339E42C454FBDC0231E6E7F7
:10CD70009FED010A704700BF0000C07F2DE9F04120
:10CD80000C46496B04F1440399421DD14FF4806174
:10CD9000FCF708F818B94FF0FF30BDE8F0814FF408
:10CDA0008063A36394F84630606380F8FF3394F89F
:10CDB000453080F8FE3394F8443080F8FD3300F2BB
:10CDC000FD3020600020E8E7A66B77003A46FFF7C9
:10CDD00024FB05460028DED000EB0608014632465B
:10CDE0004046FBF764FFC4F80080C4E90D57E9E74B
:10CDF00051F8043C181F002BBCBF0B58C0187047DB
:10CE0000024B58221A604FF0FF3070478C430020CD
:10CE1000024B58221A604FF0FF3070478C430020BD
:10CE2000FEE700BF4275696C742077697468205210
:10CE3000656E6573617320416476616E636564201D
:10CE4000466C657869626C6520536F6674776172B1
:10CE500065205061636B6167652076657273696FE9
:10CE60006E20342E302E3000342E302E3000000054
:10CE700000000004F8B500BFF8BC08BC9E4670472F
:10CE8000F8B500BFF8BC08BC9E4670470000000023
:10CE900000000000CD4E0000C34E00000141000024
:10CEA000A54E00008010F001BF406164647265739C
:10CEB000735F6D61702E637376207772697465207D
:10CEC0006661696C65640043414348455F57524958
:10CED00054455F4641494C006D61783D25752061A0
:10CEE00064647265737365730042415443485F50D4
:10CEF000524F42450044454255473D66616C73655B
:10CF00000A004543553D25730A00444546533D25D7
:10CF1000730A0042415443484D41583D25750A006B
:10CF2000706172616D5F69642C6E616D652C616406
:10CF300064726573732C6C656E2C747970652C65E6
:10CF40006E6469616E2C657870722C756E6974738D
:10CF50002C646570730A002F6C6F676765722F25EC
:10CF600073003C70726F746F636F6C0069643D2274
:10CF700053534D22003C2F70726F746F636F6C3E81
:10CF8000003C73776974636820003C706172616D66
:10CF90006574657220003C656375706172616D2017
:10CFA000006E616D653D00627974653D0065637575
:10CFB00062797465696E6465783D00656375626960
:10CFC000743D003C2F706172616D657465723E0046
:10CFD0003C2F656375706172616D3E003C646570E5
:10CFE000656E6473003C61646472657373006C65A4
:10CFF0006E6774683D003C72656620007061726106
:10D000006D657465723D003C2F646570656E647378
:10D010003E003C636F6E76657273696F6E003C65AF
:10D02000637520003C65637509003C2F6563753EA0
:10D03000002F6C6F67676572006C6F676765725F62
:10D04000002D2D3E003C212D2D003C70726F666935
:10D050006C650070726F746F636F6C3D0043414E7E
:10D060000053534D0069643D002C005B43414C4329
:10D070005D2064657020736C6F742066756C6C2C19
:10D0800020736B697070696E673A20005B43414C96
:10D09000435D206C6F61646564206465703A2000B4
:10D0A0005B43414C435D20646570206E6F74206962
:10D0B0006E20636163686520286576616C756174B4
:10D0C000657320746F2030293A2000257325730082
:10D0D0006361703D25752064726F707065643D25D5
:10D0E0007520282573290042415443485F4C494D1F
:10D0F000495400253034642D253032642D253032DA
:10D100006420253032643A253032643A2530326466
:10D110002C25732C25730A005B5354415455535DE1
:10D1200020002F6C6F676765722F7374617475735D
:10D130002E6C6F67002F6C6F676765722F73746159
:10D140007475732E312E6C6F67005B53445D2073D2
:10D1500074617475732E6C6F6720726F746174657F
:10D1600064202D3E207374617475732E312E6C6FA4
:10D1700067000D0A0044454255473D0074727565CD
:10D18000004543553D00444546533D00424154430C
:10D19000484D41583D00706172616D5F69642C6E4D
:10D1A000616D652C616464726573732C6C656E2CA3
:10D1B000747970652C656E6469616E2C6578707227
:10D1C0002C756E6974732C64657073002573206E02
:10D1D0006F7420737570706F72746564206279204B
:10D1E00045435520E28094206C6F6767696E672025
:10D1F0007A65726F002F6C6F676765722F76657244
:10D20000626F73656C6F672E74787400256C750996
:10D2100025730A00256C750925732025730A00FF04
:10D22000C6E30100C9E30100CCE30100CFE3010044
:10D23000D2E30100D6E30100DAE30100DEE30100FE
:10D24000E2E30100E5E30100E8E30100ECE30100B3
:10D250004C4F475F434C4F534544002530325825CF
:10D260003032582530325825303258253032580067
:10D270007538007531360075333200693800693110
:10D28000360069333200666C6F61740063616C63F1
:10D29000756C61746564006E6F74666F756E6400A2
:10D2A00068657800626967006C6974746C65004336
:10D2B000414C43554C41544544004E4F54464F5504
:10D2C0004E440030782530366C58002667743B0099
:10D2D000266C743B0026616D703B00626974257595
:10D2E0000025732C25732C25732C25752C25732C68
:10D2F00025732C25732C25732C25730A0072656108
:10D30000736F6E3D46494C455F4D495353494E47F7
:10D3100000726561736F6E3D444546535F434841FB
:10D320004E474500756E6B6E6F776E6563752E7830
:10D330006D6C206372656174656400756E6B6E6FF1
:10D34000776E6563752E786D6C204641494C454477
:10D350000064656661756C74206C6F676765722E1A
:10D36000786D6C2063726561746564006C6F6767CB
:10D3700065722E786D6C204641494C454400756EAF
:10D380006B6E6F776E006E6F6E6500524F4D204969
:10D39000443D2573004543555F464F554E44005B61
:10D3A0004543555D20005B4543555D20666F756EB6
:10D3B0006420524F4D20494400726561736F6E3D89
:10D3C000524F4D5F49445F4348414E4745206E658B
:10D3D000773D25730043414348455F524547454EDD
:10D3E00000616464726573735F6D61702E63737640
:10D3F0002076616C69640043414348455F48495465
:10D4000000524F4D2049443D2573206E6F742069B2
:10D410006E20646566696E6974696F6E7320E28060
:10D4200094205020706172616D73206F6E6C790072
:10D430004543555F49445F4E4F545F464F554E44F8
:10D44000005B4543555D20454355204944206E6FA0
:10D450007420696E20646566696E6974696F6E73A5
:10D4600020E28094207573696E6720756E6B6E6F15
:10D47000776E6563752E786D6C002F6C6F676765CE
:10D48000722F756E6B6E6F776E6563752E786D6C2F
:10D490000045435520494400756E6B6E6F776E658D
:10D4A00063752E786D6C2070726573657276656435
:10D4B000202873616D6520454355290050524F4621
:10D4C000494C455F4B4545500050524F46494C45ED
:10D4D0005F47454E002F6C6F676765722F6C6F67F3
:10D4E0006765722E786D6C006C6F676765722E7859
:10D4F0006D6C20686173206E6F2073656C6563745A
:10D50000656420706172616D6574657273004E4F61
:10D510005F504152414D5300726561736F6E3D43E0
:10D52000414348455F554E5245414441424C4500B8
:10D53000502D706172616D733D2575004543555FD7
:10D54000535550504F5254454400253034755F2593
:10D5500030347525303275253032755F253032759F
:10D5600025303275253032752E6373760035304D97
:10D5700042207072652D616C6C6F636174696F6EAF
:10D58000206661696C656420E28094205344206DBC
:10D590006179206265206E6561726C792066756CB8
:10D5A0006C00505245414C4C4F435F5741524E0026
:10D5B000616C706861372E3000232043726561749E
:10D5C000656420627920535353414C202573207C9D
:10D5D00020524F4D202573207C20253034752D2579
:10D5E0003032752D2530327520253032753A253090
:10D5F00032753A25303275207C20646566732025AB
:10D60000730A0054696D6520286D736563290020D5
:10D610002800205B004C4F475F57524954455F46F6
:10D6200041494C002F6C6F676765722F636F756E91
:10D630007465722E74787400253034750A005B4C62
:10D640004F475D20002020535353414C202041552B
:10D65000544F2D47454E4552415445442050524F5A
:10D6600046494C4520202028554E4B4E4F574E20C2
:10D67000454355290A002020535353414C20204153
:10D6800055544F2D47454E4552415445442044453D
:10D690004641554C542050524F46494C450A0020B3
:10D6A00020437265617465642062656361757365AA
:10D6B0002074686520636F6E6E65637465642045D1
:10D6C000435520494420776173204E4F5420666FA4
:10D6D000756E6420696E2074686520526F6D5261AA
:10D6E000696465720A2020646566696E6974696F91
:10D6F0006E732E204F6E6C79207374616E6461724C
:10D70000642053534D2022502220706172616D6558
:10D71000746572732061726520617661696C616203
:10D720006C6520686572653B0A20204543552D7362
:10D7300070656369666963202245222070617261A9
:10D740006D657465727320617265206E6F742E0A48
:10D750000A0020204372656174656420626563611C
:10D76000757365206E6F206C6F676765722E786DBC
:10D770006C207761732070726573656E742E204C17
:10D780006973747320657665727920706172616D5A
:10D7900065746572207468650A20204543552072BF
:10D7A00065706F7274656420617320737570706F3B
:10D7B000727465642C2077697468206120626173DB
:10D7C00069632073657420656E61626C65642E0AFE
:10D7D0000A003C3F786D6C2076657273696F6E3D10
:10D7E00022312E302220656E636F64696E673D22A0
:10D7F00049534F2D383835392D31223F3E0A003CF0
:10D8000021444F43545950452070726F66696C65CE
:10D810002053595354454D202270726F66696C65D0
:10D820002E647464223E0A003C212D2D0A20203DE6
:10D830003D3D3D3D3D3D3D3D3D3D3D3D3D3D3D3D18
:10D840003D3D3D3D3D3D3D3D3D3D3D3D3D3D3D3D08
:10D850003D3D3D3D3D3D3D3D3D3D3D3D3D3D3D3DF8
:10D860003D3D3D3D3D3D3D3D3D3D3D3D3D3D3D0A1B
:10D870000020203D3D3D3D3D3D3D3D3D3D3D3D3D4F
:10D880003D3D3D3D3D3D3D3D3D3D3D3D3D3D3D3DC8
:10D890003D3D3D3D3D3D3D3D3D3D3D3D3D3D3D3DB8
:10D8A0003D3D3D3D3D3D3D3D3D3D3D3D3D3D3D3DA8
:10D8B0003D3D3D0A0A0020202020202045435520E0
:10D8C0004944203A2025730A20202020202043723A
:10D8D00065617465643A20253034752D25303275C4
:10D8E0002D2530327520253032753A253032753A83
:10D8F000253032750A0A0020203D3D3D3D3D3D3D2D
:10D900003D3D3D3D3D3D3D3D3D3D3D3D3D3D3D3D47
:10D910003D3D3D3D3D3D3D3D3D3D3D3D3D3D3D3D37
:10D920003D3D3D3D3D3D3D3D3D3D3D3D3D3D3D3D27
:10D930003D3D3D3D3D3D3D3D3D0A2020454E414262
:10D940004C45202F2044495341424C452041205012
:10D950004152414D455445520A20203D3D3D3D3DFB
:10D960003D3D3D3D3D3D3D3D3D3D3D3D3D3D3D3DE7
:10D970003D3D3D3D3D3D3D3D3D3D3D3D3D3D3D3DD7
:10D980003D3D3D3D3D3D3D3D3D3D3D3D3D3D3D3DC7
:10D990003D3D3D3D3D3D3D3D3D3D3D0A2020546FDB
:10D9A000204C4F47206120706172616D6574657213
:10D9B0002C2061646420206C697665646174613D2B
:10D9C0002273656C6563746564222020746F20691E
:10D9D0007473206C696E652E0A2020546F20737456
:10D9E0006F702C2064656C657465207468617420A8
:10D9F0006174747269627574652E20446973616222
:10DA00006C656420706172616D657465727320630A
:10DA10006F7374206E6F7468696E673B0A202074A0
:10DA200068657920617265206E6576657220726521
:10DA3000717565737465642066726F6D20746865B6
:10DA4000204543552E0A0A20203D3D3D3D3D3D3DAC
:10DA50003D3D3D3D3D3D3D3D3D3D3D3D3D3D3D3DF6
:10DA60003D3D3D3D3D3D3D3D3D3D3D3D3D3D3D3DE6
:10DA70003D3D3D3D3D3D3D3D3D3D3D3D3D3D3D3DD6
:10DA80003D3D3D3D3D3D3D3D3D0A202053414D50F6
:10DA90004C4520524154450A20203D3D3D3D3D3DF1
:10DAA0003D3D3D3D3D3D3D3D3D3D3D3D3D3D3D3DA6
:10DAB0003D3D3D3D3D3D3D3D3D3D3D3D3D3D3D3D96
:10DAC0003D3D3D3D3D3D3D3D3D3D3D3D3D3D3D3D86
:10DAD0003D3D3D3D3D3D3D3D3D3D0A20204576657A
:10DAE000727920454E41424C454420706172616D0F
:10DAF0006574657220697320706F6C6C6564206555
:10DB00006163682073616D706C65206F766572204B
:10DB1000746865203438303020626175640A2020D2
:10DB20004B2D6C696E652C20736F20746865204DD9
:10DB30004F524520796F7520656E61626C652C20AF
:10DB400074686520534C4F57455220746865206CAB
:10DB50006F6720726174652E20456E61626C650A84
:10DB600020206F6E6C79207768617420796F752042
:10DB70006E6565642E0A0A20203D3D3D3D3D3D3DDC
:10DB80003D3D3D3D3D3D3D3D3D3D3D3D3D3D3D3DC5
:10DB90003D3D3D3D3D3D3D3D3D3D3D3D3D3D3D3DB5
:10DBA0003D3D3D3D3D3D3D3D3D3D3D3D3D3D3D3DA5
:10DBB0003D3D3D3D3D3D3D3D3D0A202043555252BA
:10DBC000454E544C592044455445435445442050F7
:10DBD0004152414D45544552532020202028202AAF
:10DBE000203D20656E61626C656420627920646509
:10DBF0006661756C7420290A20203D3D3D3D3D3D08
:10DC00003D3D3D3D3D3D3D3D3D3D3D3D3D3D3D3D44
:10DC10003D3D3D3D3D3D3D3D3D3D3D3D3D3D3D3D34
:10DC20003D3D3D3D3D3D3D3D3D3D3D3D3D3D3D3D24
:10DC30003D3D3D3D3D3D3D3D3D3D0A0020203D3DBE
:10DC40003D3D3D3D3D3D3D3D3D3D3D3D3D3D3D3D04
:10DC50003D3D3D3D3D3D3D3D3D3D3D3D3D3D3D3DF4
:10DC60003D3D3D3D3D3D3D3D3D3D3D3D3D3D3D3DE4
:10DC70003D3D3D3D3D3D3D3D3D3D3D3D3D3D0A2D17
:10DC80002D3E0A003C70726F66696C652070726F81
:10DC9000746F636F6C3D2253534D223E0A20202047
:10DCA000203C706172616D65746572733E0A00207C
:10DCB0002020203C2F706172616D65746572733E27
:10DCC0000A202020203C73776974636865733E0ADC
:10DCD00000202020203C2F73776974636865733EB1
:10DCE0000A3C2F70726F66696C653E0A006C69763B
:10DCF00065646174613D2273656C6563746564225B
:10DD00002000206C697665646174613D2273656CE6
:10DD1000656374656422002F6C6F676765722F619D
:10DD20006464726573735F6D61702E637376002037
:10DD3000202020256320252D37732025730A0020FD
:10DD4000202020202020203C706172616D65746568
:10DD5000722069643D22257322202573756E6974D3
:10DD6000733D222573222F3E2020203C212D2D2083
:10DD70002573202D2D3E0A00202020202020202049
:10DD80003C7377697463682069643D22257322259A
:10DD9000732F3E2020203C212D2D202573202D2D5A
:10DDA0003E0A00556E6B6E6F776E00756E69747308
:10DDB0003D0073746F72616765747970653D0065CD
:10DDC0006E6469616E3D00657870723D0075696EC4
:10DDD00074380075696E7431360075696E7433324B
:10DDE00000726177006966005B464154414C5D20DA
:10DDF00000626974000810182024282C305B5048F9
:10DE00004153455D205365617263682074696D6597
:10DE10006F757420E286922049444C452028322DAB
:10DE20006D696E20736C6565702900636F756E7423
:10DE30003D25750049444C455F57414B45006E6F89
:10DE4000206461746120E280942072652D656E7497
:10DE50006572696E672050686173652031005354A4
:10DE60005245414D5F5741544348444F47005B5032
:10DE7000484153455D205761746368646F6720E2D1
:10DE8000869220636C6F7365206C6F672C205345FE
:10DE9000415243480066696C653D257320705F7090
:10DEA0006172616D733D257520655F706172616D92
:10DEB000735F736B69707065643D2575004C4F47E7
:10DEC00047494E475F535441525445445F505F4F5A
:10DED0004E4C590066696C653D257320756E64650E
:10DEE00066696E65643D2573004C4F4747494E4750
:10DEF0005F535441525445445F574954485F554E0F
:10DF0000444546494E45440066696C653D2573208D
:10DF1000706172616D733D2575004C4F4747494EE6
:10DF2000475F535441525445440025732064697639
:10DF300069736F723D3020617420543D256C756D9E
:10DF40007320E28094206C6F6767696E67207A6542
:10DF5000726F004449565F5A45524F00256C750058
:10DF6000307825302A6C5800252E32660053445FE5
:10DF700057524954455F4641494C005B5048415314
:10DF8000455D205344207772697465206572726F15
:10DF90007220E2869220636C6F7365206C6F672C31
:10DFA00020534541524348005B424F4F545D20523D
:10DFB0005443204F4B005B424F4F545D205254431B
:10DFC000206E6F7420726573706F6E64696E670087
:10DFD0005254435F4F4B005254435F494E56414C9D
:10DFE00049440053534D2D4B6C696E650043414EBF
:10DFF0002D73747562005B424F4F545D2055534240
:10E0000020686F737420646574656374656420624E
:10E01000757420534420626C6F636B20696E697461
:10E02000204641494C4544005B424F4F545D2055CA
:10E03000534220686F73742064657465637465640B
:10E04000202D3E20555342204D6173732053746F31
:10E0500072616765206D6F64652028534420617389
:10E0600020647269766529005B464154414C5D200D
:10E0700053445F494E49545F4641494C005B424F0F
:10E080004F545D205344204F4B005B424F4F545D33
:10E0900020534420696E6974204F4B2C20766572A2
:10E0A000626F736520646562756720656E61626C7E
:10E0B0006564002F6C6F676765722F736574746990
:10E0C0006D652E7478740025642D25642D256420DB
:10E0D00025643A25643A25640066726F6D20736585
:10E0E0007474696D652E747874005254435F53459F
:10E0F000540030323A32383A3138004F63742020BD
:10E1000036203230323600636F6D70696C65207472
:10E11000696D6520285254432077617320756E73B2
:10E120006574290072756E6E696E673D256420798D
:10E130006561723D257520706C61757369626C65EF
:10E140003D2564006E6F206C6F676765725F2A2ED5
:10E15000786D6C20666F756E6420696E206C6F67D9
:10E160006765722F00444546535F4D495353494EEE
:10E1700047005B424F4F545D2064656673206669BB
:10E180006C653A006C6F676765722E786D6C2068FD
:10E190006173206E6F2073656C65637465642070B5
:10E1A0006172616D73207965740050524F46494C1D
:10E1B000455F454D505459006E6F206C6F67676521
:10E1C000722E786D6C20E280942077696C6C2061EF
:10E1D00075746F2D67656E65726174652061667414
:10E1E0006572204543552064657465637400505220
:10E1F0004F46494C455F4D495353494E47004341B3
:10E200004E20636F6E74726F6C6C657220696E69FC
:10E2100074206661696C656420E28094206368659F
:10E22000636B207472616E73636569766572206FCB
:10E230006E2044342F44350043414E5F494E4954CB
:10E240005F4641494C0053534D2D6F7665722D4307
:10E25000414E2073656C656374656420627574203B
:10E260006E6F7420696D706C656D656E7465642089
:10E2700079657420284B2D6C696E65206F6E6C7902
:10E28000290043414E5F53545542005B424F4F5467
:10E290005D2043414E20696E6974204F4B20E2801F
:10E2A00094206275742053534D2D6F7665722D4303
:10E2B000414E204E4F5420494D504C454D454E54F3
:10E2C000454420287374756229006F6E6C79205361
:10E2D000534D20284B2D6C696E6529206973206988
:10E2E0006D706C656D656E7465640050524F544F6F
:10E2F0005F4E4F545F535550504F52544544002584
:10E300007520706172616D732073656C65637465EF
:10E31000640050524F46494C455F4F4B00444546C0
:10E32000535F4F4B00445331333037206E6F7420AE
:10E33000726573706F6E64696E6720E280942074FA
:10E34000696D657374616D707320756E6176616956
:10E350006C61626C65005254435F4641494C005BFE
:10E36000424F4F545D2070726F66696C65204F4B51
:10E370003A200020706172616D73005B424F4F5410
:10E380005D20646566733A200053443D4F4B205234
:10E3900054433D25732070726F746F3D2573207355
:10E3A000656C3D257500424F4F545F53454C4654B4
:10E3B000455354005B424F4F545D2073656C667447
:10E3C0006573743A200050380050320050390050C4
:10E3D000370050313100503130005031320050316F
:10E3E000330050330050340050353800503137007E
:10E3F000535353414C202020005344204361726406
:10E40000204C6F67676572202000312E3020004558
:10E410005846415400010001000101FF00000000C6
:10E420000000000099B6000045B800009DB600004D
:10E430003BB600001DB7000015B6000017B600007F
:10E440009DBD000019B600001BB600001DB60000FF
:10E4500035BC00001FB600000000000000000000F6
:10E4600091C20000E1C300000141000037C3000079
:10E47000F1C20000FDC200001FC30000F1C900008E
:10E4800027CA000049C3000019C400006FCB000078
:10E490002FCB000079C20000F1CB000081C2000048
:10E4A000E5C20000EBC20000000000000000000018
:10E4B000C5CD000009CD0000A1CD0000FFFFFF1F6A
:10E4C000FFFFFF1FFFFFFF1FFFFFFF1F00000000F8
:10E4D000FFFFFF1F00000000FFFFFF1F0000000004
:10E4E0000100010001000000010001000200000025
:10E4F0000100010003000000010001000400000011
:10E5000001000100050000000100010006000000FC
:10E5100001000100070000000100010008000000E8
:10E520000000010009000000000001000A000000D6
:10E53000000001000B000000000001000C000000C2
:10E54000000001000D000000000001000E000000AE
:10E55000000001000F0000000000010000000000AA
:10E5600001000000010000000100000002000000A6
:10E570000100000003000000010000000400000092
:10E58000010000000500000001000000060000007E
:10E59000010000000700000001000000080000006A
:10E5A0000000000009000000000000000A00000058
:10E5B000000000000B000000000000000C00000044
:10E5C000000000000D000000000000000E00000030
:10E5D000000000000F000000000000005B25303349
:10E5E0006C585D2028256429203A20005B253038AE
:10E5F0006C585D2028256429203A20000000000086
:10E60000000000000DCD0000AFCD000031D10000B2
:10E610003DCD000045CD00008BCE000061CE000056
:10E62000140082815400C28194008280D4811482BB
:10E630009405520944008200090051080C805405D9
:10E640005201460042000B0057080E8014051C00C2
:10E65000920811008B081080D4041A0092001780D1
:10E66000520842000980520002801288128012086B
:10E67000578A1A00520051004B0A4E801C00520863
:10E68000C2009700490A4C80D20002019100510A51
:10E690005080D20851088B801280120982018900B3
:10E6A000578A120142018B80D289D201428214041E
:10E6B000928054049208C2024B889404D208020348
:10E6C00049881E005482FFFF010300009AE6010002
:10E6D00002030000A2E601000501000066E6010059
:10E6E0000401000060E601000301000058E601009B
:10E6F000020100004CE60100060100006AE601008C
:10E70000070100006CE6010004030000AAE6010016
:10E7100003030000A8E601000C01000092E60100DE
:10E720000901000072E601000A0100007CE6010018
:10E730000B01000088E601000E000000C2E60100A7
:10E740000000000020E601000100000024E60100B6
:10E750000200000028E60100010100003EE6010081
:10E760000001000030E6010000050000AEE60100F7
:10E770000C0000002CE601000D0000002EE6010058
:10E7800001050000B2E6010002050000BAE6010042
:10E79000080100006EE601000003000098E6010099
:10E7A000FFFF00FF010203FF0403010C000914082E
:10E7B000111C101918FFFFFF0600080010001800B8
:10E7C0002000400060008000000180010002000481
:10E7D0000008FFFF0A0900000A0900003F0B0000C3
:10E7E000010002000800100000000000000000000E
:10E7F00071330100813F0100014100004F330100EE
:10E80000C733010089340100593301004533010049
:10E8100089360100A5330100413301000C0A080EBE
:10E82000101802191D1F01FF000000000000000069
:10E83000913D01003545010089450100B9450100C0
:10E840005D4601001947010000000000854D0100F0
:10E85000954D0100A54D01002D4E01004D4F0100C9
:10E8600000000000B5480100A5480100BD480100B6
:10E8700081490100614B01000000000019480100BE
:10E880001B4801001D480100414801000000000034
:10E8900000000000000000000000000033730100D1
:10E8A000D9730100557301006173010049730100C0
:10E8B000A17301006D730100277301002173010032
:10E8C000317301003D74010029D00100E0E801002E
:10E8D000E8E801003E420020F6E80100FFE8010000
:10E8E00041726475696E6F00554E4F205234204D51
:10E8F000696E696D610043444320506F7274004437
:10E9000046552D525420506F7274000000000000D4
:10E9100000000000000000000000000000000000F7
:10E920000000000000000000000000FF666D6F6442
:10E930006600000000000000000000804300504F0F
:10E94000534958002E00494E4600696E66004E41FC
:10E950004E006E616E00303132333435363738391F
:10E96000414243444546003031323334353637383E
:10E97000396162636465660035000000CEFBFFFF0D
:10E98000CB03000001000000000000003400000084
:10E99000CEFBFFFFCB0300000100000000000000E1
:10E9A000BC89D897B2D29C3C33A7A8D523F6493965
:10E9B0003DA7F444FD0FA5329D978CCF08BA5B2587
:10E9C000436FAC64280668110020202020202020FE
:10E9D000202028282828282020202020202020200F
:10E9E000202020202020202020881010101010101F
:10E9F000101010101010101010040404040404046B
:10EA00000404041010101010101041414141414104
:10EA100001010101010101010101010101010101E6
:10EA200001010101101010101010424242424242F6
:10EA300002020202020202020202020202020202B6
:10EA4000020202021010101020000000000000005E
:10EA500000000000000000000000000000000000B6
:10EA600000000000000000000000000000000000A6
:10EA70000000000000000000000000000000000096
:10EA80000000000000000000000000000000000086
:10EA90000000000000000000000000000000000076
:10EAA0000000000000000000000000000000000066
:10EAB0000000000000000000000000000000000056
:10EAC000000000000000000000496E66696E697475
:10EAD00079004E614E00FFFF0000000000000000C2
:10EAE0000000000000000000000000000000000026
:10EAF0000000000000000000000000000000000016
:10EB00000000000000000000000000000000000005
:10EB100000000000000000000000000000000000F5
:10EB200000000000000000000000000000000000E5
:10EB300000000000000000000080E03779C341437E
:10EB4000176E05B5B5B89346F5F93FE9034F384D53
:10EB5000321D30F94877825A3CBF737FDD4F1575FF
:10EB6000000000000000F03F000000000000244012
:10EB700000000000000059400000000000408F40ED
:10EB8000000000000088C34000000000006AF84058
:10EB90000000000080842E4100000000D01263417C
:10EBA0000000000084D797410000000065CDCD41F2
:10EBB000000000205FA00242000000E876483742D3
:10EBC000000000A2941A6D42000040E59C30A24271
:10EBD0000000901EC4BCD64200003426F56B0C43E6
:10EBE0000080E03779C3414300A0D885573476438D
:10EBF00000C84E676DC1AB43003D9160E458E143EE
:10EC0000408CB5781DAF154450EFE2D6E41A4B4462
:10EC100092D54D06CFF08044F64AE1C7022DB544A7
:10EC2000B49DD9794378EA4405000000190000003A
:10EC30007D000000232D302B2000686C4C006566A1
:10EC40006745464700FFFFFF66EC010069EC0100E5
:10EC50006CEC0100412D46612D663839303132337C
:10EC6000343536375D002B2D00303000785800FFEA
:04EC700000000000A0
:10EC7C002002000000000000000000000000000066
:10EC8C000A000000815A0100CC42002010000C0048
:10EC9C0000000000FF000000000009400A00000016
:10ECAC00011201000202020140412369000001012E
:10ECBC00020301014800002000000000F8EA0100F6
:10ECCC0018EB0100D8EA0100000000000000000071
:10ECDC000000000000000000000000000000000028
:10ECEC000000000000000000000000000000000018
:10ECFC000000000000000000000000000000000008
:10ED0C0000000000000000000000000000000000F7
:10ED1C0000000000000000004300000000000000A4
:10ED2C0000000000000000000000000000000000D7
:10ED3C000000000000000000430000000000000084
:10ED4C0000000000000000000000000000000000B7
:10ED5C000000000000000000430000000000000064
:10ED6C000000000000000000000000000000000097
:10ED7C000000000000000000430000000000000044
:10ED8C000000000000000000000000000000000077
:10ED9C000000000000000000430000000000000024
:10EDAC000000000000000000000000000000000057
:10EDBC000000000000000000430000000000000004
:10EDCC000000000000000000000000000000000037
:10EDDC0000000000000000004300000000000000E4
:10EDEC000000000000000000000000000000000017
:10EDFC000000000000000000EDA80100C98B01001C
:10EE0C0000000000C8E9010044E9010029D001001C
:10EE1C0029D0010029D0010029D0010029D00100FE
:10EE2C0029D0010029D0010029D0010029D00100EE
:10EE3C00FFFFFFFFFFFFFFFFFFFFFFFFFFFF0000D4
:10EE4C00010041534349490000000000000000004C
:10EE5C0000000000000000000000000000000000A6
:10EE6C00000041534349490000000000000000002D
:10EE7C000000000000000000000000000000000086
:10EE8C0000000000E540000009640000E1BD000046
:10EE9C0005CC000035D100000933010031380100E8
:10EEAC004D380100193C0100593F01001941010086
:10EEBC006D4301004D750100C140000045D10000BB
:10EECC001D33010059380100653C010079430100F4
:040000031000211DAB
:00000001FF
