:10400000007F0020A51D01004D1C0100A11D010025
:10401000A11D0100A11D0100A11D0100A11D0100A4
:10402000000000000000000000000000A11D0100D1
:10403000A11D010000000000A11D0100A11D010043
:104040000000000000000000000000000000000070
:104050000000000000000000000000000000000060
:104060000000000000000000000000000000000050
:104070000000000000000000000000000000000040
:104080000000000000000000000000000000000030
:104090000000000000000000000000000000000020
:1040A0000000000000000000000000000000000010
:1040B0000000000000000000000000000000000000
:1040C00010B5054C237833B9044B13B10448AFF352
:1040D00000800123237010BD780200200000000042
:1040E00060E8010008B5034B1BB103490348AFF377
:1040F000008008BD000000007C02002060E8010094
:104100000020704710B500231A4601395C1CDBB251
:104110008B4204DAC35C1A4492B22346F6E7D0B26B
:1041200010BDFFFF10B5074B196800220C4611F9AE
:10413000010B202804D0092802D002B11C6010BD58
:104140000122F3E7C406002010B50446FFF7EAFF9A
:10415000044A136893F90010A14204BF01331360AD
:1041600010BD00BFC406002070B50025ECB2A1420E
:104170000CD90446264614F9010BB8B12C2821D0DD
:104180000A2801D00D28F5D100200FE0013B0138AD
:10419000114642F20146DBB210F9015FECB20D2C80
:1041A00005D92C2D07D100230B70012070BD26FAF4
:1041B00004F4E407F7D48C1AE4B2A342F3D901F86B
:1041C000015BE9E7701C0135D0E7FFFF2DE9F843FB
:1041D000DFF83C900C4F064600254FF0BC0899F8DC
:1041E0000030ECB2A3420CD908FB047431462046DF
:1041F00015F097F901350028F1D194ED2D0ABDE8AD
:10420000F8839FED020AFAE7B00F002000000000DB
:104210006E0A0020F0B52DED028B87B0FFF782FF0C
:104220008A4A106890F900302D2B14460BD10130CA
:104230001060FFF7EFFFB1EE408AB0EE480A07B01A
:10424000BDEC028BF0BD212B0CD101301060FFF7CB
:10425000E1FFB5EE400AF1EE10FA00F0F3809FEDB9
:104260007C8AEAE7282B09D10130106000F070F950
:104270002920B0EE408AFFF767FFDEE75B2B35D1E0
:104280000130002310601F46844610F9015BE9B23B
:1042900021F02006413E192EDAB217D9303909290A
:1042A00014D95F2D12D00FB1C4F800C006AB1A4468
:1042B000002302F8183C2268104612F9011B79B15C
:1042C0005D294FF00103F7D122600BE00DF8035098
:1042D0000133172B4FF00107D6D120601A46E5E7CE
:1042E00003B120606846FFF771FF86E0782B05D1A7
:1042F0000130584B106093ED008A9EE7D9B2A1F1CE
:104300003005092D01D92E2B07D1694615F09CFFE8
:10431000009B2360B0EE408A8FE721F020014139F5
:10432000192904D9002B9AD00130106097E7002397
:104330001F46844610F9011BCAB222F02005413DF8
:10434000192DDEB228D9303A092A25D95F2923D080
:104350000FB1C4F800C006AB3344002503F8185C65
:10436000FFF7E0FE236893F90020282A54D1013397
:1043700039492360684615F0D4F80646B0B1216883
:104380002B4601220D4611F9010B002838D1002BD4
:104390003FF465AF256062E70DF803100133172B7A
:1043A0004FF00107C5D120601E46D4E700F0D0F8D9
:1043B0002A4C2C20F0EE408AFFF7C6FE25782670A6
:1043C00000F0C6F82C20B0EE408A2778FFF7BCFE3C
:1043D000267000F0BDF829202678FFF7B5FEF5EE2F
:1043E000408AF1EE10FA04D0002D18BF2F46277036
:1043F00023E7002D18BF2E462670B0EE408A1CE73A
:10440000002AC4D0282802D101320123BAE7292882
:1044100008BF02F1FF32F8E7012E7FF463AF9DF988
:104420000030412B01D10E4B65E7422B01D10D4BE2
:1044300061E7432B01D10C4B5DE7442B7FF452AF76
:104440000A4B58E7B7EE008AF7E600BFC406002023
:1044500000000000C8060020E9D90100CC060020B9
:10446000B4060020B8060020BC060020C0060020CC
:1044700070B52DED028BFFF7CDFE1F4C1F4DB0EE3A
:10448000408A0126FFF74EFE236893F900202A2A6E
:1044900006D101332360FFF7BDFE28EE008AF1E765
:1044A0002F2A0FD101332360FFF7B4FEB5EE400A87
:1044B000F1EE10FA03D12E709FED118AE2E788EE3B
:1044C000008ADFE7252A11D101332360FFF7A2FE1E
:1044D000B5EE400AF1EE10FAF0EE400AEBD0B0EE85
:1044E000480A14F089F8B0EE408ACBE7B0EE480AEB
:1044F000BDEC028B70BD00BFC4060020CC060020BE
:104500000000000010B52DED028BFFF7B1FF0F4C3E
:10451000B0EE408AFFF706FE236893F900202B2AAD
:1045200006D101332360FFF7A3FF38EE008AF1E7DD
:104530002D2A06D101332360FFF79AFF38EE408A17
:10454000E8E7B0EE480ABDEC028B10BDC4060020BF
:1045500010B52DED028BFFF7D5FF334CDFED338A1D
:10456000B0EE408AFFF7DEFD236893F900203E2A73
:104570000FD193F901203D2A3DD102332360FFF78B
:10458000C1FFB4EEC80AF1EE10FA11D9B0EE688A94
:10459000E8E73C2A0FD193F901203D2A35D10233B7
:1045A0002360FFF7AFFFB4EEC80AF1EE10FAEDDBBF
:1045B000B7EE008AD6E73D2A0DD193F901203D2AB6
:1045C0002DD102332360FFF79DFFB4EE480AF1EED0
:1045D00010FAEDD0DAE7212A21D193F901203D2A02
:1045E0001DD102332360FFF78DFFB4EE480AF1EED0
:1045F00010FADDD1CAE701332360FFF783FFB4EE81
:10460000C80AF1EE10FAD3D4C0E701332360FFF7F4
:1046100079FFB4EEC80AF1EE10FAC9DCB6E7B0EEE5
:10462000480ABDEC028B10BDC4060020000000004B
:10463000F8B50F4615461C4614F0DAFF064608B9D1
:104640000020F8BD384614F090FF3218305622286A
:1046500001D02728F4D1013C2B46E4B212F9011F06
:1046600041B1884206D05E1BF6B2B44202D903F8CB
:10467000011BF3E700221A700120E2E708B50246A9
:10468000104612F9013B3BB1303BDBB2092BF7D8A6
:1046900014F0B1F880B200E0184608BD2DE9F04FE3
:1046A000F9B081469DF80C62869C879D082E8A464B
:1046B000934609AF14D15A4A0C21384614F0C4FE6F
:1046C00000230DF150081BF90320D9B29AB12F2B0A
:1046D00010D02C2A08BF3B2208F803200133F2E750
:1046E000092E01D14F4AE7E74F4A0C21384614F012
:1046F000ABFEE5E71946002308F801300CA8EA569E
:10470000D9B242B11F2B05D02C2A08BF3B22C2547C
:104710000133F4E71946002343549B4694F90010F3
:104720005FFA8BF220AD59B3BBF15F0F27D00422A3
:104730003E49204614F035FF30B93E2205F80B20E3
:1047400004340BF1010BE9E704223949204614F047
:1047500028FF08B93C22F1E705223649204614F02B
:1047600020FF20B9262205F80B200534E9E714F9CB
:10477000012B2C2A08BF7C2205F80B20E1E75A46C2
:104780000023013EAB54092E06D8DFE806F0472E81
:10479000303234363E383A3C274B9DF81002274AD7
:1047A00027499DF930400393002808BF114625484A
:1047B0009DF80832CDF800800CAA002C08BF0246F4
:1047C0008898CDE90415CDE90620CDE901731E4A8C
:1047D00053464FF4807138A814F036FE38A9484685
:1047E0000FF037FA79B0BDE8F08F184BD5E7184BCA
:1047F000D3E7184BD1E7184BCFE7184BCDE7184B51
:10480000CBE7184BC9E7184BC7E79DF81432174A96
:104810001748082114F018FE154BBEE7154BBCE7EE
:104820001BCF010026CF01002FCF010037CF0100A1
:104830003CCF010041CF0100DCCE010010CF0100D0
:1048400014CF010057E801004DCF0100E3CE010075
:10485000E7CE0100EACE0100EECE0100F2CE01006B
:10486000F8CE010003CF01000CCF010047CF0100BB
:10487000CD060020DFCE01002DE9F04FB5B014AE1B
:1048800099469DF8043109930D469DF808310A9325
:10489000002182469346304620229DF8FC409DF838
:1048A0000C8114F070F8102200210CA814F06BF8A1
:1048B0001CAF1022002110A814F065F8602200211E
:1048C000384614F060F82023324669492846FFF73D
:1048D000AFFE10230CAA67492846FFF7A9FE102354
:1048E00010AA65492846FFF7A3FE18B9634910A826
:1048F00014F021FE60233A4661492846FFF798FEEE
:104900003B46194613F9012B202AFAD0092AF8D080
:104910001CADA94208D008460B9114F026FE0B9955
:10492000421C284614F016F8284614F01EFE0022F9
:104930002844B84208D010F9013C202B01D0092BA3
:1049400002D100F8012DF4E74E490CA814F0E9FD5E
:10495000002878D04C490CA814F0E3FD002874D04E
:104960004A490CA814F0DDFD002870D048490CA875
:1049700014F0D7FD00286CD046490CA814F0D1FDE6
:10498000002850D10027B8F1000F66D1099B002BF9
:1049900065D1062F65D09DF97030782B61D19DF9D6
:1049A0007130002B5DD103223B49304614F0F9FDF4
:1049B000002814BF3B460A233849099310A814F075
:1049C000B0FDB0FA80F04009099BB8F1000F4AD160
:1049D0000A9A52B9012202FA07F717F0120F44D1CE
:1049E00017F0640F14BF04241446449F2C4A99F90D
:1049F00000100495B8F1000F08BF17469DF800217C
:104A00004497CDE90202274ACDE90043002918BFA7
:104A10004A46CDE905673E9B59465046FFF73EFEA4
:104A200035B0BDE8F08F20490CA814F07AFD40B1F4
:104A30001E490CA814F075FD68B1012CA2D0022CFF
:104A400009D101279FE706279DE703279BE7042756
:104A500099E7052797E7022795E70823ACE707239F
:104A6000AAE73B46A8E70024BFE70224BDE700BF52
:104A7000AFD90100B6D90100C3D9010010CF0100A0
:104A8000CBD90100F2CE0100D2D90100D8D9010062
:104A9000DFD90100D1D90100E5D9010014CF01000F
:104AA000B9CC0100A7D90100D7D90100DED9010096
:104AB00038B500230D460B702B49044614F031FD28
:104AC00050B32A49204614F02CFD00283BD0284939
:104AD000204614F026FD002837D02649204614F041
:104AE00020FDA0B32449204614F01BFD88B32349C0
:104AF000204614F016FD70B32149204614F011FD34
:104B000058B32049204614F00CFD40B31E492046FE
:104B100014F007FD08B9092038BD1C49204614F0DF
:104B200000FDF0B103221A49204614F03AFD002896
:104B3000F1D1E378303B092BEDD8E01C13F05BFE9C
:104B400028700720E8E70120E6E70220E4E70320D9
:104B5000E2E70420E0E70520DEE70620DCE70820A6
:104B6000DAE70A20D8E700BFDCCE0100DFCE010083
:104B7000E3CE0100E7CE0100EACE0100EECE010057
:104B8000F2CE0100F8CE010003CF01000CCF0100EE
:104B9000F5D9010010B50C463E2114F0B5FC08B95A
:104BA000207010BD002310F9012FD9B23AB13C2A70
:104BB00005D00B2B02D0E2540133F4E71946002351
:104BC0006354EEE709490022C0E900210121417246
:104BD0004FF4285102728272C260027442744182A0
:104BE000027542758275C275704700BF00093D00AD
:104BF00000B50A46D0F880148FB051B10023684642
:104C0000ADF800308DF8023004F03BFF0FB05DF8D6
:104C100004FBD0F884040028F8D08DF831108DF80A
:104C200032108DF833100B460146684603F050FDF4
:104C3000ECE700B50A46D0F880148FB079B10023B4
:104C4000ADF800308DF802306846012304F019FFFA
:104C500010B1684605F00EFC0FB05DF804FBD0F80B
:104C600084040028F8D08DF831108DF832108DF8BA
:104C7000331001230146684603F02AFD08B90020DD
:104C8000EAE7684603F0BAFD0028F8D0E4E710B47C
:104C9000846B24B120465DF8044B04F003BDC06B67
:104CA00018B15DF8044B03F055BA4FF0FF305DF8D2
:104CB000044B704710B4034600240C70986B18B175
:104CC0005DF8044B05F0DBBCD86B18B15DF8044B04
:104CD00004F042B95DF8044B7047FFFF1346074AE2
:104CE00010B40C46116821B122465DF8044B05F062
:104CF0005BBE08465DF8044B704700BF40290020AA
:104D00002DE9F04FADF53B7D002281460F46564B15
:104D1000564929922AA8CDE938222893FFF7DEFFC9
:104D2000002800F09180052400234FF480723AA9F6
:104D30002AA8013CFFF7ABFF14F0FF04F4D11822BE
:104D4000214608A813F01FFE00234FF480723AA9F1
:104D50002AA8FFF79CFF002873DD0EAC182322461B
:104D600000213AA8FFF700FA06460028ECD094F993
:104D70000030002BE8D008A9204614F0D2FB002810
:104D8000E2D01722214608A814F01DFC10230421AC
:104D900000250DEB03023AA88DF83750FFF7E4F930
:104DA000334904A814F0BDFB0028CDD00DF17008E4
:104DB0003023424601213AA80DF1500AFFF7D4F9F9
:104DC0002023524607213AA8FFF7CEF994F900B004
:104DD000284B214653F8250014F0A3FB002837D0B8
:104DE00001350C2DF4D1692F1AD00026702F19D15E
:104DF000BBF1530FA8D0204B204A002E14BF1E46F3
:104E00001646CDE901A8009623461D4A4FF480714D
:104E10007AA814F019FB7AA948460EF01AFF93E716
:104E2000202318E0732F8FD1BBF1530F8CD1134B7C
:104E3000144A002E08BF1A46CDE900282346124A1C
:104E40000CE02AA805F09FFD0DF53B7DBDE8F08F35
:104E5000692FCBD12A23CDE900480C4A4FF4807149
:104E60007AA814F0F1FAD6E724CB01001BD901008F
:104E7000F8CE01008CCE0100F1D80100B9CC0100C0
:104E800043D9010006D901007CD9010033D90100C2
:104E90000346806B08B104F059BDD86B08B103F02C
:104EA00065BD704708B50830FFF7F2FF08BD03463F
:104EB000806B08B104F0F4BED86B08B103F004BFF6
:104EC000704708B50830FFF7F2FF08BD07B502AB21
:104ED000012203F8011D08301946FFF7E8FF03B06F
:104EE0005DF804FB054B1B78834281BF044B185CC3
:104EF000084100F0010098BF002070470108002021
:104F000002080020094B0A4A18600A4B83ED000A88
:104F100000231360084A1360084A1360084A1360AC
:104F2000084B00221A70FFF713BB00BFC406002015
:104F3000C0060020C8060020BC060020B8060020DD
:104F4000B4060020CC06002038B50B4B0B4A186085
:104F5000002313600A4A0B4C13600B4A13600B4A80
:104F600013600B4A0D46136000232370FFF7F0FA1D
:104F700023782B7038BD00BFC4060020C80600206F
:104F8000C0060020CC060020BC060020B806002089
:104F9000B40600202DE9F041B0B000222A4B2B4985
:104FA0000D920EA8CDE91C220C931F92CDE92E2262
:104FB0001E93FFF793FE0446C8B1254E254FDFF838
:104FC000988000220EA920A805F029FD044658B1BA
:104FD0002E9B83B11B7813F0D00F13D0002420A890
:104FE00005F0D1FC002CECD00EA805F0CCFC20463E
:104FF00030B0BDE8F0812F9B23B193F8313013F02E
:10500000500FEAE73022694620A8FFF753FE6846B2
:1050100014F0ABFAC5B20B2DE0D907223146684631
:1050200014F0BFFA0028D9D1281F3946684414F07B
:1050300078FA05460028D1D127226946064814F09F
:10504000C2FA88F82750CAE724CB0100C1CC01007E
:10505000C9CC010042D10100D90700202DE9F04F51
:105060000025E3B0704B119501462A4612A8CDE900
:1050700020551093FFF732FE0746002800F0D0803D
:105080006A4B6B4CDFF8CCB125701D709846DFF889
:10509000C89100234FF4807222A912A8FFF7F7FDF0
:1050A000002840F3B68022AEB24696F90030002BBD
:1050B00000F09C80002D00F083805946304614F0AB
:1050C00097FA002879D18AF80000494622A814F0FE
:1050D0008FFAA0B1574922A814F08AFA78B11023A8
:1050E00008AA544922A8FFF7A3FA40B1524908A8D8
:1050F00014F017FA00287DD1012388F800304F49B9
:1051000022A814F075FA0028C3D023781F2BBED82C
:10511000182302AA4A4922A8FFF78AFA0028B6D023
:10512000DFF838912078BC26172202A900FB0690F0
:1051300014F049FA2378434906FB03934FF0000A21
:1051400083F817A020230DEB030222A8FFF770FAC3
:105150004E4694F800C03C4B002855D01F2203EB6C
:105160004C1008A9019314F02EFA2278019B03EB4E
:10517000421383F81FA02378BC225A4302F148014E
:10518000002006EB010C164449F8010078224FF488
:105190001061CCF8041086F85020FF2286F8B02069
:1051A0000133002286F85100C6F8B42086F8B80012
:1051B00086F8B9003076237069E7C61C002574E7CD
:1051C0002249304614F014FA30B9013E16F9013F75
:1051D00063B10AF8013BF9E7B04204D916F9013B83
:1051E0000AF8013BF8E7061D3D465EE700238AF812
:1051F00000306AE7164908A814F093F900287FF4F4
:105200007EAF88F800007AE74FEA4C1C03F80C00E8
:10521000B1E712A805F0B7FB2778003718BF0127C0
:10522000384663B0BDE8F08F24CB0100700A00203F
:105230006E0A0020E3CC0100EDCC010007D901008B
:10524000F5CC0100AFD9010094020020D5CC0100BB
:10525000F1CC0100D1CC0100DACC0100B00F00206C
:1052600030B50025ABB0644B644905952A4606A8C5
:10527000CDE914550493FFF731FD044658B12B4690
:10528000502216A906A8FFF702FDA84205DC06A8D1
:1052900005F079FB00202BB030BD594916A814F059
:1052A00052F92AAB1844062200F8505C554916A85A
:1052B00014F077F90028EAD153490DF15E0014F09B
:1052C00030F928B19DF95E00A0F131035C425C41E8
:1052D0004E4B50221C7016A9002306A8FFF7D7FCDE
:1052E0000028D4DD464916A814F02DF92AAB18443D
:1052F000002300F8503C0422454916A814F051F947
:1053000004460028C3D10A2217A901A814F05BF9AA
:1053100040498DF80E4001A814F003F9044620B16D
:1053200006A805F030FB0120B5E70346502216A978
:1053300006A8FFF7ACFC0028A9DD314916A814F037
:1053400002F92AAB1844052200F8504C324916A83D
:1053500014F027F900289AD130490DF15D0014F0BE
:10536000E0F8044620B106A805F00DFB022092E704
:105370000346502216A906A8FFF789FC002886DDFF
:105380001F4916A814F0DFF82AAB1844092200F8C8
:10539000504C234916A814F004F900287FF477AF85
:1053A0000DF1610013F027FA002822DD5428A8BF70
:1053B00054201C4B5022187016A9002306A8FFF792
:1053C00066FC00287FF763AF0D4916A814F0BBF800
:1053D0002AAB1844002300F8503C134916A814F0D7
:1053E000A0F800287FF453AF06A805F0CCFA0320FC
:1053F00051E72020DDE700BF24CB01001BD90100CD
:10540000DDCD0100E0CD0100E7CD01003227002015
:10541000ECCD0100F40A0020F1CD0100D9070020F5
:10542000F7CD01000000002001CE010070B500247E
:105430009CB01B4E1B4B1C49347022460CA80B948D
:10544000CDE91A440A93FFF749FC054628B32346E1
:10545000282269460CA8FFF71AFCA0421ADD13495E
:10546000684614F070F81CAB1844062200F8704C23
:105470000F49684614F095F860B90E490DF1060021
:1054800014F04FF828B19DF90650A5F131035D42A3
:105490005D4135700CA805F076FA1CB070BD00BFF8
:1054A0003227002024CB01001BD90100DDCD0100F3
:1054B000E0CD0100E7CD010030B5144B1B78BDB045
:1054C00005460BB300233CAC0393CDE9123340F205
:1054D00009220F4B0F4944F8E83D04A8FFF7FEFBF3
:1054E00090B10EF03FFD0C4A00950346A02114A890
:1054F00013F0AAFF14A920460EF0ABFB04A8FFF797
:10550000C7FC04A805F03FFA3DB030BD32270020AB
:1055100024CB010060CE010077CE010030B5164BE0
:105520001B78C7B005460C4623B300230393CDE98F
:10553000123340F20922114B1149029304A8FFF7DC
:10554000CDFBB8B10EF00EFD0E4B0F4A002C08BF7C
:105550001C46C8210346CDE9005414A813F074FF7B
:1055600014A902A80EF075FB04A8FFF791FC04A88B
:1055700005F009FA47B030BD3227002024CB0100E6
:1055800060CE0100B9CC01007FCE010010B51449F6
:10559000144892B0FFF72CFBD8B10022124B1049EF
:1055A000019202A8CDE910220093FFF797FB80B18A
:1055B000109B83B1DC6902A805F0E5F9B4F5006F32
:1055C00007D907490748FFF734FB084908480EF098
:1055D0004FFB12B010BD119C002CECD02469EAE7FF
:1055E000B2CD0100080B002024CB0100C5CD010085
:1055F000C441002070B50F4C0F4E451E15F9011F18
:10560000B1B12288531C9BB2B3F5007F2380B15403
:10561000F4D34FF4007231460848FFF748FCB0F568
:10562000007F1EBF064B01221A7000232380E5E78E
:1056300070BD00BF3429002033270020040A002059
:10564000AC0F002010B5084C22885AB10749084811
:10565000FFF72DFC238898421EBF064B01221A70CB
:105660000023238010BD00BF3429002033270020F1
:10567000040A0020AC0F00201FB50A4B1B7804461B
:105680005BB9CDE90133009301231A464FF4FA6167
:1056900006F0D2FA204604B010BD034906F058FACD
:1056A000F8E700BF040B0020000B0020F0B5C5B0E8
:1056B000002305460C460B93CDE91A3340F209222C
:1056C000254B26490A930CA8FFF708FB002841D078
:1056D00008A8FFF7D1FF224A9DF825C09DF82200B7
:1056E0009DF820309DF823609DF824709DF82110CE
:1056F0000091002C18BF2246CDE9037C03F5FA6324
:10570000CDE90552CDE90106164AA0211CA813F0E7
:105710009BFE1CA90AA80EF09CFA0CA8FFF7B8FB88
:105720000CA805F030F9104910480EF092FA2946FD
:105730000E480EF08EFA54B194F900303BB120219E
:105740000A480EF08AFA214608480EF082FA074805
:105750000EF088FA45B0F0BD24CB0100B2CD0100B7
:10576000B9CC010083CD0100A8CD0100C4410020C7
:105770002DE9F04F9A4DADF50F7D4FF0000A994B92
:105780001B785FFA8AF6B34240F220810022964BE2
:105790009649259226A8CDE934222493FFF79EFA54
:1057A0008046002800F0178105274EAC00234FF4F7
:1057B0008072214626A8FFF76AFA002840F3088184
:1057C000013F17F0FF07F1D1BC27774307EB05092D
:1057D000484613F0CAFE864A7301D118D356029187
:1057E0008346019305E0029910A813F09AFE002861
:1057F00044D000234FF48072214626A8FFF747FAD1
:10580000002840F3E0805FFA8BF31A4649462046B1
:10581000039313F0C6FE0028EBD1039BE3562C2B19
:10582000E7D1302318AA01212046FEF79DFC0C2366
:1058300009AA02212046FEF797FC042306AA0321A9
:105840002046FEF791FC10230CAA04212046FEF707
:105850008BFC082307AA05212046FEF785FC602360
:1058600036AA06212046FEF77FFC202310AA072136
:105870002046FEF779FC019B002BB4D107F11800FC
:105880004FF0BC0B0BFB065B2F2218A9284413F02A
:105890009AFE00238BF847300DF117010CA88DF804
:1058A00017300193FFF704F99DF817208BF84D008E
:1058B0008BF84F204F4907A813F033FE07F150042F
:1058C000B0FA80F040092C448BF84E005F2220464D
:1058D00036A913F078FE019B8BF8AF30013C2C23E6
:1058E00014F901BFBBF1000F04D0BBF17C0FF7D15D
:1058F0002370F5E7404909A813F013FE00285AD099
:105900003E4909A813F00DFE002854D01022594634
:1059100009A814F01DFEBC2404FB0654A06406A8CC
:1059200012F069FF84F84C00BC2303FB0653FF22EE
:1059300083F8B0200022C3F8B420002283F8B820F6
:1059400083F8B92026A805F01EF8B8F1000F2FD172
:10595000BC235E4306F148035A1943F805802E44E0
:105960004FF410635360782386F85030FF2386F895
:10597000B0300023C6F8B43096F9183086F851805C
:1059800086F8B88086F8B98043B907F118002F224D
:105990001B49284413F017FE86F8478044214B46E4
:1059A000184A36A813F050FD36A91348FFF77EFEBB
:1059B0000AF1010AE3E6BC2303FB065300229A64C2
:1059C00083F84C20B0E74FF00008BBE7012003E06C
:1059D00026A804F0D8FF00200DF50F7DBDE8F08F5C
:1059E000B00F00206E0A002024CB01001BD901005B
:1059F0009402002014CF010026CF01001BCF01002C
:105A0000A7D9010037CE01002DE9F04FA14BADF52C
:105A10003B7D1B780793002303939DF80C30079A76
:105A20009A420BD89B4A04921078002332A9DAB22A
:105A3000904240F285815A540133F8E7039BBC251C
:105A40006B43954D5A1992F84D20082A02D0039BBA
:105A50000133E1E7503500241D44A0464FF01809FA
:105A600095F90070002F4BD0072C48D85B2F04BF4E
:105A7000013501202B78A3F1410318BF0020192B19
:105A800039D82A4600237AAE154612F901CB5FFABF
:105A90008CF121F0200EAEF1410EBEF1190FDFB2F4
:105AA00005D93039092902D9BCF15F0F06D106F8B2
:105AB00003C00133172B1546E6D11F4606F80780B1
:105AC00038B12B461D4613F9012B12B15D2A1D4634
:105AD000F8D14FF0000A5FFA8AF39C4240F28082CC
:105AE0004AAB09FB0A30314613F01BFD0AF1010AEB
:105AF0000028F0D1B4E70028B2D10135B0E7002783
:105B0000DFF894A1FBB29C42A1D94FF018084AAB30
:105B100008FB073800255F4B1B78EAB293420AD98D
:105B2000BC20414600FB02A013F0FBFC013500281D
:105B3000F1D10137E6E71F2B08D9584958480EF034
:105B400088F8414656480EF093F8F2E70022554B8C
:105B50005549219222A8CDE930222093FFF7BEF8C3
:105B600004900028E5D005257AAE00234FF480721A
:105B7000314622A8FFF78BF8002803DC22A804F0A6
:105B800002FFD6E7013D15F0FF05EED100234FF4EB
:105B90008072314622A8FFF77AF8002840F3CD80C2
:105BA000404613F0E2FCC5B22A464146304613F0A7
:105BB000F8FC83460028E9D1735706932C2BE5D1D6
:105BC000344B1D784FF0BC0915FB09F309FB05A9FF
:105BD000172241460AEB0300059313F0F4FC30232F
:105BE00014AA0121304689F817B0FEF7BDFA0C233C
:105BF0000DAA02213046FEF7B7FA04230AAA0321B0
:105C00003046FEF7B1FA102310AA04213046FEF701
:105C1000ABFA08230BAA05213046FEF7A5FA60234C
:105C200032AA06213046FEF79FFA059B03F11800C1
:105C30002F2214A9504413F0C6FC0DF1270189F856
:105C400047B010A88DF827B0FEF732FF9DF8273037
:105C500089F84D0089F84F3014490BA813F061FC06
:105C6000059BB0FA80F0400989F84E0003F150001E
:105C700000EB0A065F2232A9304613F0A4FC069B13
:105C800089F8AFB0701E10F9016F8EB17C2EFAD179
:105C90000370F8E76E0A0020B00F0020FBCC010073
:105CA000C441002024CB01001BD9010014CF010006
:105CB000B7490DA813F035FC002836D0B5490DA81A
:105CC00013F02FFC88B3314610220DA814F040FCCD
:105CD000BC2606FB05A6B0640AA812F08CFD86F867
:105CE0004C00BC2303FB05A5FF2385F8B03000233F
:105CF000A94AC5F8B430002385F8B830012385F8E7
:105D0000B9301378A549A648013313700DF0A1FFEF
:105D10004146A3480DF0ACFF22A804F034FE049BDA
:105D2000002B7FF406AF9F4908E7BC2303FB05A3C4
:105D300000229A6483F84C20D3E700230493EBE716
:105D4000DFF87092002432AE049A671C1278FBB21E
:105D50009A4225D916F803804FF0BC0A08FB0A9036
:105D6000FEF78CFC64B2651C834635445346002C18
:105D7000A5EB060210DB15F801AD05920AFB0390B6
:105D80000393FEF77BFC5845059A05D9013C85F83D
:105D900001A064B2039BEAE706F802803C46D3E721
:105DA000814B06931A78002A37D1804B93F80080F4
:105DB0007F4B05934AAE00241C7034702546039433
:105DC000049B1A78E3B29A4274D932AABC2112F821
:105DD0000390784B01FB093C9CF84D30083B012BAC
:105DE0001ED9059B74481B7807910022E3465FFA91
:105DF00082FA53451CD950F832100F46DBF8481090
:105E00008F424FEAC20E06D186449EF804109BF8DA
:105E10004CE0714509D00132E9E74FF03008C7E79F
:105E2000FF238CF8B0300134CAE78CF8B0A0FAE751
:105E30002F2B0AD8079A11465E4A01FB09220399C3
:105E400092F84CC06144414520DD5A4B4FF0BC0AEA
:105E50000AFB0933FF2283F8B02093F8B930002BF6
:105E6000E1D1304613F081FB524B544A09FB0A330F
:105E70000093534BC0F14001002808BF1346013581
:105E8000504A3044EDB213F0DFFACCE74A48976C41
:105E900040F8337082F8B03000EBC300059A80F808
:105EA00004C001334FF0000C13708BB280F805C0B2
:105EB0000393B8E75DB16021CDE900564346424AFD
:105EC0007AA813F0C1FA7AA94048FFF7EFFB069BC6
:105ED0001B78002B58D1364A3D4910781C460A469B
:105EE000E5B2A84202F1080207D912F8085C02F8EC
:105EF000073C2B44DBB20134F2E7364A1370364AD2
:105F000003EB4303802402331470D3701024A823BE
:105F100054701371F02401239470537100270625E7
:105F20001446FBB2834226D20B782A464FF0000C6F
:105F30005FFA8CF602F101089E425FFA88F813D2EC
:105F400051F8046C0CEB060E4FEA1E46A654961C44
:105F5000F6B24FEA1E29033204F80890D2B204F8D0
:105F600006E00CF1010CE3E703EB43032B44DDB245
:105F700001370831D5E76E1CF6B231461648FEF7F8
:105F8000C1F8164B60551E700DF53B7DBDE8F08FD6
:105F900026CF01001BCF01006E0A00201CCD01009E
:105FA000C441002030CD0100700A00200000002014
:105FB0006D0A0020B00F002074080020B9CC010049
:105FC000F9CC01005BCD010060CD010077CD01006F
:105FD000780800206C0A0020D5060020D807002091
:105FE000012F7FF63DAD04EB44074AAB03EBC70737
:105FF000172231463846013413F0E5FAE4B287F847
:1060000017802DE508B505460C46FFF74FFB1349F1
:1060100013480DF01EFE294611480DF01AFE94F9A2
:106020000030B3B120210E480DF017FE21460C4878
:106030000DF01EFE01210D200DF0D0FEFA200DF016
:106040004DFF00210D200DF0C9FEFA200DF046FF96
:10605000F0E703480DF006FEECE700BFECD90100C5
:10606000C441002008B5FFF7EDFA0B4B186C68B17E
:1060700003F0E0FD0948FEF70BFF084804F083FC3D
:1060800007490848BDE80840FFF710BB586C0028D6
:10609000F0D002F0ADFDEDE7FC090020040A00207D
:1060A000440A0020BCCE010037B5054668460C46C0
:1060B000FFF7E2FA9DF800009DF801309DF80220FC
:1060C00014307F281ED80C2B1CD81F2A1AD842EA5D
:1060D000431343EA40239BB29DF803002B8017280B
:1060E0009DF804209DF805100ED83B2A0CD83B29BA
:1060F0000AD8530143EAC02343EA51039BB22380E9
:1061000003B030BD0023E7E70023F8E770B5B2B075
:10611000002332AC0993CDE918330E463A4B44F8CC
:10612000A83D014640F201620AA8FEF7D7FD0546E8
:10613000002866D006A8FFF79FFA344920460DF0E4
:1061400088FD334920460DF084FD324920460DF08C
:1061500080FD314B31492046002E08BF19460DF015
:1061600078FD2F4920460DF074FD2E4B2E49204618
:10617000002E08BF19460DF06CFD9DF81D300593EB
:106180009DF81C3004939DF81B3003939DF81A3042
:1061900002939DF8193001939DF81830234A03F5B6
:1061A000FA6300936021224B1AA813F04DF91AA943
:1061B00020460DF04EFD1F4920460DF04AFD692195
:1061C0002046FEF79DFD1C4920460DF042FD1B496F
:1061D00020460DF03EFD70212046FEF791FD184946
:1061E00020460DF036FD73212046FEF789FD154946
:1061F00020460DF02EFD0AA8FEF74AFE0AA804F07C
:10620000C2FB284632B070BD24CB0100D6D30100BA
:1062100003D401002CD401007AD2010049D201003C
:1062200075D4010056D30100A3D20100BAD40100F5
:10623000F40A0020FBD4010040D8010088D80100F6
:10624000B3D80100D5D801007047FFFF38B5084624
:106250001546084908221C4612F071FB1022064917
:10626000284612F06CFB204604220449BDE8384061
:1062700012F065BBE1DF0100EADF0100FBDF010096
:10628000054B187838B1054B186820B1044B1868D5
:10629000003018BF01207047640A0020600A002007
:1062A000680A0020034B1B680B604FF400731380D7
:1062B000704700BF680A0020012070471A460B4B48
:1062C0001B7810B5029C13B94FF0FF3010BD084B7E
:1062D00018680028F8D0630AF6D004F0CEFE002833
:1062E000F2D024F4FF7020F00100EFE7640A0020F0
:1062F000600A00201A460B4B1B7810B5029C13B99C
:106300004FF0FF3010BD084B18680028F8D0630A22
:10631000F6D004F0F5FE0028F2D024F4FF7020F04F
:106320000100EFE7640A0020600A00204FF0FF3010
:10633000704770B58CB000248DF80C1004928DF865
:106340000D40059403AB054693E8070009AB83E8CD
:10635000070006AE86E8070005F28C460ECB3046F5
:1063600004F050FD95F89F34C5F888648BB900930C
:1063700001231A463146284604F082FB38B90090C2
:1063800003460122D5F88814284604F079FB0CB0A6
:1063900070BD2046FBE7FFFF0B4810B50024C0F896
:1063A0008044C0F88444C0F8884400F28C40FEF772
:1063B00009FC064B064A5C60C3E9104405481A60B4
:1063C000FEF700FC10BD00BF080B0020FC090020F8
:1063D00024CB01009C06002038B504460DF0C2FD18
:1063E000054608480CF033FE38B90DF0BBFD401BE4
:1063F000A042F6D34FF0FF3038BD0248BDE8384028
:106400000CF086BE2434002038B505460024AC428A
:1064100004D03220FFF7E0FF0134F8E738BDFFFF7A
:106420002DE9F04F9A499B48ADF5517DFEF7E0FB11
:1064300018B197499748FEF7FCFB0023964F944903
:10644000559340F2016256A8649365935497FEF702
:1064500045FC0A9040B991499148FFF727F90A98FD
:106460000DF5517DBDE8F08F8E4B1E78002E40F06B
:10647000A080DFF86CA2B046B1468B4B18F8030041
:1064800090AD4FF4845300EB400B2B805FFA8BFBF5
:10649000F023AB700BF10203EB70A823AB80002458
:1064A0000622511CA042C9B20BD0931CDBB205F8E6
:1064B000029005F801900332EC540134D2B2E4B2F8
:1064C000EFE70BF1070B5FFA8BFB59462846099261
:1064D000FDF718FE099A2946A8545A4650460CF072
:1064E0008BFE50460CF077FD5846FFF78DFF4FF4BA
:1064F0009670FFF771FF0028C0F24A8304F1060B83
:106500005FFA8BFB8DF8E00100235A1CD1B259458C
:106510000B93099280F03783C820FFF75DFF0028B6
:10652000C0F236830B9B78AA1344099A587013461D
:10653000EBE79DF8E131F02B40F02A839DF8E23142
:10654000102B40F02583631C9DF8E321DBB29A42B7
:1065500040F01E839DF8E431E82B40F01983594642
:1065600078A8FDF7CFFD78AB9B441BF8013C834234
:1065700040F00E831E2008F101080DF0AFFCB8F1C9
:10658000080F26467FF479AF002C7CD0022C84BF04
:10659000023CE4B2302C28BF3024E3B2434A282125
:1065A00013702846424A12F04FFF29464148FFF730
:1065B0007DF8414954A80DF04CFB404B404A402126
:1065C00044A812F041FF44A954A80DF042FB3D4BF2
:1065D0003D4A402144A812F037FF44A954A80DF0C9
:1065E00038FB324B394A1B78402144A812F02CFF6B
:1065F00044A954A80DF02DFB354954A80DF029FBF2
:106600000025304B334A382136A812F01DFF2A46A8
:1066100036A968A86795769577956697FEF75EFB2D
:106620000990002800F0A8821822294612A812F02A
:10663000AAF9302229461EA812F0A5F9602229469F
:1066400078A812F0A0F9AB462E46A9460127AA4623
:106650002C4600234FF4807290A968A8FEF717FB20
:10666000002840F38682002C3CD11B4990A812F0F0
:10667000BFFF0028EDD0194990A812F0B9FF041C03
:1066800018BF0124E5E7202388E70924E1E700BFDC
:106690001BD90100080B002024CB01003ACB0100DC
:1066A00057CB0100700A0020F9D90100000000203A
:1066B00068CB010079CB010085CB0100F40A0020F2
:1066C00092CB0100D90700209ACB0100A3CB010097
:1066D000B0CB0100E7CB0100F2CB0100FCCB010005
:1066E00024340020A34990A812F082FF804600289D
:1066F00040F03F82012C40F0F0809F4990A812F0BA
:1067000077FF002831D19D4990A812F071FF002831
:1067100040F098809A4990A812F06AFF002898D01B
:10672000984990A812F064FF002892D018232AAA52
:10673000944990A8FDF77CFF00288AD017222AA947
:1067400012A812F040FF002530231EAA8E498DF8B2
:106750005F5090A88DF878500127FDF769FFAB4690
:106760002E46A946AA46072473E7864990A812F048
:106770003FFF0028C7D0182318AA824990A8FDF728
:1067800057FF00283FF465AF302241462AA812F097
:10679000FAF830232AAA7C49CDF8448090A8CDE9A4
:1067A0000F88CDE90C88CDF83880FDF741FF0C2328
:1067B0000FAA764990A8FDF73BFF04230CAA744961
:1067C00090A8FDF735FF734B1B7823B310220021EF
:1067D0000FA813F0BDFE9DF9A8106F4A0B900DF1A4
:1067E000A8080CA8002908BF904612F004F86B4ACC
:1067F0000B9BCDE905226A4A049200210722CDE9CC
:106800000121C0B201220390009218A9424654A867
:10681000FDF744FF1DE708230DAA624990A8FDF784
:1068200007FF0028D2D00DA811F0E5FF80460CA884
:1068300011F0E1FFC1B25FFA88F0FEF753FB0028C8
:10684000C4D106E74F4990A812F0D2FE00283FF4C9
:1068500061AF18232AAA4B4990A8FDF7E9FE00284A
:106860003FF4F7AE4B4B1B78C3B117222AA912A8ED
:1068700012F0A9FE002530231EAA43498DF85F506F
:1068800090A88DF878500127FDF7D2FEAB468DF821
:10689000E0512E46A946AA460424DAE608230FAAA8
:1068A000404990A8FDF7C4FE0028DED0082318AAAE
:1068B0003D4990A8FDF7BCFE0028D6D00FA811F0E6
:1068C0009AFF044618A811F096FFC1B2E0B2FEF795
:1068D00009FB0028C9D10224BBE6022C07D13349A9
:1068E00090A812F085FE002818BF0124B1E6032C01
:1068F00001D12F49F4E7042C62D12E4990A812F05F
:1069000077FE28B18DF8E081DDF824B00624A0E6FA
:10691000294990A812F06CFE0028E0D0082318AA9C
:10692000264990A8FDF784FE0546F8B118A811F095
:1069300062FFC7B2082318AA154990A8FDF778FE90
:106940000646A8B118A811F056FF5FFA80F92AA9E7
:1069500090A8FEF71FF9102200212AA813F0F8FDD5
:10696000002E824618BF0127052472E60127E1E7C1
:106970008146ECE705CC010011CC01001ACC0100E6
:1069800026CC0100F5CC010031CC010037CC010050
:106990004ECC0100700A0020A7D90100B9CC01003B
:1069A0000ECF01003DCC01004BCC010053CC0100C7
:1069B00060CC01006CCC010075CC01007ECC0100E4
:1069C000062C2BD1744990A812F012FEF0B11823B6
:1069D0002AAA724990A8FDF72BFE00283FF439AE91
:1069E0009DF9E03143B178A812F0BFFD6C49C0F1C8
:1069F0005F0278A812F0C1FD78A812F0B6FD2AA9AE
:106A0000C0F15F0278A812F0B8FD22E6654990A8AF
:106A100012F0EEFD002818BF05241AE6052C16D149
:106A2000614990A812F0E4FD00283FF458AF78AB1C
:106A3000CDE905B3CDE90365CDE90179CDF800A035
:106A40001EAB12AA90A954A8FDF716FF01E6072C69
:106A500045D1564990A812F0CBFD30B9544990A8C1
:106A600012F0C6FD00283FF444AF524990A812F03E
:106A7000BFFD00283FF409AE90F90320222A02D07E
:106A8000272A7FF402AE043040F2214E90F9003004
:106A9000002B3FF4FAAD9A423FF4F7AD0023C45601
:106AA00024B1454913F901C0A4450AD0034618464C
:106AB00013F9014B002CE9D02C2C6BD0A242F6D15B
:106AC000E4E701330A2BEAD1837A223BDBB20A2BBB
:106AD000ECD82EFA03F3DB07E8D50824B9E5082C37
:106AE0002ED1364990A812F083FD58B3234618AA38
:106AF000334990A8FDF79CFD0546E8B118A811F0B0
:106B00007AFEC7B2082318AA2E4990A8FDF790FD77
:106B1000064698B118A811F06EFE01275FFA80F9B9
:106B20002AA990A8FEF736F8102200212AA813F00F
:106B30000FFD0A2482468CE50127E3E78146EFE753
:106B4000092C07D1204990A812F052FD002818BF47
:106B500007247EE50A2C7FF47CAD134990A812F03F
:106B600047FD00283FF4C5AE184B0693002305935C
:106B700060E768A803F007FF56A8FEF789F956A852
:106B800003F001FF6BE49DF8E031802B3FF4D1ACC2
:106B90003446F9E4184679E786CC01008CCC010034
:106BA00073DD010097CC0100A2CC0100AECC010046
:106BB000B4CC0100F5CC0100F40A002075CC010032
:106BC0007ECC01004ECC0100BACC0100B9CC010052
:106BD0002DE9F04FFFB0834B834A302110A812F00B
:106BE00033FC10A98148FEF761FD814981480DF011
:106BF00030F87C497F480DF03BF87A497E48FEF733
:106C00008DFCFEF72DFB032819D0A0B1012814D16B
:106C10004021744B794A3EA812F016FC3EA97848F0
:106C2000FEF744FD774B00221A70FFF7F9FB50B9CD
:106C300075497648D3E07649F1E77649EFE776493A
:106C40007648FEF733FD0022754D76492D922EA829
:106C5000CDE93C222C95FEF741F8044668B10526A3
:106C600000234FF480723EA92EA8FEF710F80028EA
:106C700059DC2EA803F087FE0024624A84F0010349
:106C80001370002C40F09380564B674A40211CA89B
:106C900012F0DAFB1CA96548FEF708FD6449554867
:106CA0000CF0E6FF63496448FDF7A2FF002873D0AB
:106CB000224660492D942EA8CDE93C442C95FEF740
:106CC0000DF8002868D05D4F2926013E16F0FF061A
:106CD00049D000234FF480723EA92EA8FDF7D7FFBC
:106CE000002840DD39463EA812F082FC0028ECD096
:106CF0003A2112F009FCB0B301300146013091F99C
:106D00000030202BF9D000230AA8CA5632F0200602
:106D1000DCB220D00D2A1ED00A2A1CD00F2B19D08D
:106D2000C2540133F1E7013E16F0FF0698D100236B
:106D30004FF480723EA92EA8FDF7A9FF002807DDB9
:106D40009DF9F830452BF2D12EA803F01CFE94E7F4
:106D50000024F9E71C4600232249035512F0E1FB09
:106D6000B0FA80F464092EA803F00DFEA4B13449F2
:106D70003448FEF79BFC2F48FEF770F9FEF7F8FC4D
:106D800000287BD130491E48FEF790FCFFF748FBF6
:106D9000002871D12D494CE701212648FFF7B6F9AB
:106DA0002B492C4B002818BF19462B48E1E72B4CE8
:106DB000217871B92A48FFF7A9F92A4B2A490028F6
:106DC00018BF19462448FEF771FC0123237024489C
:106DD000D2E7264B1B78002BD0D125492548FFF759
:106DE00011F900BFF40A0020EACF0100F4CF01003E
:106DF000FECF0100C441002005D0010018D00100E1
:106E000034D00100940600203ACB010057CB01009A
:106E100069CF01007DCF010040D0010056D00100B4
:106E200024CB01001BD9010060D001008FD00100EC
:106E3000A0D00100D9D00100080B0020F0D0010043
:106E4000F7D001001BD1010077D10100B9CC0100BE
:106E5000A7CF010090CF010028D10100F509002043
:106E600034D10100BDCF0100D8CF01006E0A00204F
:106E700047D101006DD10100FEF77AFC00242246C3
:106E800091492D942EA8CDE93C442C95FDF726FF81
:106E9000002800F0BD80214618221CA811F073FDC7
:106EA000052400234FF480723EA92EA8013CFDF773
:106EB000EEFE14F0FF04F4D1844F264600234FF475
:106EC00080723EA92EA8FDF7E2FE002827DD1823D8
:106ED0000AAA00213EA8FDF747F90028EED09DF947
:106EE0002830502BEAD11CA90AA812F01AFB00285E
:106EF000E4D017220AA91CA812F065FB0421102374
:106F000006AA3EA88DF88760FDF72EF9394606A837
:106F100012F007FB0028D1D00134A4B2CEE72EA88E
:106F200003F031FD23466A4A6A4C6B4E18213EA895
:106F300012F08AFA3EA96948FEF7B8FB3EA8FEF7B0
:106F40009BFB9DF8FD20238805929DF8FC20049270
:106F50009DF8FB2003929DF8FA2002929DF8F920FB
:106F600001929DF8F8205E4802F5FA6200921C2119
:106F70005C4A12F069FA5C4A594B28213EA812F08B
:106F800063FA40F201623EA906F10800FDF7A6FE91
:106F9000002800F08F80306C00283BD04FF0487103
:106FA00002F027FE18B951495148FEF77FFB514BBB
:106FB000DFF888A1DFF88881DFF888B100261E801D
:106FC0004D4B1E700CF0CEFF4C4B18604C48FEF73A
:106FD00011FB9AF80030F0B2834224D9BC27474312
:106FE00008EB070999F8B93083B95846FEF702FB58
:106FF00007F118004044FEF7FDFA4248FEF7FAFA9E
:107000004846FEF7F7FA4048FEF7F4FA0136E0E7A3
:10701000044687E7706C0028C5D04FF04872002303
:1070200001F0A2FDBEE73948FEF7E4FA23880133F8
:107030009BB242F20F72934243D8238040F2016226
:10704000002333493F9340A84E934F933E95FDF75D
:1070500045FE78B123882F4A08212CA812F0F4F9B4
:107060002CA93EA80CF0F5FD40A8FDF711FF40A8A3
:1070700003F089FC284929480CF0EBFD1849274802
:107080000CF0F6FDFEF7C0FC254B1B785BB9254CD8
:107090002549227825480CF0AFF824480BF09BFFD7
:1070A0002078FFF7B1F9224B01221A70214B0222FE
:1070B0001A7003E00A492048FEF7F8FA7FB0BDE8ED
:1070C000F08F0123B9E700BF1BD90100F8CE010002
:1070D0008FD1010030270020FC0900209BD1010046
:1070E000440A0020A9D10100E7CB0100CCD1010066
:1070F00001D2010034290020AC0F0020F809002043
:107100000FD2010016D2010019D10100D4D3010021
:1071100028D201003CD2010042D20100C44100202B
:10712000700A0020D8070020D50600202434002053
:10713000F40900206F0A002019D201006E0A002015
:10714000B00F0020F9CC0100F0B5384B1B78012BB3
:10715000A1B017D0364B04AE186804909B88354810
:10716000B380062231460CF04FFD32480BF033FF5E
:107170000620FFF749F900244FF49670FFF72CF929
:10718000002801DA00204FE030550134042CF3D1FF
:107190009DF81030802BF5D19DF81130F02BF1D1F6
:1071A0009DF81230102BEDD19DF81340082CE9D931
:1071B000671C6C2FE6D800256420FFF70DF9002826
:1071C000E0DB731901351871ABB29F42F4D8651D2D
:1071D000EDB229463046FCF795FF20AB1D4415F86B
:1071E000713C8342CED19DF81C2003929DF81B2058
:1071F00002929DF81A200192013C9DF819209DF8F9
:1072000018300092E4B20C4A0C480B2112F01CF921
:10721000702C28BF702422460DF11501084811F08A
:107220008EFB084B01201C7021B0F0BD700A0020BD
:1072300034CB010024340020C7CE0100F40A002022
:10724000020800200108002010B5054C04480BF08E
:10725000FEFE18B120460BF05BFFF7E710BD00BF44
:10726000243400202DE9F04FB74B2DED028B1C7814
:10727000ADF50B7D44B132200CF030FE0DF50B7DE9
:10728000BDEC028BBDE8F08FB04D2B782F46EBB9EB
:10729000AF4C236813B90CF065FE2060FFF754FF74
:1072A000054620B100232360FFF792FCE6E70CF0CF
:1072B00059FE2368C01AA74B9842DFD90123A6497B
:1072C000A64825603B700CF0D3FCD7E7012B42D1D8
:1072D000A349A44E0A68A44822F004020A6001F5FA
:1072E000CC21EC31A14A0C704FF4F04704701470BB
:1072F00034707470B470B47126F8097C402606703E
:10730000072010709A4A0B70D2F8A031994843F0C8
:107310008073C2F8A031984B4AF20352A3F8FE23BF
:107320009A8942F400429A81027B64F3000202735C
:1073300093F8402064F3C71283F8402030BF4FF425
:107340002542A3F8FE2310230B70FFF7FDFE002853
:1073500094D02C70A8E7022B90D18022214608A857
:1073600011F011FB854B04931A78012A00F040813B
:10737000834D41F288302C78FFF72EF80028A8467C
:10738000C0F236818AAE063406F8C80DE4B2012593
:10739000EBB29C4208D9C820FFF71EF80028C0F2C3
:1073A0002781A8550135F3E79DF86031802B40F027
:1073B0001F819DF86131F02B40F01A819DF86231F8
:1073C000102B40F0158198F800509DF863216B1C3C
:1073D000DBB29A4240F00C819DF86431E82B40F01A
:1073E0000781214658A8FCF78DFE8AAB1C4414F88F
:1073F000C93C834240F0FC802A460DF2651128A862
:1074000011F09DFADFF87C81DFF8809100265D4B5A
:107410001B78F5B2AB4240F2BD80BC246C4309EB53
:10742000040292F84D30092B08D108AB03EB850517
:1074300000232B60C2F8B4300136E8E7082B03D0F4
:1074400092F8B010FF2905D108AB03EB85050023A6
:107450002B60F1E7DFF838A192F84EC0CDF814A008
:107460004FEAC10B0AEB0B01503491F805E092F89A
:107470004C10029192F84F200392029A06A9002024
:10748000042A4C44086028BF0422BCF1000F0FD12D
:107490000DF1A00A6046D6448C465FFA80FA924508
:1074A00080F0E8811EF800A000F80CA00130F4E79D
:1074B0000DF1A00CE6445FFA80FC944580F0288230
:1074C000A2EB000C0DF1180AD4441EF800A00CF831
:1074D00001AC0130EFE7029810B99FED2B0ADFE114
:1074E0000968C2F1040209BAD200072B21FA02F29C
:1074F0000AD1039B1F2BF0D8DA4002F0010207EEFD
:10750000902AB8EEE70ACBE1042B09D0052BF6D080
:10751000032B07D153B200EE103AB8EEC00ABFE118
:1075200013B2F8E707EE902AB8EE670AB8E10A4608
:1075300028A91C440844815C04F8011D0132D1B221
:107540008B42F8D8D9E100BF640A00206F0A0020FE
:1075500098060020BFD4010001DA0100C4410020D8
:107560001CE0014009410840184108401941084009
:10757000006000400054004000E00140700A00201C
:107580006C0A00206E0A002000000000B00F0020EE
:10759000740800209B4B1A78002A69D000240DF152
:1075A000A0091822214648461C7011F0ECF9DFF8BA
:1075B00070A2254626464FF0BC0B98F80000E1B2B9
:1075C00088422BD90BFB01A191F8B93073B991F81E
:1075D0004D300135092BEDB208D199F90030013653
:1075E000F6B21BB91722484611F0EDFF0134E4E76B
:1075F00085498648FEF75AF8854986480CF038FBDD
:10760000FEF720F8FEF72EFD049B1B780BB9FFF761
:107610001BFE814A00233B7013602FE67F4B1B78D3
:10762000002B64D000237E4D1C461946BC26DAB2DE
:10763000824211D206FB03F202EB050C9CF8B9C0A2
:10764000BCF1000F06D15257502A0BBF0131621C0A
:10765000C9B2D4B20133EAE7CDE90014714B724AE2
:10766000482158A811F0F0FE704858A9FEF71EF8FE
:107670006B4EDFF8F891002598F80030ECB2A34289
:107680004BD9BC20604306EB000A9AF84D30082B1A
:107690002BD15030002328A930448DF8A030FDF7BD
:1076A00053FC8AAB03EB8403A3F5027383ED000A5A
:1076B0009DF8A030B0EE408A93B19AF8B8307BB90B
:1076C00001238AF8B8300CF04DFC5021009053464D
:1076D0004A4658A811F0B8FE58A95548FDF7E6FFEC
:1076E000BC2303FB046484ED2D8A0135C4E756B145
:1076F0004821CDF800904B4B4E4A58A811F0A4FEFB
:1077000058A94D48B2E748210095464B4B4A58A826
:1077100011F09AFE58A94A48A8E70CF023FC494A00
:107720003F4D494EDFF848910346142158A811F007
:107730008BFE58A8FDF75EFF002498F800305FFA32
:1077400084FB5B452ED94FF0BC0A0AFB0B5A9AF812
:10775000B930ABB93046FDF74DFF9AF84D300A2BE2
:1077600010D13A4A9AF84C3052F82B2000925B0024
:10777000374A142158A811F067FE58A8FDF73AFFC0
:107780000134DAE78AAB03EB8B03A3F502731868C5
:1077900010F082F94A46CDE90001142158A811F0F1
:1077A00053FEEAE72B482C4CFDF724FF0CF0DAFBE4
:1077B0002368C01AB0F57A7F07D3FDF743FF274847
:1077C000FDF766FB0CF0CEFB2060254B1A78002AF3
:1077D0003FF454AD1349234800241C70FDF766FFA5
:1077E00021490C480CF044FAFDF72CFFFEF73AFC57
:1077F000049B1B780BB9FFF727FD074B3C701C60FF
:107800003CE500BFF40900202FDA01004FDA010047
:107810005FDA0100C4410020980600209406002091
:10782000B00F0020440A002086DA0100AEDA010021
:1078300044DB0100C5DA0100DADA0100F9DA0100FF
:107840000BDB01004DDB0100F9CC0100740A0020C4
:1078500051DB0100D4D30100F8090020040A002004
:10786000AC0F00205EDB01006CDB01001BDB0100C4
:1078700059DB0100062B7FF42EAECB788DF86031FA
:107880008B788DF861314B788DF862310B788DF8FB
:107890006331042258A907A811F051F89DED070A99
:1078A0002046FDF72FFBBC2202FB059208AB03EB41
:1078B000850383ED000A92F84D3082ED2D0A0A2BE4
:1078C0007FF4BAAD92F84C30F3B1059992F84E209E
:1078D00059448AAC4879042B4FF0000128BF042397
:1078E00044F8C81D002A7FF422AE28A90844815C10
:1078F000A1540132D1B29942F9D3589AC3F1040389
:1079000012BADB0022FA03F3044A42F8253093E569
:10791000062B7FF4E0AD042206A9BCE7740A002020
:107920002DE9F0410121C8B00D200CF03FFA0021F3
:107930000D200CF053FA4FF4E131B2480FF037FB51
:1079400040F213424FF49651AF480BF0E1FC012195
:1079500002200CF02BFA012102200CF03FFA0CF06F
:1079600001FB40F2DB5504460DF0DAFE40B90CF0A5
:10797000F9FA001BA84203D80A200CF0AFFAF3E78B
:107980000DF0CEFE054628B34FF485739F4AADF83F
:10799000D8300023CDE937239D4C36AB0ECB2046A3
:1079A00003F030FA9B4B20461C6003F000FB9A4B1F
:1079B000186050B9994993480CF05AF901210D20EB
:1079C0000CF00CFA48B0BDE8F081954B95490122C6
:1079D0001A70F0E7944C8D4A0A212046FEF7A9FC64
:1079E00090B9924987480CF043F901210D200CF021
:1079F000F5F9C8200CF072FA00210D200CF0EEF918
:107A0000C8200CF06BFAF0E7D4F88014002900F0DD
:107A1000E6800123864AADF8D85001F2444136A8E9
:107A20008DF8DA5002F093F882497648824E0CF0D5
:107A30001FF9FDF7FBFC8148FDF73EFDFDF7A6FDB4
:107A4000002340F209227E49379338A84693479392
:107A50003696FDF743F948B17A4936A80CF0F9F8A3
:107A600038A8FDF715FA38A802F08DFF00273A462E
:107A70007549139714A8CDE922771296FDF72EF9D0
:107A80000446002800F002813B46082236A914A8CB
:107A9000CDE93677FDF7FBF814A802F074FF36A89D
:107AA00010F0A9FE42F20E72431E934288BF0120DD
:107AB000664B188066496748674C03F0E1FF674BE7
:107AC000674A2070002814BF10461846FDF7F4FCE2
:107AD0002378002B50D000273A466249379738A8C0
:107AE000469747973696FDF7F9F88046002800F04C
:107AF00010811822394624A810F045FF4698002826
:107B000000F0FD80172224A901F00EFD064638A8DA
:107B100002F039FF002E24DD0AAB039308AE09AB57
:107B200007AF02930196009706AB05AA4E4924A819
:107B300011F0BEFC062814D19DF828003B78029075
:107B40009DF82400019030789DF81820BDF814109D
:107B5000009012A804F070F812A93E4803F0B0FF9C
:107B6000454640493048FDF764F8002D00F0D180CB
:107B70003E493F48FDF79AFD24A8FDF77DFD267894
:107B80002EB1344803F093FF061C18BF01269DF860
:107B90009030A3F1140085B2142D8CBF0022012275
:107BA00003F5FA6301920093324A3346302136A836
:107BB00011F04AFC30481EB1304B142D98BF1846C6
:107BC00036A9FDF773FD2E4803F05AFBFDF7E2F9E5
:107BD000002840F0AF802B492B48FEF713FAD4F869
:107BE000841400293FF420AF0123114A8DF8095174
:107BF00001F5896136A88DF80A518DF80B5100F016
:107C000052FF11E7C44100202434002040787D0158
:107C10009C060020600A0020680A0020E7DB0100C3
:107C2000640A002019DC0100080B002059DC010067
:107C3000C1CC01006EDC010024CB01007BDC010023
:107C4000B2CD0100D4D3010028D20100302700209A
:107C5000182A0020000B0020040B0020A7DB0100E5
:107C600099DB0100A4DC0100B8DC0100CADC0100E2
:107C7000DBDC010015DD0100C8DB0100C1DB010018
:107C8000A960000035DD010056DD01002590CDE939
:107C9000340037904690479002466849249626A8BB
:107CA0003696FDF71BF830B3002226A938A802F05B
:107CB000B6FEA0B120220AA938A8FCF7FBFF38A81D
:107CC00002F061FE9DF82830303B092BECD80AA861
:107CD00010F091FD80B2844238BF0446E4E726A844
:107CE00002F051FE42F20E739C4206D80134A4B257
:107CF000534B1C80DEE60446F8E70124F8E747987A
:107D000020B1172224A900F067F9FFE64FF0FF36F3
:107D1000FDE64C4803F0CBFE00287FF42DAF4A4A25
:107D20004A4924A803F09CFF24A9464803F0C8FE52
:107D300047491EE747494848484E494DFDF7EEFB85
:107D400048494948FCF754FF484B187090B14548E2
:107D5000FDF784F918B946494648FDF7A7FC337882
:107D6000012B65D14449454805F026F838B9444906
:107D7000444832E73070287043494448EDE74449AD
:107D80004448FDF793FC444944480BF071FF2B78BD
:107D9000434A302124A811F057FB24A94148FDF79C
:107DA00085FC2C494048FDF781FC23781BB93F49ED
:107DB0003F48FDF77BFC3F4938480BF04AFF0A2259
:107DC000297836480BF089FF3B4934480BF050FFC7
:107DD0003A4932480BF03DFF1E4930480BF048FF4E
:107DE0003078374B374A2178002818BF1A462B784D
:107DF000CDE90023344A354B36A8002908BF134685
:107E0000334A402111F020FB36A93248FDF74EFCE1
:107E1000314922480BF01DFF36A920480BF028FFFE
:107E200001210D200BF0DAFF2C4B00221A70C9E55E
:107E3000002BACD02A492B48CFE600BFC1CC0100B3
:107E400030270020000B0020E3DC0100ECDC010007
:107E5000F8DC0100D907002063DD0100700A002072
:107E60006E0A002034D10100080B0020F509002023
:107E700075DD01009BDD010020A10700942E00208C
:107E8000EFDD010029DE0100A9DD0100DFDD0100D9
:107E900037DE010073DE01007CDE0100C4410020FA
:107EA000F0DE010003DF01000EDF010016DF01003C
:107EB00047DF010050DF010064DF01006CDF0100DB
:107EC000DEDB0100D4DB01004BDF0100A4DB01009D
:107ED0007ADF010097DF0100A5DF01006F0A0020B3
:107EE000BBDE0100DCDE0100F0B500F12403054635
:107EF0000F46164693E8070085B001AC84E80700FA
:107F00007A012146286A01F076F9012806D1324625
:107F10002146286A01F020F905B0F0BD0020FBE7FA
:107F200010B5044600F022FD002384F8313084F8B7
:107F3000333010BD38B50D4690F83110044651B9B4
:107F4000382210F020FD4023012084F831302562D2
:107F500084F8330038BD0020FCE7FFFFF0B491F94E
:107F60000040202C01F1010522D01A4F11609160D0
:107F70000D460E4615F9014B1CB32F2C1AD01F2CA1
:107F800024DDE6B2A6F12201C9B21D2903D827FAE1
:107F900001F1C9071AD424F040013C2916D05C2C09
:107FA00014D02E2E02D0202E00D095602946DFE777
:107FB0002946D4E70E4611F9014B202CFAD02F2C7C
:107FC000F8D01E601146F0BC00F0F8BF0020F0BCF5
:107FD000704700BF010100312DE9F74F90F83330B1
:107FE000DF0704460E46154664D5580603D494F8B8
:107FF000313019070CD5D4E90023D4E9040112EB80
:10800000050843F10009494508BF404538BF851AB6
:1080100004F11803A8460093B8F1000F00F0958012
:10802000206AD4E90023D0F838741740C7F3080B4E
:108030004FB913432BD194F831305A064CBFD0F8C6
:108040003434E369A361D4F820A0780AA7699AF8C8
:1080500045C4DAF82C14023F07FA0CF707440F4422
:10806000BBF1000F2FD1B8F5007F2CD3DAF818122E
:108070008F4228D0B8F5806F45D232463946DAF8BB
:10808000140203F024F8A8B14FF400792FE094F81B
:108090003330A1695B0602D50131A161D3E7009AB3
:1080A00001F074F8002805DBCDD194F8313013F0DD
:1080B000500F4AD194F8323043F0020384F8323042
:1080C0004FF0FF3043E0CBF50079C1454FF000029F
:1080D00039460AF5047028BFC14603F0A4F8002809
:1080E000E8D000EB0B014A46304610F028FCD4E9FA
:1080F000002312EB090043F100014E44C4E90001E2
:10810000A8EB090888E7012202FA0CF2131A4FEAD9
:10811000582E734528BF73468F424FEA432908D92A
:1081200032463946DAF8140202F0A7FF0028DED101
:10813000C0E7FA189142F3D20AF50470019303F0F4
:108140004DF8019B0028EBD1B4E7A5EB080003B084
:10815000BDE8F08F2DE9F04F1F4685B081460E46F1
:10816000924601F1FF3801244FF0FF3304F1FF3B49
:108170002546544520DA01220DF10F014846FFF74C
:108180002BFF0128034617D19DF90F100D29F0D0C0
:1081900008F8011F3FB90A290CD10023735528465E
:1081A00005B0BDE8F08F0190384611F0ADF9019BA4
:1081B0000028F2D10134D9E7002B01DB5D46ECE762
:1081C0004FF0FF35EBE72DE9F74F90F831C08569A7
:1081D000044616461F46BCF1000F69D0D0E90001E5
:1081E000994208BF904206D056EA070305D1002302
:1081F000A361C4E9006701205CE01CF0080F05D012
:10820000D4E90423BB4208BFB24251D3D4F8209032
:1082100016F1FF3247F1FF3399F845E4CDE9002329
:10822000009B0EF1090E5FFA8EFE23FA0EF2019BFF
:10823000CEF1200AAEF1200803FA0AFA23FA08F870
:1082400094F8333042EA0A0213F0400F42EA080879
:10825000CEF1200BAEF1200A02D0E3694344C7E718
:1082600010F1FF3241F1FF3322FA0EFE03FA0BFB4D
:108270004EEA0B0E23FA0AFA4EEA0A0EF04502D332
:1082800050EA010319D11CF0400F14BFD9F834345F
:10829000E369A36104F11809B8F1000FA9D04A46B7
:1082A000A169206A00F072FF002808F1FF38F3DCB2
:1082B000A561002003B0BDE8F08FA8EB0E08E9E748
:1082C0002DE9F04F994690F831308DB004460E46B6
:1082D0001546002B45D191F8313013F0500F40D0A6
:1082E00009F00303012B05D0022B41D0002B38D11C
:1082F000012300E0022309F0080A4AEA030A002DDC
:1083000038D0EF680F230E370022B7FBF3F7304663
:1083100002370023FFB2FFF756FF4FF00008C346B5
:10832000202204A93046FFF757FE002800F0C58040
:10833000202816D19DF81020100620D4BBF1000F84
:1083400005D13168A1F120030193B3690093BB45C6
:108350003CBF0BF101035FFA83FB6AB9002D40F0CB
:10836000AC804FF0000884F8318084F833806EE0F0
:108370000323C0E70327D0E700208046D0E7B8F109
:10838000000F27D1BB4538BF4FF0000B852AF3D132
:1083900038224146204610F0F6FA9DF814109DF858
:1083A000112084F8302001F03702C90658BF42F08E
:1083B000080284F83120326A2262B269626232684D
:1083C000203AA26296F83320C2F3801284F82C205F
:1083D0000120D2E7C02A4FD1DDE906019DF8112026
:1083E00084F833A09307C4E90401DDE90A0144BF1E
:1083F0004AF0400284F83320099AE261C4E902019C
:108400004DBB19F4006FACD119F4884F03D194F827
:108410003330990704D594F8313013F0110FA0D1FF
:1084200019F4806F39D094F833309A0799D5002227
:1084300000232046FFF7C7FE002892D0204600F018
:10844000D7FB00288DD094F833309B072ED44046BC
:108450000DB0BDE8F08F2A686A60E9689DF81320C6
:10846000914289D1288ABDF81420A0EB020CDCF1DE
:10847000000040EB0C0080E7C12A7FF47DAF2A4664
:1084800004A9204600F03EFD00283FF476AFD5E970
:10849000012191427FF471AFB3E719F4804FD2D03C
:1084A000D4E904232046FFF78EFECAE794F8313062
:1084B00043F0200384F83130C9E719F4007F3FF41A
:1084C00050AF1AF0020F3FF44CAF002D3FF449AF0C
:1084D000BB4521D2202204A93046FFF77DFD50B9CB
:1084E0003046D6F8188000F060FA00283FF439AF23
:1084F000C6F81880ECE720287FF433AFBBF1000FFB
:1085000005D13268A2F120030193B36900930BF106
:1085100001035FFA83FBDBE738220021204696F84F
:10852000338010F030FA336A2362282384F8313024
:10853000009B6362C8F38018019BA36284F82C80BF
:108540002B686B6007F1FF384FF000095FFA88F87D
:108550005FFA89FBBB4556D2012259462046FFF7F8
:10856000C3FC064600283FF4FCAE90F90020002A28
:10857000FFF6F7AE2022002110F005FABBF1000F44
:1085800020D185233370224B84F8308086F8018017
:108590001B688BB10DF10B020DF10E0103A898477A
:1085A000BDF80C307381BDF80E3033819DF80B306F
:1085B000337509F10109CBE745F621437381F38156
:1085C0007382F6E7BBF1010F0CD16AF07F03C02282
:1085D000327086F801B084F83330EB68F3702B8A80
:1085E000B380E6E7C1233370A86806F11E026B680A
:1085F0008342DED0591C696093F9003026F8023FAF
:10860000B242F4D1D5E7204600F0B0F980461EE72B
:1086100044290020F0B597B01F4600238DF8513053
:108620008DF852308DF8533090F831300192054674
:108630000C4613B1002017B0F0BD91F8313013F0A3
:10864000500FF7D092F900302F2B13D1019B93F9E3
:1086500000202F2A02D101330193F7E7216A1AB9CA
:108660002846FFF767FCE6E708A8FFF763FC002849
:10867000E0D008AC01AB03AA01992846FFF76EFCD5
:108680000028D7D0019B93F90030D3B1002303AA6F
:1086900021462846FFF714FE0028CBD008AA2B4617
:1086A00005F1300C144618685968164603C608339D
:1086B00063453246F7D1186830602846FFF730FC32
:1086C000D8E73B4603AA21462846FFF7F9FDB2E763
:1086D00019B101F58961FFF79DBF084670472DE983
:1086E0003008134690F831208AB991F8315015F0CE
:1086F000500F0CD0D1E900454FF0000C04F01F0BD7
:108700005BEA0C0403D1BDE83008FFF7D9BD0020B7
:10871000BDE83008704710B504780023CA0342EA68
:108720005101C25C012B12FA81F189B208D1852C6A
:1087300014BF0122032213441F2BEFD9084610BD9A
:108740000122F8E710B5044602F048FD50B104F5E7
:10875000047002F043FD28B1D4F84004BDE8104095
:1087600002F0EDBA002010BDF8B50446006AA16918
:1087700001B10131012200F04BFC0128054602D86D
:1087800000263046F8BD012301461A46206A00F053
:1087900091FC06460028F3D0A26994F833302AB938
:1087A00043F0400384F83330A561EAE7590613D556
:1087B0000132AA42F8D023F04003E16984F8333053
:1087C000A369206A8B4207D94F1C3A4600F033FD5B
:1087D00039460028F4D1D3E74FF0FF322946206A0A
:1087E00000F029FD0028CBD0A1690029DCD02A4661
:1087F000206A00F020FD0028D6D1C1E72DE9F0481D
:1088000090F833309A07044602D40020BDE8F0887F
:10881000C16989B9002594F83030E9B28B422ED372
:1088200001222046FFF760FB01350028EDD00378D8
:1088300003F07F030370EEE75B06006A1CD5D4E902
:10884000026790F845240932D2B216F1FF3B47F196
:10885000FF3CC2F12005A2F120030CFA05F52BFA2A
:1088600002F22CFA03F32A431A430132002300F0E8
:1088700021FC0028CED1C8E700F0FAFCF9E700237C
:1088800084F8313084F83330206AFFF75BFFBDE7AE
:108890002DE9F3410026DFF8D0800546374695F8EC
:1088A0003030F1B28B4249D300222846FFF71CFB3F
:1088B000044600284ED00378C02B2AD0C12B21D0EB
:1088C000852B47D195F8313003F037038380D8F8F2
:1088D000003083B10DF103020DF1060101A89847A4
:1088E0009DF80330BDF806206375BDF80430A28101
:1088F000E381228263822A6A92F8103243F00103F4
:1089000082F8103239462046FFF705FF0136074648
:10891000C5E795F83320437852064CBF43F0020375
:1089200023F002034370D5E90423C0E90223EB6975
:108930004361D5E90223C0E90623DCE7012205F102
:108940002401286A00F008FC20B14780286AFFF75C
:10895000F9FE30B995F8323043F0010385F8323032
:10896000002002B0BDE8F0814429002010B590F845
:10897000313004460BB9012010BD90F833301A068F
:1089800007D503F07F0380F83330BDE81040FFF7D0
:108990007FBF006AFFF7D6FE0028ECD194F8323092
:1089A00043F0010384F83230E6E7F8B590F831304F
:1089B0005A0604462ED5006A00F0F8FC236AD3F864
:1089C0003C341844B0F1806F47D22046FFF7CCFE0C
:1089D000002842D0236AA56993F84524D3F82C34A3
:1089E000023D95401D4400260127206A90F8453439
:1089F00007FA03F3B3420FD90522A91900F5047051
:108A000002F011FC48B34FF4007200210FF0BBFFDD
:108A10000136EAE78068D1E794F831305B0617D475
:108A200094F8333063F07F0384F83330D4E90223C1
:108A3000D0F83C14551843F10006C4E90256D4E9B5
:108A40000423D0F83C14551843F10006C4E9045639
:108A50002046BDE8F840FFF789BF0020F8BD10B5FB
:108A600091F8313013F0500F04461AD040F602232B
:108A7000FFF726FCA8B1302384F831302046FFF7F9
:108A800094FF70B1A369E361204600230022FFF741
:108A90009AFBC12384F833302046BDE81040FFF72D
:108AA00065BF002010BDF0B597B01F4600238DF8BC
:108AB00051308DF852308DF8533090F831300192AA
:108AC00005460C4613B1002017B0F0BD91F83130C7
:108AD00013F0500FF7D092F900302F2B0ED1019BDD
:108AE00093F900202F2A02D101330193F7E7216A7D
:108AF00008A8FFF71FFA0028E5D008AC01AB03AACD
:108B000001992846FFF72AFA0028DCD0019B93F947
:108B100000301BB3002303AA21462846FFF7D0FBF1
:108B200090B108AA2B4605F1300C14461868596814
:108B3000164603C6083363453246F7D118683060DD
:108B40002846FFF7EDF9D9E7002FBCD003AA21464C
:108B50002846FFF784FF0028E3D1B4E703AA2146A3
:108B60002846FFF77CFFAFE72DE9F84316461F467E
:108B700056EA0703054638D090F833309B0734D5C2
:108B8000C16991BB006A12F1FF3890F8452402F1E7
:108B90000902D2B247F1FF39C2F12004A2F1200349
:108BA00009FA04F428FA02F2224329FA03F31A43D9
:108BB000541C224600F02CFA0128804615D90146A3
:108BC00001232246286A00F075FA70B195F8333017
:108BD000C5F81C8063F03F03C5E9026785F83330B0
:108BE0002846BDE8F843FFF7C1BE0020BDE8F88382
:108BF0002DE9F34890F833209307044603D400206E
:108C000002B0BDE8F088C369002B5AD012F04001D1
:108C1000856939D0226AD0E9020192F845240932E7
:108C2000D2B210F1FF3B41F1FF3CC2F12007A2F1AB
:108C300020060CFA07F72BFA02F23A432CFA06F652
:108C400032430132ADB1013B691C5D1B01912A44E5
:108C500092B9D4E90023C4E90223C4E9042394F8B7
:108C6000333063F07F0384F833302046FFF77EFE15
:108C7000C6E70193E561EBE700230199206A00F064
:108C800019FA0028E5D1BAE7C5B102AA006A42F88C
:108C9000041D294600F07AFA0028B0DB07D04FF017
:108CA000FF32A169206A00F0C6FA0028A7D0019916
:108CB0000029CED0206A00F0DBFAE2E70193C5611B
:108CC000F5E701209CE7FFFF2DE9F04F90F83330E6
:108CD0008A46990785B00446934668D51A0760D43A
:108CE00004F11803D9460393D4E90067B9F1000FE2
:108CF00000F0DC80206AD0F838543540C5F308080D
:108D000045BBA169002965D094F833305B065AD57C
:108D1000D4E9026716F1FF3247F1FF33CDE90023B2
:108D200090F84534009E0933DBB2A3F12002C3F171
:108D3000200026FA03F3019E06FA00F003433046B2
:108D4000D040E269034313448B4239D82046FFF7F1
:108D50000BFD60B3206AA16990F845240239914067
:108D60006B0ACD18D0F82C142944B8F1000F3DD16E
:108D7000B9F5007F3AD3B9F5806FD0F8186279D28F
:108D8000B14202BF4FF0FF3380F81082C0F81832B2
:108D90005246D0F8140202F0DEF940B14FF40075EB
:108DA0004CE0D0E90423FFF70EFA002898D194F89C
:108DB000323043F0010384F832304FF0000B88E08A
:108DC0000131A161C6E7039A00F0E0F90028EEDB6B
:108DD000BCD0BFE7E3693BB92046FFF7C5FC0028DC
:108DE000E5D0A369E361B5E7A361B3E7C8F5007512
:108DF0004D4528BF4D46B8F1000F39D1D4E90423C1
:108E0000D4E900679F4208BF964234BF0122052281
:108E100000F5047002F007FA0028C8D040442A4642
:108E20005146A8440FF08BFDB8F5007F06D1206AAB
:108E300000F5047002F0D2F90028B8D0D4E900019E
:108E4000D4E90423461941F10007BB4208BFB242EE
:108E5000C4E90067AA44A9EB0509BFF445AF94F83B
:108E6000333063F07F0384F83330C4E904673BE7B1
:108E70000122CDE7012505FA02F2D31A4FEA59275C
:108E8000BB4228BF3B46B1424FEA432508D8CA1827
:108E9000B24282BF4FF0FF3280F81082C0F8182231
:108EA0005246D0F8140202F02BF9C5E7D4E90223A8
:108EB000BB4208BFB24208D2C4E9026794F833301B
:108EC00063F07F0384F8333003E0044B1B68002B0E
:108ED000F4D1584605B0BDE8F08F00BF442900200A
:108EE00070B505460C4659B1036808465E6810F037
:108EF0003CFB2146024633462846BDE870401847F1
:108F0000084670BDF0B5966801F11E05536831F84A
:108F1000020F9E4203D1B0FA80F04009F0BD5C1C04
:108F200054607E2893F9004014D8E3B2A3F161079E
:108F3000192F9CBF203B5CB2C3B2A3F16107192F6C
:108F400098BFA3F1200040B2A04203D1A942DDD1D5
:108F50000120E3E70020E1E72DE9F04190F831300E
:108F600006460F46904633B30225002496F830306B
:108F7000AB421BD3002229463046FEF7B5FFD0B1E5
:108F80000378C12B17D13A1900F11E0130F8023FC6
:108F900063B1013444450ED27F2B28BF3F23884262
:108FA00002F8013BF2D10135EDB2DFE700233B557A
:108FB0002046BDE8F08100243C70F9E770B5886870
:108FC0000D684D6000234A68824218D0541C4C60E2
:108FD00092F90020D4B2A4F16106192E98BFA4F131
:108FE00020024FEAC33444EA530398BF52B253FA03
:108FF00082F2C2F34E0343EAC2339BB2E3E7401B63
:10900000C8600138FE280B828CBF0020012070BD93
:109010002DE9F84F804693468A4659B38D1ED8F8FD
:109020003034AB4298BF002505F0070301249C4073
:10903000C5F3C809E4B22F462E46D8F82C140022F6
:1090400001EB1631404602F0EEF888B110F8093015
:10905000234206F1010610D1F21B5A450ED1BAF196
:10906000000F04D1BBF1010F08BFC8F82074B81C71
:10907000BDE8F88FD0F82054D1E73746B54217D075
:10908000D8F83024B2420ED9640014F0FF04DFD1C6
:1090900009F10103B3F5007F4FF000094FF001041F
:1090A000CBD29946D2E700274FF400793E46EFE74E
:1090B0000120DDE72DE9F84306468C1ED0F8300488
:1090C000A11881421746984641D8D6F82034B8F105
:1090D000000F37D0A34206D3994204D9814228BF5A
:1090E0000021C6F8201404F007030125D6F82C143B
:1090F0009D4001EB1431EDB2C4F3C80401223046A7
:1091000001F1010902F08FF808B303192A46197812
:10911000114214BF01240024444518D05140013F9E
:10912000197017D0520012F0FF02F0D10133A3EBF7
:10913000000C1446BCF5007F4FF00102494615466D
:10914000E5D1DBE7A34288BFC6F82044CBE7002087
:10915000BDE8F8830120FBE738B50C46D0F8383479
:10916000496890F8455419402368023BAB4003EB33
:109170005123D0F82C1400F50470194402F053F870
:1091800018B16368C3F30803184438BD38B5D0F884
:10919000303401338B420C46154602D24FF0FF307B
:1091A00038BDD0F82414002201EBD41100F504706E
:1091B00002F039F80028F1D0A400C4F308040359E0
:1091C0005A1C1ABF2B6001200020E9E773B502ADDD
:1091D000064645F8041D00242A4601993046FFF74B
:1091E000D5FF002805DB04F10104F5D1204602B0CB
:1091F00070BD0024FAE770B54B68D0F838441C40C5
:1092000013444B6090F8453409331444DBB20646EE
:109210000D46DC406CB12B7A29681BB10131296005
:10922000013CF7E72A463046FFF7B0FF0128F7D0A8
:1092300070BD0120FCE7012938B50C46154601D860
:10924000002038BDD0F8303401338B42F8D3D0F849
:109250002414012201EBD41100F5047001F0E3FFA6
:109260000028EDD0A400C4F3080405510120E8E76C
:109270002DE9F34107460C460E4601AA2146384621
:10928000FFF784FFB0F100081DDB002221463846BD
:10929000FFF7D1FF0546B0B1621CB8F1000F02D054
:1092A000019B934207D00023921B31463846FFF7BB
:1092B00001FF40B1019E019CB8F1000FDDD12846AD
:1092C00002B0BDE8F0810025F9E7FFFF70B5044664
:1092D0001E46002380F84434C0F8401441600370F7
:1092E0004FF0FF30A060C4F8141284F81032C4F8B4
:1092F00018021546CAB1042A01D9002070BD1A46C9
:10930000194604F5047001F08EFF0028F5D005F130
:109310008055013D00F5DF702D0143191A79002AAF
:10932000EBD0425D5206E8D19E680022314604F53A
:10933000047001F078FF05460028DED01A490522A6
:10934000033010F02EF901460028D6D195F86C3084
:10935000092BD2D12B6D3344C4F824346B6DC4F87F
:109360002834AB6D3344C4F82C34EB6DC4F830347E
:109370002B6EC4F8343495F86D3084F845340125EB
:10938000093305FA03F3C4F83C34013BC4F838341C
:10939000C4F820042A462046FFF73AFE402384F80A
:1093A00044342846AAE700BF00E0010010B5044697
:1093B000D0F83414FFF70AFF94F845340933DBB2D0
:1093C000984010BD10B50446243001F007FF48B1A5
:1093D00004F50D7001F002FF20B12068BDE81040D7
:1093E00001F0ADBC002010BD814230B507D00D4664
:1093F00004460FCD0FC40FCD0FC42B68236030BDC2
:10940000024638B552F8105F04462946806801F0DC
:109410009DF940B1A3783DB943F04003A370A37810
:1094200063F07F03A37038BD22690135AA42F6D0EC
:1094300023F04003F2E7FFFFF8B5077817F0400785
:10944000044602D000263046F8BD4269154B9A42C8
:10945000F8D8FFF7D5FF06460028F3D0A3682569A2
:109460009A795B69023D95401D44A0680379F9B281
:109470008B420DD905222944243001F0D4FE013756
:109480000028DFD04FF4007200210FF07CFAECE7E7
:1094900082794FF400739340626912FA83F3636137
:1094A000D1E700BFFFFD1F0010B5044680680A46E3
:1094B0002430A16901F0B7FE20B1A38803F00F03A7
:1094C00000EB431010BD70B5047805460E4694B904
:1094D000242221460FF057FAAE60F379102B03D007
:1094E000202B06D0204603E0402301202B70A870DB
:1094F00070BD8023F9E70020FAE738B5CB68044651
:109500000D4623B98968BDE83840FFF7DCBF242247
:1095100000210FF038FA102301202370A070AB68EF
:10952000A360EB68236238BD2DE9F04F83780446D1
:10953000D80785B08A4615466AD52378190732D5EB
:10954000E36962699B1A9D4228BF1D4604F110031E
:109550002E464FF000080193002E00F09F802278E5
:109560006769A0685306C7F3080B4FEA572123D554
:10957000026A1144D4F80890BBF1000F4FD1B6F540
:10958000007F4CD3D9F82C20914248D0B6F5806F9B
:109590005ED25246D9F8280001F099FD002837D054
:1095A0004FF400774EE05A06D0D5A3681A89636954
:1095B000C3EB42139BB2C6E790F8058008EA0108A6
:1095C000BBF1000F08D1B8F1000F05D16FB9120639
:1095D0004CBF026A226A2261A268216990795269AD
:1095E0000239814011444144C4E71307216905D57C
:1095F000A278570602D501312161EDE7019A01F009
:1096000040F8002804DBE7D1237813F0D00F45D1D0
:10961000637843F0020363704FF0FF303FE0CBF517
:109620000077B7424FF0000209F1240028BF374607
:1096300001F0F9FD0028EBD000EB0B013A46504653
:109640000FF07DF963693B44BA446361F61B83E71D
:10965000207840064FEA562306D499F80400A0EB80
:109660000800834228BF034691424FEA432707D9A7
:109670005246D9F8280001F000FD0028E2D1C7E7E2
:10968000C8188242F4D209F12400CDE9021301F096
:10969000A5FDDDE902130028EAD1B9E7A81B05B052
:1096A000BDE8F08F2DE9F04F1F4685B081460E468C
:1096B000924601F1FF3801244FF0FF3304F1FF3BE4
:1096C0002546544520DA01220DF10F014846FFF7E7
:1096D0002BFF0128034617D19DF90F100D29F0D05B
:1096E00008F8011F3FB90A290CD1002373552846F9
:1096F00005B0BDE8F08F019038460FF005FF019BE3
:109700000028F2D10134D9E7002B01DB5D46ECE7FC
:109710004FF0FF35EBE7436937B5C3F34315044614
:1097200005B199B901220DF107012046FFF7FCFEB2
:1097300040B2012802D0002003B030BD63691F335E
:10974000A0686361343000EB4510F5E72033F7E79C
:109750002DE9F0410E4601780769044639B34069A6
:10976000B04206D03EB92661A378666123F020039B
:10977000A37001201DE00B0712D5E369B34216D395
:10978000D4F808C0A2789CF806300933DBB2751E05
:10979000520625FA03F50ED5236A1D442561E3E739
:1097A0004D06EDD5A3681B89B6EB431FDCD92761B5
:1097B0000020BDE8F081421E22FA03F39D4200D34F
:1097C00098B90B064CBFDCF82030236A236104F102
:1097D0001008002DC8D042462169A06800F051FF52
:1097E000002805F1FF35F4DCE1E7ED1AEFE7F8B505
:1097F0000F4616460021242204461D460FF0C3F8EA
:10980000B868A68000F1340206F00F0602EB46129B
:109810003B6AA060E360D17A0E073FD401F03701C4
:109820002170D37A13F0180F9DF81830E37008BF39
:1098300041F0080105F0030308BF2170012B27D078
:10984000022B23D053BB6B0528D40123A370A1782E
:109850008F0706D5237813F0110F1FD143F0200393
:10986000237005F008030B43A370C36AA361518BF7
:10987000938A6E0541EA034114D559B9A37863F080
:109880007F03A3706B0411D40120F8BD0323DDE72F
:109890000223DBE700F0D4FF0028EFD10020207086
:1098A000A070F2E72162D369E361EBE7E16920464A
:1098B000FFF74EFF0028F1D0E6E72DE9F7430378E4
:1098C00007460D469146002B3DD10B7813F0D00F83
:1098D00039D04C6914F01F0435D1264600212846A2
:1098E000D5F81480FFF717FF68B303785BB32E2B0E
:1098F0001FD0E52B1DD0C27A12F008011BD16CB12C
:10990000421E0A30CB0143EA510112F8013F53FADB
:1099100081F18242C9B2F5D18E4214D100944B46F6
:10992000C8F34F1229463846FFF761FF03B0BDE880
:10993000F0830024D2E70F2AFBD15A06CED503F0DC
:109940001F04467BCAE70020F0E7FFFF37B5037826
:109950000446002B39D090F90230002B2FDA012178
:10996000FFF7A2FD054630B9637843F00103637049
:10997000002003B030BD0378E52BF5D0237803F049
:109980003703C37223781B0744BFE369C361236AAB
:1099900043831B0C83820E4B1B6863B10DF10302E2
:1099A0000DF1060101A89847BDF804302B836B82A6
:1099B000BDF80630EB82A37803F07F03A370A068A4
:1099C000FFF700FD0028CFD0D3E70120D1E700BF8B
:1099D0004429002010B50446FFF7B8FF0023237088
:1099E000A37010BD70B594B01E460023ADF82C30A6
:1099F0008DF82E300378019205460C4613B10020F5
:109A000014B070BD0B7813F0D00FF8D092F900307D
:109A10002F2B13D1019B93F900202F2A02D1013360
:109A20000193F7E7A1681AB92846FFF74CFDE7E76D
:109A30000BA8FFF748FD0028E1D00BAC01AB03AA4F
:109A40000199284600F0D0FC0028D8D0019B93F95A
:109A500000307BB1002303AA2146284600F09EFB7C
:109A60000028CCD00BA82946FFF7BEFC2846FFF7FC
:109A7000B1FFE2E7334603AA2146284600F08EFBF9
:109A8000BEE719B101F24441FFF7ACBF0846704789
:109A9000F0B50B7813F0D00F89B004460E4602D112
:109AA000002009B0F0BD40F6022300F077FB00284B
:109AB000F6D001251027A57027702046FFF7BCFCC3
:109AC0000028EDD02369236200212046FFF740FEE5
:109AD0002046FFF73BFF0028E2D029462046FFF74B
:109AE000E3FC01460028DBD0C772202268460EF056
:109AF00026FF2E238DF80030294620230DF8013053
:109B000001310B29FAD1A068216A83790239994081
:109B1000436901221944243001F085FB05460028E1
:109B2000BED0694620220EF00AFF2E238DF80130A8
:109B3000336AADF81A3020221B0C6946A818ADF81C
:109B400014300EF0FCFEA068FFF73CFCA9E770B5EE
:109B500094B01E460023ADF82C308DF82E300378DB
:109B6000019205460C4613B1002014B070BD0B786D
:109B700013F0D00FF8D092F900302F2B0ED1019BAB
:109B800093F900202F2A02D101330193F7E7A1684E
:109B90000BA8FFF798FC0028E6D00BAC01AB03AA9A
:109BA0000199284600F020FC0028DDD0019B93F9A4
:109BB0000030C3B1002303AA2146284600F0EEFA84
:109BC00038B10BA82946FFF70FFC2846FFF702FF24
:109BD000E3E7002EC8D003AA21462846FFF758FF26
:109BE0000028EED1C0E703AA21462846FFF750FF20
:109BF000BBE738B504460D46D1B183789B0717D52E
:109C0000036AABB98068837909330139DBB2D94083
:109C100004F12002013100F0D4FD48B1A378E561E0
:109C200063F01F03A3702046BDE83840FFF78EBEE7
:109C3000002038BD13B583789B07044602D400206A
:109C400002B010BD036A43B30169E9B102AA00235F
:109C500042F8043D806800F014FD0028EFDB07D0D7
:109C60006FF070422169A06800F041FD0028E6D045
:109C7000019961B96369E361A37863F07F03A3701D
:109C80002046FFF763FEDBE701930162F0E7A0687F
:109C900000F0D6FD0028EDD1D1E70120D0E7FFFF8D
:109CA0002DE9F04783780F4699070446904645D53D
:109CB0001A073ED46369DB4343453FD34646626996
:109CC000002E7FD0A06890F8059019EA5229C2F3BF
:109CD00008050DD12169002D40F08480002948D06D
:109CE000A3785B0631D5E36993422ED90131216116
:109CF000A06821698379023999404369194449442C
:109D0000002D74D1B6F5007F71D3B6F5806FC26AAD
:109D10003FD2914201BF002380F824304FF0FF333F
:109D2000C3623A46806A01F016FA38B14FF4007AFD
:109D300082E0C169FFF70CFD0028BBD1637843F0D6
:109D4000010363704FF0000849E004F1100200F0D5
:109D500098FC0028F2DB04D12046FFF751FB0028D5
:109D6000ECD0A0682169837902399940436919448C
:109D7000C8E7236A3BB92046FFF742FB0028DDD045
:109D800023692362B4E72361B2E7012240E00522A0
:109D90003EE00379750AA3EB0903AB4228BF2B46CB
:109DA00091424FEA432A08D85D18954281BF0022AC
:109DB00080F824204FF0FF32C2623A46806A01F0F8
:109DC0009FF937E0E369934205D2E261A37863F03B
:109DD0007F03A37003E01C4B1B68002BF6D14046A9
:109DE000BDE8F08783790239994043691944C5F584
:109DF000007AB24528BFB246002DC6D16269E36938
:109E00009A42C4D2A37813F0200F0CBF012205227E
:109E1000243001F008FA002890D0284452463946F0
:109E200055440EF08CFDB5F5007F05D1A0682430B7
:109E300001F0D4F9002881D0636953446361574429
:109E4000A6EB0A063BE700BF44290020411E00F1B3
:109E50000A020020C30143EA500011F8013F53FAFF
:109E600080F09142C0B2F5D1704710B54901044667
:109E7000FFF76EFC28B120460021BDE81040FFF737
:109E80004ABC10BD2DE9F0470546164607468846F0
:109E900099460FCD8AB001AC0FC40FCD0FC42B680B
:109EA00023603368736001244C4537D8A8EB040164
:109EB00089B201A8FFF7D9FF824618B900200AB07D
:109EC000BDE8F0870025EAB25146384600F02EFB87
:109ED000D6E90123934203D1B0FA80F04009EEE7BE
:109EE0007F28EBD8C3B2A3F16101192998BFA3F170
:109EF0002000531C736092F90020D3B2A3F16101DA
:109F0000192998BF203B40B298BF5AB28242D5D19E
:109F100001350D2DD7D10134E4B2C5E70120CEE7DC
:109F20002DE9F0470546164688461F460FCD8AB0F4
:109F300001AC0FC40FCD0FC42B68236006F11200D3
:109F4000FFF784FF336873608146012400254FF0DA
:109F50000F0ABC4242D8A8EB040189B201A8FFF75E
:109F600084FF00283BD0039A92F82430BC4243F08F
:109F7000010382F824300CBF44F0400323460370F1
:109F8000002380F80BA0037380F80D90D6F808C06A
:109F900043837268624512D1BDB10135EDB24FF60F
:109FA000FF715A00042B5FFA83FE024410D8A2F816
:109FB000011001330D2BECD10134E4B2C9E7511C7F
:109FC000716092F9001089B2EBE729460125E8E7B4
:109FD000BEF10A0F94BF9180D180EAE701200AB058
:109FE000BDE8F0872DE9F0430246054652F8123BE2
:109FF000876800F11D01202002F8010B9142FBD17E
:10A0000093F900002E3818BF01201E46013396F93F
:10A0100000202E2AF9D07B1EB3429C4605D99CF91C
:10A0200000202E2A03F1FF33F6D100224FF0070E55
:10A03000114690464FF00809BE4244D233782E2B89
:10A0400008D1B4450ED14FF00A0E08214FF0100987
:10A050000136F1E7222B13D07C2B11D0A3F15B0446
:10A06000022C0DD9A3F12A04052C01D82D2B07D1E0
:10A07000A3F13A04052C03D9A3F121045D2C05D9E1
:10A0800003F0C003802B35D10020E1E7714507D9EB
:10A09000BEF10A0F16D0B44514D30CF1FF36F3E726
:10A0A000A3F16104192C29D8203B49EA0202DBB252
:10A0B000D2B24C1CE4B22944062C8B7400D82C7408
:10A0C0002146C5E70020AB7C202B11D030B118EA27
:10A0D000020F18BF02226A74BDE8F0832B7C2B4468
:10A0E00001227E216A7499743121D9741046F3E7F4
:10A0F0000020F1E77145CBD85F230020A3F1410494
:10A10000192C98BF49EA0808D3E72DE9F0470E7CDF
:10A1100080460F46622400254FF07E0901F1120AA5
:10A1200009F020FF032E28BF03260544331DADB2DE
:10A13000DBB205F00F02F918013B092ADBB294BF2C
:10A1400030323732B3428A744FEA1515F1D8BB1951
:10A15000002183F812904046FFF7FAFA01214046A9
:10A16000FFF7D9FA014630B998F80100B0FA80F04B
:10A170004009BDE8F087037873B1C37A1B07EDD4BB
:10A180000B2250460EF0CCFB0028E7D1601E10F0E9
:10A19000FF04C5D12046ECE70120EAE72DE9F04FA6
:10A1A0008DB00E4603930B78089013F0D00F9146B4
:10A1B00003D100200DB0BDE8F08F089B1B78002B69
:10A1C000F7D1D3680D220C33B3FBF2F3DBB2069365
:10A1D00099F81130980718BF069B304618BF03F155
:10A1E000010B8B6805934FF000014FF0000814BF7E
:10A1F0005FFA8BFB4FF0010BFFF7AAFA09F112038C
:10A20000CDF81080C24644464546CDF81C800993DF
:10A21000776900213046C7F34F17FFF77CFA40BB40
:10A220007378002BC5D1039B9A05C2D503F00303B5
:10A23000013B012BBDD8002C08BFB8465C4508D2B5
:10A2400000213046FFF767FA002876D17378002B9B
:10A25000AFD1A4B21FFA8BF5A54271D93046FFF7F2
:10A26000EBF80028A5D0059B1B7904EB0314A4B2DE
:10A27000F2E70378E52B00D063B9002C08BFB8469D
:10A280005C453CBF0134E4B2002BCCD0E52B04D1BB
:10A290000025BDE75C4538BF00242E2BF8D0C27ADC
:10A2A0000F2A23D1BDB9069A03F01F0A5245AFD138
:10A2B0005906ADD5437B04931546BAF1010FA7D1DA
:10A2C000791C2B464A4689B23046FFF7DBFD002851
:10A2D00008BF00259CE70AF1FF3A5FFA8AFA534566
:10A2E000D6D1437B049A9342E7D0D1E71307CFD46A
:10A2F000ADB1BAF1010F7FF45CAFFFF7A7FD049B8E
:10A3000098427FF456AF039B19053FF552AF009575
:10A31000039B08983A463146FFF769FA4AE70B2251
:10A3200009990EF0FDFA00287FF472AF99F8113008
:10A33000D807E8D5012307936AE70134E4B27DE743
:10A34000079B002B40D10BF1FF35EDB208EB050761
:10A35000BFB22B464A4639463046FFF7E1FD00289A
:10A360003FF427AF39463046FFF77FFD044600280B
:10A370003FF41FAF202200210EF005FB0B2209F154
:10A38000120120460EF0DBFA99F8113003F01803A1
:10A390002373144B1B68F3B10DF12B020DF12E0149
:10A3A0000BA89847BDF82C302382BDF82E30E381EE
:10A3B0009DF82B306373059B059A93F8243043F086
:10A3C000010382F82430A2E749463046FFF79DFE9C
:10A3D0000028B8D1EDE645F621432382238363822A
:10A3E000E9E700BF44290020F0B491F900002028DB
:10A3F00001F1010426D000201D4F1160D0600C46F1
:10A40000254615F9010BF8B12F281DD01F282BDD8B
:10A41000C6B2A6F12204E4B21D2C03D827FA04F434
:10A42000E40721D420F040043C2C1DD05C281BD034
:10A430002E2EA5EB010003D0202E01D0C2E9025040
:10A440002C46DDE72146D0E7D1680139FE290BD83B
:10A45000204614F9011B2029FAD02F29F8D01860C2
:10A46000F0BC1046FFF7BEBD0020F0BC704700BF37
:10A47000010100312DE9F0418AB00023ADF804302C
:10A480008DF8063083789A07044607D5016A39B9F2
:10A4900001212046FFF708F8054638B9002042E0C0
:10A4A000806800F0CDF90028F2D1F7E7FFF7CEFC85
:10A4B000E5262E70002307462370A370A068FEF7E0
:10A4C00081FF0028EAD0E3786BB3214601A8FFF7AB
:10A4D00014F80028E2D00125E3785FFA85F84345B7
:10A4E000DCD3A188491B89B201A8FFF7BEFC002874
:10A4F000D4D0C37A0F2BD1D1027802F01F03984534
:10A50000CCD1437BBB42C9D10670A16891F82430FD
:10A5100043F0010381F8243001355306ADB2DBD599
:10A52000A068FEF74FFF0AB0BDE8F081042A04D806
:10A5300001EB4201B1F8010070470A2A03D801EB90
:10A540004201888870470C2A9ABF01EB4201C888F3
:10A5500000207047F8B504780D461646D4B314F0C1
:10A56000C00407D0012A35D92F230B7000234B706C
:10A570000120F8BD2146FEF797FF58B30246214659
:10A5800008272346082914780BD1202C1ED0102729
:10A590002E249C460133B3421CD2DBB205F80C409A
:10A5A00011E0A4F1410CBCF1190F02F1010207D82E
:10A5B00090F80CC017EA0C0F02D0203464B2E8E720
:10A5C00064B2202CE5D101310C29DBD118460023DF
:10A5D0002B54CEE700202870CBE72DE9F0478AB056
:10A5E0000378002406460F469046ADF804408DF8E7
:10A5F0000640002B40D0C37833B9FFF7ABFF0346CA
:10A6000018460AB0BDE8F087014601A8FEF775FFBD
:10A6100090B30125F3785FFA85FA534528D3B188C2
:10A62000491B89B201A8FFF720FC814620B3C37AF9
:10A630000F2B21D1037803F01F039A451CD1234629
:10A6400007EB030A0024E2B249463046FFF76EFFEB
:10A6500078B1013343450FD27F2828BF3F200AF845
:10A66000040001340D2CEED10135ADB21C46D1E70A
:10A6700023460022FA54C3E700233B70C0E7FFF7EC
:10A68000ACBF012970B506460C46154602D84FF0FE
:10A69000FF3070BDC3698B42F9D3C379202B14D12D
:10A6A0008169022201EBD41100F50D7000F0BBFDB1
:10A6B0000028ECD0A40004F4FE740359F26993421C
:10A6C0009ABF2B6001200020E3E7102BDFD18369C4
:10A6D000C1F307210222194400F50D7000F0A3FD1B
:10A6E0000028D4D0640004F4FF74035BE6E701297A
:10A6F00038B50C46154601D8002038BDC3698B42D9
:10A70000FAD3C379202B0FD18169032201EBD41135
:10A7100000F50D7000F087FD0028EDD0A40004F4D2
:10A72000FE7405510120E8E7102BE5D18369C1F3E0
:10A7300007210322194400F50D7000F074FD002874
:10A74000DAD0640004F4FF740553EBE72DE9F3411C
:10A75000C4688C4205460E46904601D3012701E0AD
:10A760000C460027EB690134A34202D2C7B9EC685A
:10A77000F4E7A64214D001AA21462846FFF781FF3C
:10A7800000280DDBEED0019B002BEBD107B1EC6074
:10A790006FF0704221462846FFF7A9FF074620B90F
:10A7A0000027384602B0BDE8F08116B9C8F800406D
:10A7B000F7E7224631462846FFF799FF0028F5D1F2
:10A7C000EEE72DE9F743C468013405468846914613
:10A7D00026460127EB69A3421DD301AA214628463C
:10A7E000FFF74FFF002816DB019A631C02B928B956
:10A7F000A64218BF00271E461C46EBE79A1B42459F
:10A80000FAD107B1EC606FF0704221462846FFF79D
:10A810006EFF074620B90027384603B0BDE8F08335
:10A82000A6420AD204F1FF38224641462846FFF7E5
:10A830005EFF44460028F3D1EDE7C9F80060EBE77E
:10A8400073B505460C4601AA21462846FFF719FFB5
:10A85000061E10DB002221462846FFF748FF50B1B4
:10A86000EB68A34284BF04F1FF34EC60019C002E2E
:10A87000E9D102B070BD0020FBE7F8B504461D46E3
:10A8800000230160C3710120E0604FF0FF3004F14C
:10A890002407A16284F82430E062C4F8381284F8F6
:10A8A0003432C4F83C021646C2B1042A01D9002051
:10A8B000F8BD1A461946384600F0B5FC0028F6D017
:10A8C00006F18056013E00F5DF70360183191A79D2
:10A8D000002AECD0825D5206E9D19D68002229460B
:10A8E000384600F0A0FC0028E1D0037C022BDED12A
:10A8F000B0F80B30B3F5007FD9D1417B21714B1EED
:10A9000063710023A37109260123994207D0013EF8
:10A91000CDD0A2795B000132A271DBB2F5E7C38A28
:10A9200023610BB9436A2361C38921692B44A36165
:10A93000B0F811202281520103EB410302F2FF1211
:10A94000236203EB52236361B0F8132002B9026A59
:10A95000ED1AA3791544DD406B1CE36140F6F473F6
:10A960009D4202D80C23E371A1E74FF6F4739D4298
:10A9700085BFC36A236210232023E3712163C4F8D7
:10A980004012012094E710B50446806B28B1FFF710
:10A9900021F80023C4E90E3310BDE06B10B1FDF7C0
:10A9A000BFFAF6E70120F4E72DE9F0410446174627
:10A9B00098460D4611B90020BDE8F081FFF7E3FF8E
:10A9C000D5F8806496B12146242000F057F8002283
:10A9D000028082704346A0633A46D5F88014FFF7A0
:10A9E00050F808B10120E7E7A063E5E7D5F8843423
:10A9F000002BE0D02146382000F040F880F831608C
:10AA000080F8326080F833604346E0633A46D5F818
:10AA10008414FDF75DFE0028E4D1E063CCE7F8B5CF
:10AA20000D4604461746FFF7AEFFAE6B86B12146D2
:10AA3000242000F023F8002202808270A0633A46AE
:10AA4000A96BFEF73AFF08B10120F8BDA063FCE74F
:10AA5000E86B0028F9D02146382000F00FF880F884
:10AA6000316080F8326080F83360E0633A46E96B29
:10AA7000FDF735FE0028E7D1E063E6E708467047BA
:10AA80002DE9F843002506468846C0F88054014663
:10AA90004FF4906099461746FFF7F0FF4FF0FF33F1
:10AAA0008360C0F8183245600570C0F8145280F811
:10AAB000105280F8445480F8795480F87A5480F821
:10AAC0007B54089BC6F884044A4641460446FEF778
:10AAD000FDFBA0B104F589652846FDF721FA214662
:10AAE0002846FDF727FA50B11E4B1A6802B91C60C0
:10AAF0001D4B0FB91A6802B91E60012030E0002515
:10AB00003146C6F884544FF48D60FFF7B7FF4FF01D
:10AB1000FF33C362C0F83C32C571856280F82450AF
:10AB2000C0F8385280F83452A0F8445480F84654A3
:10AB3000089BC6F880044A4641460446FFF79DFE3E
:10AB400058B104F244452846FEF744FF2146284602
:10AB5000FEF7B9FC08B1054BC7E70020C6F8800432
:10AB6000BDE8F88338290020402900203C29002036
:10AB700000680368FF219B681847006803689B68AA
:10AB8000184710B5048809F0EDF9201AC0F3C03059
:10AB900010BD70B5057D04468DB9034653F8040B0E
:10ABA0000268D66993E80600B04701232946A07CD5
:10ABB000237500F011FBFF212046FFF7DEFF70BD7B
:10ABC000037D10B504466BB10121807C00F004FBCD
:10ABD000FF212046FFF7D1FF206803681B6A9847D2
:10ABE0000023237510BDF7B504460D46164609F03F
:10ABF000B9F902AF00F5967027F8040D2046FFF76B
:10AC0000B7FFFF28A0750CD13846FFF7BAFF002820
:10AC1000F4D01E232046E374FFF7D2FF002003B0D8
:10AC2000F0BDFE280AD12E44B54209D02068036841
:10AC3000FF219B68984705F8010BF5E71923E9E721
:10AC40000023A3752046FFF793FF2046FFF790FFF0
:10AC50000120E4E74FF40072FFF7C5BF37B50C469B
:10AC6000054609F07FF9204402AC24F8040D28467B
:10AC7000FFF77EFFFF2807D02046FFF782FF00285E
:10AC8000F5D0002003B030BD0120FBE770B51546BC
:10AC90000446FFF772FF6E1E05F2FF15206816F8D6
:10ACA000011F03689B689847AE42F7D1FF212046F9
:10ACB000FFF763FFFF212046FFF75FFF2046FFF706
:10ACC00057FFA07500F01F00052806D0212320465D
:10ACD000E374FFF775FF002070BD0120FCE738B575
:10ACE0000D464FF416710446FFF7B8FF30B925231F
:10ACF000E3742046FFF764FF002006E02A46FC21AB
:10AD00002046FFF7C3FF0028F3D038BD38B54FF415
:10AD100016710446FFF7A2FF054650B1FD212046FB
:10AD2000FFF72BFF2046FFF74BFF002363752846F4
:10AD300038BD1F23E3742046FFF742FFF7E7437D4A
:10AD4000022B01D1FFF7E2BF012B01D100F080B946
:10AD50000120704737B504460D460192FFF7EFFF1B
:10AD600000283ED0237D13B92046FFF712FF7DBB9C
:10AD700045F040012046FFF700FF9DF807102046F0
:10AD8000FFF7FBFE9DF806102046FFF7F6FE9DF844
:10AD900005102046FFF7F1FE9DF804102046FFF74E
:10ADA000ECFE002D0CBF952187212046FFF7E5FE24
:10ADB0002046FFF7DDFE0A252046FFF7D9FE0306F1
:10ADC000A07503D5013D15F0FF05F5D103B030BDE9
:10ADD0000C2DCDD04FF496712046FFF73FFF002891
:10ADE000C6D1FF20F2E770B504460D46164637215E
:10ADF0000022FFF7AFFF324629462046BDE87040EB
:10AE0000FFF7A8BF2DE9F04186B0044601A880E80D
:10AE10000E0000259DF80400A07465742575657505
:10AE2000A575E575E5749DF8056000F0D2F901217E
:10AE3000A07C00F0D1F94E4B636001236372039B49
:10AE40002572A572002B38D0B207236003D4206886
:10AE50000368DB6A9847012565742046FFF799FE71
:10AE60002946A07C00F0B8F90A252046013DFFF7ED
:10AE70007FFE15F0FF05F8D12946A07C00F0ACF963
:10AE800009F070F806AD00F5FA6025F8040D00220F
:10AE900011462046FFF75EFF012807460FD02846DF
:10AEA000FFF76FFE0028F2D001232046E374FFF77E
:10AEB00087FE002006B0BDE8F0812E4BC4E74FF4BA
:10AEC000D57208212046FFF745FF430711D404251A
:10AED0002046FFF74DFE013D15F0FF05A075F7D1A7
:10AEE000AA2817D005A8FFF74CFE0028E7D00623B4
:10AEF000DBE701254FF00008424629212046FFF7F5
:10AF000072FF024650B105A8FFF73BFE0028F3D0C0
:10AF10001723CAE702254FF08048EDE7022D18D12C
:10AF20003A212046FFF716FF08B11223BDE720465D
:10AF3000FFF71EFE00F0C000C028204608BF032512
:10AF4000FFF716FE2046FFF713FE2046FFF710FE20
:10AF50002F462046FFF734FE029B6360012000234A
:10AF6000064023726072A372E7752674A2E700BFE1
:10AF7000801A06004C29002038B5154600220446E8
:10AF8000FFF7E8FE30B11C23E3742046FFF718FEFC
:10AF900000250AE0294610222046FFF724FE054638
:10AFA0000028F2D02046FFF70BFE284638BD1FB51B
:10AFB00009216A46FFF7E0FF08B39DF800309B11B6
:10AFC00020D19DF806009DF808309DF80A208002E7
:10AFD00000F4406040EA93109DF8073040EA830097
:10AFE0009DF809305B0003F0060343EAD2139DF895
:10AFF000052002F00F0213440130073B984005B0D2
:10B000005DF804FB012B0CD19DF80700000400F44F
:10B010007C13BDF8080040BA80B2184301308002AA
:10B02000EDE70020EBE710B5C37D032B0A4618BF00
:10B030004A0212210446FFF78DFE30B10C23204650
:10B04000E374FFF7BDFD002010BD01206075FBE734
:10B0500038B50024447522460C210546FFF77AFED8
:10B0600030B109232846EB74FFF7AAFD204638BD0E
:10B070002846FFF7A5FD0120F9E7F8B51F46437DF7
:10B08000012B04460D46164602D1C3688B4207D0F9
:10B0900029462046FFF7C7FF08B90020F8BDE56044
:10B0A0000025BD4206EB452106D02046FFF7D2FD24
:10B0B0000028F2D00135F4E7E368207C1D44E56008
:10B0C0000028EBD12046BDE8F840FFF7C1BF0123BF
:10B0D000FFF7D3BF10B5C37D032B0A4618BF4A0242
:10B0E00019210446FFF736FE30B10E232046E374E3
:10B0F000FFF766FD002010BD022363750120FAE70B
:10B10000F8B51F46437D022B04460D46164602D174
:10B11000C3688B4205D029462046FFF7DBFFA8B164
:10B12000E5600025BD4206EB452105D02046FFF72E
:10B13000D6FD58B10135F5E7E368207C1D44E56094
:10B1400040B92046BDE8F840FFF7E0BD2046FFF7D4
:10B1500037FD0020F8BD70B5067C04460B46154649
:10B1600026B10123BDE87040FFF7CABFC27D032AA4
:10B1700018BF4B021A461821FFF7ECFD064630B106
:10B180000D23E3742046FFF71BFD00251FE02A4630
:10B19000FE212046FFF77AFD0028F3D04FF4167108
:10B1A0002046FFF75BFD054608B92423E9E7324650
:10B1B0000D212046FFF7CEFD08B10A23E1E7204626
:10B1C000FFF7D6FC0028F8D12046FFF7F9FC284607
:10B1D00070BD012108F0EABD08F000BE70B503782B
:10B1E000DA0704461DD500F110063246D0E9010108
:10B1F000FFF7B1FF054610B90025284670BD23783A
:10B200009B0704D4237823F001032370F5E7D4E9E6
:10B210000213324619446068FFF79DFF0028F1D100
:10B22000EAE70125E9E770B5436804460E4615468E
:10B230000BB9002070BD83688B4208D0FFF7CEFFAA
:10B240000028F6D06B070AD500232370A660237868
:10B2500005F0030520461D4300F8105BEAE704F102
:10B26000100231466068FFF732FF0028ECD1E0E7BA
:10B2700000231370014B1B68184700BF48290020AA
:10B28000024B034A1A60034B1860704744290020A0
:10B2900071B200004829002070477047704770471E
:10B2A000704790F82C20436B10B504462AB16C30DF
:10B2B0009847002384F82D3010BD3C30F8E7F8B5EE
:10B2C000427C036804460E46CFB29B680D0A62B901
:10B2D00039469847236860F307069B68294620464D
:10B2E000984760F30F26B0B2F8BD29469847236807
:10B2F00060F30F269B6839462046984760F307069F
:10B30000F1E7FFFF01790368034A0333012918BFFE
:10B310000221D154704700BF010000207047FFFF99
:10B3200070B590F82C3086B004468DF80F103BB302
:10B33000836A1A4D0222EA5407230093866B012385
:10B340000DF117020DF10F016C30B04708F00AFE45
:10B350000646A36AEB5C012B07D008F003FE801BB6
:10B36000B0F57A7F01D200BFF3E7A36AEB5C022B52
:10B3700010D1236820461B6B9847002006B070BD93
:10B38000436C9DF80F201A71DA78D209FCD01B7932
:10B390008DF817309DF81700F0E700BF010000207E
:10B3A000F7B5134604460846002900F0898094F852
:10B3B0002C2022B3A26A434D0226AE5407220092EB
:10B3C000A66B0A4604F16C00B04708F0CBFD0646B8
:10B3D000A36AEB5C012B07D008F0C4FD801BB0F51D
:10B3E0007A7F01D200BFF3E7A36AEB5C022B67D13F
:10B3F00023681B6B204603B0BDE8F040184703F0FC
:10B40000030C9B085AD0616C0D7862F386152022DC
:10B410000D70CA720A8A022565F30B220A820A7825
:10B4200042F040020A70CA789506FCD502684A606C
:10B43000012B18D0CA789206FAD542684A600227D2
:10B440006FF0030E0EFB070E3E46F51B9E420CD21C
:10B45000CA78D209FAD050F826204D684A604EF8D2
:10B4600026500136F1E71F46EAE79D4207D2CA7827
:10B47000D209FAD04A6840F825200135F5E70B7863
:10B480006FF386130B704023CB720B8A072262F393
:10B490000B230B820B7843F040030B70AD00431974
:10B4A0006044284483420BD0626C19781171D178C2
:10B4B000C909FCD0127903F8012BF3E71D46EDE72B
:10B4C00003B0F0BD0100002010B5CC2104460CF003
:10B4D0007BF9204610BDFFFF70B5134D0560C361B9
:10B4E000124D9DF8103045600126002580F820306F
:10B4F000DF23057246728572C560057446748574D3
:10B50000C0E90512C0E9095580F82C5080F82D508B
:10B51000C0E90C55856380F8993080F89A3080F83E
:10B520009B3080F89C3070BD14E0010040420F0059
:10B530002DE9F04F8FB01E46B2F100089DF864303F
:10B54000DDF860B0019304460ADB002E08DBBBF196
:10B55000000F05DB884503DA8E4201DA8B4504DBF8
:10B560000023237063602372ADE00DF1200A0422F2
:10B570005FFA88F150460AAF0CF08EF80CAD052248
:10B58000F1B238460CF088F806225FFA8BF12846B3
:10B590000CF082F80022CDE90222CDE90475009278
:10B5A0009146CDF81CA0079B009933F811304FEA63
:10B5B000A31A03F001000AF01F0506904FF0000CDB
:10B5C0004FF0030E23B30498009930F81100F8B13E
:10B5D000059830F81100D8B1049830F81C708AEA48
:10B5E0009710C00614D105986FF0010101FB0E0001
:10B5F000C0888AEA9011C9060AD1069A12B3019A44
:10B60000022A19D0019ABAB1CDE902702A469946A8
:10B61000BEF1010ED6D10CF1010CBCF1030FCFD15C
:10B62000009B0133032B0093BDD11546B9F1000FE8
:10B6300004D0DDE902704B4607B130B90023237016
:10B64000656090E7019A012ADBE713F0010933D026
:10B65000092DF3DC17F4F04F274F0CBF4FF0806239
:10B660004FF0A06213F4F04F0CBF4FF0806A4FF020
:10B67000A06A42F4803210F4F04F37F838101F48B7
:10B680000CBF4FF080694FF0A06903F085FE4AF4CB
:10B69000803237F83610194803F07EFE49F48032C4
:10B6A00037F83B10154803F077FE4FF0010984F896
:10B6B00000906560012356E7022D08DD84F80090B4
:10B6C000656084F8089020460FB0BDE8F08F0A4FFF
:10B6D0000B4A37F83810094803F05EFE37F8361089
:10B6E000074A064803F058FE054A37F83B1003485E
:10B6F00003F052FEDBE700BFB8E201008442002005
:10B70000000001060B79013BDBB2022B98BF094A0E
:10B7100010B59EBFD45C084AD25C4B7988BF00222A
:10B72000B3FA83F388BF14465B09037042708470D8
:10B7300010BD00BF06E0010009E0010073B500F193
:10B7400098030364D0F8B0300366D0F8B430836651
:10B7500090F8983003F5800303F5E46304460E4641
:10B7600000251B024566436401A8FFF7CBFFB4F830
:10B77000C3303068ADF80030694601F06FFE636C8D
:10B780001D70EFF31082012383F310882C4994F885
:10B7900098604868C6F11306B34020EA03034B6083
:10B7A0004B6882F3108894F8BF1094F8BE20636C45
:10B7B0008A40D2B25A7020229A709DF800209A7264
:10B7C000DA7A9DF8041042F04002DA7293F82020F1
:10B7D000C84360F3000283F8202010221D735D73BC
:10B7E0009D73DA7394F8A1201AB91A7842F008020E
:10B7F0001A701D821A8A9DF8060060F300021A82F0
:10B800001A8A9DF8050060F341021A821A8A9DF88F
:10B81000010060F383021A821A8A072060F30B2268
:10B820001A821A8A61F30C321A82DA78DD701A7879
:10B8300042F040021A70034BE36302B070BD00BFD8
:10B84000FC6F04404950535237B5044668460D46D4
:10B85000FFF758FFD4F8C830ADF8043001A91B0C2D
:10B86000002228688DF8063002F0F6FF626F9DF81E
:10B8700001309DF80240507B91799B0143EAC4134B
:10B8800003439DF8000041EAC0019DF8050000F067
:10B89000030040F0800010709DF804005070DBB28F
:10B8A0005373CBB2937103B030BD90F82C300BB111
:10B8B000FFF7CABFFFF742BF2DE9F043044689B046
:10B8C00001F091FA94F820300193E3690093014666
:10B8D000D4E9052302A8FFF72BFE9DF80820039B5F
:10B8E0009DF81060636284F82C20002A7BD0454AC2
:10B8F0002263454A6263454AA263DA1CA26204F1EC
:10B90000C802C4F8B820424A84F898300C2384F85E
:10B910009D3084F89E3084F89F3084F8A030012355
:10B9200084F8A43084F8BC3084F8C33094F8C43070
:10B93000C4F8B020002565F3010384F8C43094F8FE
:10B94000C93084F8A15065F3010384F8C930271D7C
:10B950000B2384F8C83084F8A25084F8A35084F8EC
:10B96000A550C4E92A55C4F8B45084F8BD5084F8F1
:10B97000BE5084F8BF5084F8C05084F8C15084F899
:10B98000C25084F8C55084F8C65084F8C75084F873
:10B99000CA5039462046FFF788FF6268E26094F893
:10B9A0002C3022892282A27AA274BBB1636A8DF8FC
:10B9B0001C3004F16C0704F198080597CDF8188045
:10B9C00006F068FC0A2105AA06F060FE236B81469A
:10B9D00041463846984790B906EA090684F82D6032
:10B9E00009B0BDE8F0830B4921630B4961630B4942
:10B9F000A16304F1BC01A362C4F8B81084E72E4629
:10BA0000ECE700BF75E4000059E3000055E80000D2
:10BA100005B3000079D1000001CF000069D100001A
:10BA200037B590F82D306D46044685E8060013B909
:10BA30000368DB6A9847E268009B9A4205D1236954
:10BA4000019A534033F07F4309D029462046FFF73F
:10BA50002CFF0098A988AA79E0602182A27403B023
:10BA600030BDFFFF07B5012300930B220D230C21EE
:10BA70000248FFF731FD03B05DF804FB4C290020BC
:10BA800070B5054600680E4610B110210BF09CFE03
:10BA900010200BF071FE32460446682100F02FF9A9
:10BAA0002C6020460121BDE8704000F046B908B581
:10BAB000002100F0A8F8C0F3C71080F0010008BD15
:10BAC00030B54C7985B00A23B4FBF3F505EB450599
:10BAD000002204EB450402928DF809400C79B4FB76
:10BAE000F3F505EB450504EB45048DF80A40CC78E9
:10BAF000B4FBF3F505EB450504EB45048DF80B406D
:10BB00008C78B4FBF3F505EB450504EB4504ADF883
:10BB10000C208DF80D404C780978B4FBF3F5CDE995
:10BB20000022B1FBF3F303EB430301EB43030822D1
:10BB300005EB45058DF80F3004EB450401230DEBB3
:10BB4000020100688DF80E4000F007F905B030BD25
:10BB5000F0B587B006AB002203F8082D0646019227
:10BB600008460722009219460122006800F064F995
:10BB70009DF814309DF815209DF816109DF81000C2
:10BB80009DF811409DF812701D11A5EB850503EB82
:10BB900045031511A5EB850502EB45020D1100F0DB
:10BBA0007F00A5EB850501EB45010511A5EB85059A
:10BBB00000EB45052011A0EB800004EB4004381198
:10BBC000A0EB800007EB4000EDB2E4B2C0B2C9B216
:10BBD000009002950194DBB2D2B201F5FA613046D1
:10BBE00000F02AF8304607B0F0BD03784078303BCB
:10BBF000DBB20A2B28BF002303EB8303303800EBB2
:10BC00004300C0B2704710B586B0044606A80023B2
:10BC100000F8091DCDE9003301231A4601462068CA
:10BC200000F09BF801231A4605A9206800F0E5F80A
:10BC30009DF8140006B010BDB1F5FA6F83709DF841
:10BC40000030C37028BFA1F5FA619DF8043003717C
:10BC500028BF89B29DF80830017042704371704767
:10BC600010B5044601F10900FFF7BFFF207091F9FC
:10BC70000030413B122B16D8DFE803F02B15153F9F
:10BC800015291515150A1515323D3B1515153900E1
:10BC900091F90130612B18D091F902306E2B0CBF55
:10BCA000062307236370081DFFF79FFFA07010464F
:10BCB000FFF79BFFE070D01CFFF797FF2071901DEE
:10BCC000FFF793FF6071204610BD0123EAE70223CE
:10BCD000E8E791F90230722B0CBF04230823E1E757
:10BCE00091F90230722B0CBF03230523DAE70923F5
:10BCF000D8E70A23D6E70B23D4E70C23D2E7426028
:10BD00000022027220220170C2607047037A10B5CF
:10BD1000044663B1606821780368DB6A984760680D
:10BD200003685B6B9847B0FA80F0400910BD0121B1
:10BD300000F003F80028EDD1F8E738B50446406874
:10BD40000368DB690D4698470120207225B1204623
:10BD5000BDE83840FFF7DABF38BD2DE9F843DDE92B
:10BD600008759846C36816462A449A42044689468E
:10BD700002D90020BDE8F883406821780368DB6AB7
:10BD8000984785B96068036832465B6849469847BA
:10BD90008642EED16068036841461B6B9847B0FA53
:10BDA00080F04009E6E7002FECD0606803682A467F
:10BDB0005B6839469847A842DBD1E3E72DE9F041BB
:10BDC00004464068164602688846956B2178F2B2B0
:10BDD000A84786420CD10025AFB2BE4205F101054D
:10BDE00009D9606803685B69984708F80700F3E7BA
:10BDF0000020BDE8F0810120FBE72DE9F84307466C
:10BE00008846164699460025B54212D2FB68741B37
:10BE10009C4228BF1C46331BAB4294BF4B460023B9
:10BE2000224608EB05013846FFF7C8FF10B125444C
:10BE3000EAE70120BDE8F883F7B500241E46CDE906
:10BE400000449DF82430089F0546FFF786FF40B167
:10BE500001233A463146284603B0BDE8F040FFF7DB
:10BE6000CCBF03B0F0BDFFFF4309012200F01F006B
:10BE700002FA00F02033044A42F82300BFF34F8F48
:10BE8000BFF36F8F704700BF00E100E003681B78CD
:10BE9000092B0BD80A4A52F823303BB11A7F2AB13A
:10BEA0000279012A03D1032283F82E207047022A47
:10BEB00001D10122F8E7032AF8D10222F4E700BFFA
:10BEC0006C2E002003681B78022B0BD80A4A52F80C
:10BED00023303BB11A7F2AB10279012A03D1032210
:10BEE00083F82E207047022A01D10122F8E7032AA5
:10BEF000F8D10222F4E700BF602E00200368012180
:10BF00001B6B184710B403689C6B0123A4465DF8B3
:10BF1000044B604707B5037F8DF8071063B1437F7B
:10BF2000C3B190F82C309BB1D0F83834FE2B07D930
:10BF3000012380F82D304360002003B05DF804FB3E
:10BF4000C2189DF8071082F833120133C0F8383454
:10BF50000120F2E7D0F82831002BF9D001220DF1B1
:10BF60000701A4309847F3E7C0F840147047C0F8C1
:10BF70004414704790F83C34D0F83404C01A704729
:10BF800090F83C34D0F834148B4202463FBFC118BD
:10BF9000013391F8320382F83C3428BF4FF0FF3070
:10BFA000704790F83C34D0F8342493423ABFC0181C
:10BFB00090F832034FF0FF30704790F82E30022B8C
:10BFC00003D090F82E30032BF7D1704738B5037F9C
:10BFD0000446CBB1437F4BB3D0F81C31A3B190F9E9
:10BFE0008B00FFF741FF94F98A00FFF73DFF94F9BA
:10BFF0008C00FFF739FF94F98D00FFF735FFD4F877
:10C000001C3104F13C009847A369154D102235F806
:10C010003310002003F0C0F96369102235F83310A3
:10C02000002003F0B9F90023237738BDD0F8303170
:10C03000002BE9D090F9E500FFF716FF94F9E40032
:10C04000FFF712FF94F9E600FFF70EFF94F9E700FF
:10C05000FFF70AFFD4F8303104F1A400D3E700BFA2
:10C06000B8E20100F8B5037F04460D46164693B1C9
:10C07000437F4BB18F18BD420BD0236815F8011BCD
:10C080001B6820469847F6E7D0F828310BB1A4305A
:10C0900098473046F8BD1E46FBE7FFFF38B5037FE3
:10C0A00004460D4633B1437F23B1D0F81C310BB1A8
:10C0B0003C309847637FDBB1294BC4F880501A6A43
:10C0C00094F824305BB327490F23002284F83330DF
:10C0D0008D424FF0010384F8312084F8343015D1BB
:10C0E0000E2384F83030FF2384F8323084F82F2078
:10C0F000237F53B1D4F800313BB104F17C0104F14A
:10C100003C00984708B10023237738BD022284F809
:10C110003020CC2284F8322084F82F30E8E7124B0C
:10C120001B68C2F302618B400E49C2F302328D429A
:10C1300023FA02F30D4AB3FBF2F303F1FF3208D006
:10C140000B4B9D42D4D141F20F03238784F8372053
:10C15000CEE741F61A320133228784F83730C7E739
:10C1600000E00140A0860100A8330020006CDC0242
:10C17000801A060017B4D0F8243101914BB101693F
:10C18000019A00F59A742144A43003B05DF8044B81
:10C190001847012003B05DF8044B70477FB5436832
:10C1A000019303681A78022A46D81A783B4B53F851
:10C1B0002240002C40D0237F002B3DD0037A012B5E
:10C1C00003D1032384F82E3036E0022B1DD1012346
:10C1D00084F82E30019E04F59A753246294604F201
:10C1E00032300CF0ACFB0021C4F83464216184F8D7
:10C1F0003C14FF2228460CF0C6FBD4F84034DBB1D7
:10C20000019804B0BDE870401847032B01D1022308
:10C21000D8E7042B12D184F82E302369019A1344F5
:10C22000FE2B2DD801212046FFF7A4FF0290029B90
:10C2300013B923690133236104B070BD052B09D103
:10C2400084F82E30D4F84434002BF5D004B0BDE887
:10C2500070401847062B18D1042384F82E30236928
:10C26000019A1344FE2B0BD801992046FFF782FF59
:10C270000390039B002BDFD1019A23691344DAE773
:10C2800000212046FFF776FFD6E7072B01D10523D3
:10C29000D6E7082BD0D1062394E700BF602E0020FC
:10C2A00070B580F82530234B836200259DF810304F
:10C2B00080F83D344FF47A76DF23C0E90156C0E9B7
:10C2C00005121D4E0660012205610577427780F850
:10C2D000245080F82C5080F82D50C0F80051C0F840
:10C2E0000451C0F80851C0F80C51C0F81051C0F802
:10C2F0001451C0F81851C0F81C51C0F82051C0F8B2
:10C300002451C0F82851C0F82C51C0F83051C0F861
:10C310003454C0F8385480F88A3080F88B3080F874
:10C320008C3080F88D3080F8E43080F8E53080F88B
:10C33000E63070BDA086010050E001002DE9FF410C
:10C340004369002B044603DA002004B0BDE8F08105
:10C350008269002AF8DB8B42F6DA8A42F4DAD9B233
:10C360000222684602AE0BF097F930460322217E86
:10C370000BF092F900203DF8101000258B1109B345
:10C3800036F81520F2B183EA9217FF061AD181EA36
:10C390000207FF0716D403F01F0312F00100236207
:10C3A00017D1022BD0DCA3691D4D84F8240035F889
:10C3B00033101C4A1C4802F0EFFF6369194A35F834
:10C3C000331028E00135032DD9D101300328D2D113
:10C3D000BAE7092BB8DC12F4F04FA369134F104EE3
:10C3E00011484FF0010584F824500CBF4FF08062D3
:10C3F0004FF0A0623A4311F4F04F36F833100CBFFF
:10C400004FF080684FF0A06802F0C6FF636936F80D
:10C41000331048EA0702044802F0BEFF012094E707
:10C42000B8E201001004010784420020100001005E
:10C4300073B501250577044600F0D5FC014620467A
:10C44000FFF77CFF237F18402077002800F09280C0
:10C45000637F002B00F0898023686B499B6A20462C
:10C46000984794F82430226A002B57D0674B43F842
:10C470002240674BC4F80031664BC4F80431664B68
:10C48000C4F80831654BC4F80C31654BC4F8103161
:10C49000644BC4F81431644BC4F81831634BC4F8CE
:10C4A0001C3104F12F03C4F8A030614BC4F898305C
:10C4B000236A554A84F87C300023C4E9202394F889
:10C4C0002520C4E924339A4204F17C030CBF0122E5
:10C4D0000222C4F89C300C2384F8882084F8893028
:10C4E000637F04F17C0604F1D80500960195002BCA
:10C4F0007BD094F82430002B72D005F0CBFE6A4636
:10C50000062106F0C3F8237F1840D4F800312077C5
:10C51000314604F13C00984750BB2BE0454984F874
:10C52000355041F82240444AC4F80021434AC4F837
:10C530000421434AC4F80821424AC4F80C21424A63
:10C54000C4F81021414AC4F81421414AC4F8182102
:10C55000404AC4F81C2104F13502C4F8A0203E4A28
:10C56000C4F8982084F83630A2E794F824301BB140
:10C570000023237702B070BD226A2E4984F8D820A8
:10C5800041F82240204AC4F8DC20B4F8F820A4F88E
:10C59000E02094F825203149C4F82011002A3049C0
:10C5A000C4F824110CBF012202222E4984F8E22093
:10C5B00040F60C42C4F82811A4F8E8202A492B4A76
:10C5C000C4F82C11C4F8EC202949C4F8301104F146
:10C5D000D80284F8E33084F8EA30C4E93C237FE7EA
:10C5E00005F058FE6A4605218BE705F053FE07214A
:10C5F0006A4606F04BF8237F18402077D4F82031A4
:10C60000294604F1A40086E7A08601006C2E0020D4
:10C610000DED00001DEC000031EB000041EA0000D0
:10C6200061EA000069EA000075EA00008DEA000096
:10C630008DBE0000602E0020F9FE000011FD0000FC
:10C6400045FD000075FF0000D1FB0000D9FB000094
:10C65000E5FB0000C1FF0000C5BE000035F600008C
:10C6600041F4000079F40000ADF400009DC1000029
:10C67000B9F4000010B5036804465B6A98470123CB
:10C6800063772046BDE81040FFF7D2BE38B5036897
:10C6900004465B6A0D46984700236377A4F8F85078
:10C6A0002046BDE83840FFF7C3BEFFF7EFBF2DE9D6
:10C6B000F0471E46037F044692463BB3D0F8103144
:10C6C00063B300F13C0990F8882048469847054636
:10C6D00068B9D4F8047157B19DF8243084F82E005D
:10C6E00083F00103324651464846B847054607F0F5
:10C6F0003FFC804607F03CFC089BA0EB08009842FA
:10C7000004D294F82E300BB9002DF3D094F82E30CB
:10C71000012B0CBF30460020BDE8F0870125E6E77D
:10C720002DE9F0479A46037F089F04469146002B67
:10C7300039D0D0F8103123B300F13C0890F88820AC
:10C7400040469847054668B9D4F8086156B19DF847
:10C75000243084F82E0083F00103524649464046B7
:10C76000B047054607F004FC064607F001FC801BB5
:10C77000874208D994F82E302BB9002DF5D004202B
:10C780000FE00125EEE7002DF9D194F82D3063B9C3
:10C7900094F82E305BB194F82E30032B14BF002098
:10C7A0000220BDE8F0870620FBE70120F9E705201D
:10C7B000F7E737B590F8FC5090F838340191826A69
:10C7C0000092294600F233220446FFF7A9FF002316
:10C7D00084F82C3003B030BD037F4BB1002301221D
:10C7E00080F82D30C0F8FC1080F82C20C0F83834C8
:10C7F0007047FFF7F1BF2DE9F3411646027F9DF820
:10C80000205004460F469846002A31D0B5B103683F
:10C81000DB6A9847032D28BF0325013DEDB2FF2DAC
:10C82000236807D0E90028FA01F11B68C9B2204645
:10C830009847F2E71B6B0021204698479DF824306B
:10C84000FF2E28BFFF26003318BF01230193A36AE0
:10C85000009304F23232F3B239462046FFF727FF45
:10C860000023C4F8340484F83C3402B0BDE8F081FD
:10C870001046FAE707B5019300230093FFF7BBFFCB
:10C8800003B05DF804FBFFFF07B5002300931222FD
:10C8900013210348FFF704FD03B05DF804FB00BF5C
:10C8A000182A0020FFFFFFFF2DE9F04E2DED028B2F
:10C8B00084B09FED338B0E9C81460D4616461F4675
:10C8C000BC4257D330468DED028B0BF0C3F8CDE957
:10C8D000000120460BF0BEF8824628468B460BF03E
:10C8E000B9F802460B46504659460BF02DF9024660
:10C8F0000B46DDE900010BF051FA41EC100B02A8E8
:10C900000BF022FE20A3D3E9002351EC100B04F11D
:10C91000FF3A0BF08BFB58B307EE904AF8EE677ABC
:10C92000B6EE087A67EE877A0F9AFDEEE77A17EE91
:10C93000903A013B93421BD3109A934218D8119915
:10C94000AAEB03028A4213D312998A4210D8C9E98A
:10C950000023DDE902010BF0CFFB0123C9F8080039
:10C96000484689F80C3004B0BDEC028BBDE8F08E6F
:10C970005446A5E70023C9E90033C9F80830EFE7BA
:10C9800000000000000000007B14AE47E17A843F05
:10C990007047FFFF70B50546094B45F8143B044648
:10C9A00000F525739D4208D0A3F1140653F8143CFA
:10C9B00030465B6898473346F4E7204670BD00BFB9
:10C9C000F4E1010000F5287004F0E2B870B50D46FE
:10C9D00086B04C6806461022002102A80BF0D3FF57
:10C9E0002A7A002CACBFC4F30A0324F06043082A5F
:10C9F000A8BF082205F10901019304A8E30F8DF8EF
:10CA00000A208DF808300BF09AFF002CB4BF1021DB
:10CA1000002101AA06F5287004F0BEF910B14042C9
:10CA200006B070BD0120FBE710B5142104460AF0E2
:10CA3000CBFE204610BD10B50446FFF7ABFF2046E5
:10CA40004FF486610AF0C0FE204610BD2DE9F04388
:10CA5000044689B00D461422002103A80BF093FF71
:10CA60006368227A0092002BA6BFC3F30A03184A18
:10CA7000184ADFF86480B8BF23F06043142103A88C
:10CA80000CF0E2FC2B6802465B6803A92846984735
:10CA90006FF00809064604F10907A9EB0409227A98
:10CAA00009EB070393420ED217F8013B42461421CB
:10CAB00003A80CF0C9FC2B6802465B6803A9284652
:10CAC00098470644EBE7304609B0BDE8F08300BF65
:10CAD000CCE10100DCE10100D7CE0100036813B90D
:10CAE00062B6BFF36F8F704713B50446EFF3108340
:10CAF00000930123019372B6019B5A1E019213B158
:10CB0000143106F051FF6846FFF7E8FF204602B0F7
:10CB100010BD13B5EFF3108300930123019372B698
:10CB2000019B5A1E01920BB1D0F89C426846FFF758
:10CB3000D5FF204602B010BD2A4B2DE9F041044636
:10CB40000027C0E9003182600773076104F532787D
:10CB5000143006F0EBFE3946102240460BF013FF6E
:10CB6000DFF888C066460FCE04F536750FC596E827
:10CB70000F0085E80F0004F53E734FF480720CF14E
:10CB8000200118460BF0DBFE022384F80434202336
:10CB9000C4F80834144BC4F8203404F57E73C4F888
:10CBA00028340C2304F5367284F82C34DF23C4F8BF
:10CBB000000484F8F873C4F8FC2384F80C74C4F8F7
:10CBC0001074C4F81474C4F81874C4F81C84C4F83D
:10CBD000244484F82D3484F82E3484F82F342046ED
:10CBE000BDE8F081F4E10100ADCC0000ACE0010053
:10CBF00010B58B88802B88B0044607D00FD8082B3F
:10CC000004D008D8022B01D0042B4BD1012323736D
:10CC10008B88236146E0102BF8D0202BF5E7B3F585
:10CC2000806F0CD005D8B3F5807FEFD0B3F5007FCF
:10CC3000EBE7B3F5805FE9D0B3F5005FE5E70A7E87
:10CC40004B693ABBC3F30A03887E174A0828CDE92B
:10CC5000032302464FF0000328BF08228DF814205A
:10CC6000CDF81530CDF8193020B120310DF1150077
:10CC70000BF065FEEFF3108301930123029372B66C
:10CC80001434029B5A1E02924BB103A9204606F0AF
:10CC900067FEF6E723F0604343F00043D4E701A8C2
:10CCA000FFF71CFF08B010BDA0E0010001460069BD
:10CCB000FFF79EBF7FB50E1E144602DA002004B0B7
:10CCC00070BD002AFADB8642F8DA8242F6DA0C22DC
:10CCD000F1B268460AF0E0FCBDF800500B22E1B268
:10CCE00002A80AF0D9FC002DE8D0BDF80830002BCE
:10CCF000E4D0C5F38415C3F384139D42DED1074D00
:10CD0000074A35F83610074802F046FB044A35F862
:10CD10003410044802F040FB0120D0E7B8E20100E3
:10CD200000000110844200202DE9F04304468DB03C
:10CD30000D4600F058F8D4E90112FFF7BBFF04F5E7
:10CD4000287704F5836806460697CDF81C8005F021
:10CD5000A1FA06AA0B2105F099FC02220823CDE9CD
:10CD6000032310210422CDE9012119220092294632
:10CD70008146104A08A8FFF797FD9DF82C505DB139
:10CD80000A9BC4F8C832099BC4F8CC32089BC4F88B
:10CD9000D0320123C4F8D4324146384604F02EF88C
:10CDA00028B906EA090028400DB0BDE8F08300204C
:10CDB000FAE700BF00366E01FFF7B6BF0522042177
:10CDC0000148FFF7B9BE00BF942E002008B5024805
:10CDD000FFF7E0FD08BD00BF942E002008B507F066
:10CDE00065F8002008BD1B207047FFFF034AB2F81A
:10CDF000CC3043F08003A2F8CC30704700000940EB
:10CE000037B501210D2006F0D1FF00210D2006F0DD
:10CE1000E5FF6846072203210AF03EFCBDF800301A
:10CE20001C4CC3F384130125684607220521E554F1
:10CE30000AF032FCBDF80030C3F3841368460722C1
:10CE40000621E5540AF028FCBDF80030C3F3841332
:10CE5000684607220921E5540AF01EFCBDF800309F
:10CE6000C3F38413684607220A21E5540AF014FC30
:10CE7000BDF80030C3F3841307220B216846E55444
:10CE80000AF00AFCBDF80030C3F38413E55403B084
:10CE900030BD00BFAE3300200B7930B4DB01114C44
:10CEA000114DDBB2A3714B788A781B01120302F497
:10CEB0004052DBB213430A788446A85CCA78120257
:10CEC00002F4407200F003001343034363804B7984
:10CED000064ADB01DBB22372002030BCCCF8002014
:10CEE000704700BF0042044090E3010054445700E3
:10CEF000024B0020FF2218701A7070470042044055
:10CF00004368002210B502605A69044622B1936852
:10CF100010681B6A984763681A6922B193681068A1
:10CF20001B6A9847636893F90220002A0EDB5309B5
:10CF300024480121203302F01F0201FA02F240F8D6
:10CF40002320BFF34F8FBFF36F8F636893F90120E6
:10CF5000002A0EDB53091B480121203302F01F0277
:10CF600001FA02F240F82320BFF34F8FBFF36F8F17
:10CF7000636893F90330134859090122203103F003
:10CF80001F0302FA03F340F82130BFF34F8FBFF3C2
:10CF90006F8F636893F90430590903F01F039A40B7
:10CFA00001F1200340F82320BFF34F8FBFF36F8FB1
:10CFB000A3681A786FF386121A700020DA78D87096
:10CFC00010BD00BF00E100E030B5836A85B00446C3
:10CFD0008C4601ADABB193E8070085E807006268B5
:10CFE000117883F804C0E26A9A6019601846626A90
:10CFF0009047A36A1BB195E8070083E8070005B0D6
:10D0000030BD2B46EBE700BFF8B504461D46A668C9
:10D010009DF81800337813F040037BD1C4E9031264
:10D020000F46616884F82000D1F814C0E561C4E9B6
:10D030000533BCF1000F20D00F28A56159D9DCF8C9
:10D0400004301968CB78022060F30513CB708B781D
:10D05000022060F383038B70ABB2CB818A60002A1D
:10D0600070D0DCF80830DCF800005B6898470028D6
:10D070003ED1616894F82000A6680B69FBB15A683C
:10D0800065610F2811683ED9CA78022060F3051245
:10D09000CA70CA780220ADB260F38302CD81CA7033
:10D0A0004F60002F55D0327818686FF345123270F8
:10D0B0009A6853689847D8B9A66894F82000F27A1D
:10D0C000338A0F28D2B29BB226D9013022F0400217
:10D0D0008008053842F0200223F4706343EA002000
:10D0E00080B2F2723082337843F0600300203370F4
:10D0F000F8BD072817D8DCF804100968C87863F36E
:10D100000510C870A3E7072816D8CA786FF3051270
:10D11000CA70BEE70820F8BD072894BF42F040025D
:10D1200002F09F02D8E7DCF804301968CB780120C0
:10D1300060F30513CB708AE7CA78012060F305120B
:10D14000CA70A6E78B7862F383038B70044B8B6005
:10D1500087E7D2B267F38302CA70024A4A60A2E745
:10D16000C4320020C832002010B49DF8044001945D
:10D170005DF8044BFFF748BF2DE9F04F0B780F69BE
:10D1800003F5800303F5E4631B0283B00D460446F8
:10D1900003F10408002F00F00B81D7E901131A688E
:10D1A0000B684FF000601860C3F80880386890473B
:10D1B0000646002840F0F8806B6973B1D3E901128C
:10D1C00018680B681268C3F804804FF400261E60CC
:10D1D00090470646002840F02E812B7803F5800307
:10D1E00003F5E4631B02D5E9061200206560616265
:10D1F000E262A062A3606F7A002F40F0F080B82155
:10D2000008204FF0100E6B7BEE7A2A6AAD7A1B0372
:10D2100043EA46032B4315780DB140F0B10192F873
:10D2200001C090784FEA4C1646EA4C0621EACC1130
:10D23000314323F070051679D378009198401B0193
:10D240001EB1022E14BF2026302692F805C0BCF174
:10D25000000F06D0BCF1010F14BF4EF0010E4EF0CE
:10D26000030E92F808C092F806B00CF0030C43EAE3
:10D270008C032B43002F40F0B580917A92F80990EF
:10D2800092F80B80019143F46043EFF3108A01257B
:10D2900085F31088676897F800C06B4FCCF1130CCA
:10D2A000D7F8001105FA0CFC21EA0C0CC7F800C1F4
:10D2B000D7F800718AF31088A7689DF8001097F8D6
:10D2C00003C0C0B24FF0000C87F803C0397078700B
:10D2D000BE70D279BA729BB2019A616887F80C90DD
:10D2E0005FFA8EFE7A7387F80E8087F80FE03B8234
:10D2F00087F820B091F90230634579DA534891F903
:10D300000130002B21DB4A7903F1604505F56145C9
:10D310001201D2B285F8002303F1C00640F8234081
:10D320004B4D5A0955F82670920002F160426FF396
:10D33000104745F8267002F5614203F01F030125EE
:10D3400005FA03F3C2F88031136091F904200B7AD7
:10D35000404D3F4EAF181B01DBB287F8003302F19E
:10D36000C00740F8224056F827C053099B0003F13C
:10D3700060436FF3104C46F827C003F56143012664
:10D3800002F01F0206FA02F2C3F880211A6091F936
:10D390000320CB7915441B01DBB285F800332E4BFB
:10D3A00040F8224000262360304603B0BDE8F08FED
:10D3B0004A69002A3FF417AFD2E9011310681A68CE
:10D3C0000B684FF400261E60C3F8048090470646A1
:10D3D00000283FF402AF304603B0BDE8F08FB02123
:10D3E000864610E74FF00008CDF80480C1464CE7B0
:10D3F0008A79174E03F1604000F561401201D2B204
:10D4000080F80023114803F1C0075A0940F823406F
:10D41000920003F01F0305FA03F302F1604256F88D
:10D42000275002F561426CF3104546F82750C2F8C8
:10D430008031136063E7BB6838681B6A98473046E1
:10D4400003B0BDE8F08F00BF006F04401C33002024
:10D450000060004000E100E049505352214A224B55
:10D46000126A1B68C2F3026C03FA0CF3C2F30232B5
:10D47000D340421E1344B3FBF0F0B0F5805F20D8D8
:10D48000012820D9B0F5007F00B523D9B0F5806F11
:10D4900024D9B0F5006F95BF082210224FF0020E7C
:10D4A0004FF0030E91F801C0431E6EF3010C1344BC
:10D4B000B3FBF2F3013B81F801C00B7000205DF873
:10D4C00004FB062070474B7800206FF301034B707C
:10D4D0000870704702224FF0000EE3E704224FF07D
:10D4E000010EDFE700E00140A833002010B4EFF3A5
:10D4F0000383103B5BB203F1C001204A204C52F879
:10D5000021006FF3104042F8210054F82330D3E992
:10D5100006218A421BD0186940B393F820400F2C93
:10D520000BD99968496840F82210D96901328A42BA
:10D530009A610CD05DF8044B7047072C19D8996894
:10D5400009798154D96901328A429A61F2D15B68C2
:10D550000C4993F903305DF8044B5809012203F09C
:10D560001F0302FA03F341F82030704798684068BF
:10D57000DCE79C68A48820F81240D7E700600040F0
:10D580001C33002000E100E0F0B5EFF30383103B13
:10D590005BB203F1C0022F492F4C51F822006FF308
:10D5A000104041F8220054F823305868026A002ADB
:10D5B00030D092F801C0DC695A69BCF1010F17D074
:10D5C00094420FD0D96841B393F820000F280AD8AD
:10D5D0000728986895BF895C31F812100171818025
:10D5E00001325A61F0BD986851F822104160F7E7A6
:10D5F00004F1FF3E724513D001690029E0D090F993
:10D60000031016484D0901F01F010CFA01F140F812
:10D610002510D5E75A69DC69D2E798684160DFE7F1
:10D6200090F903E00EF1C0064FEA5E10800051F859
:10D63000267000F1604000F561400EF01F0E0CFAFC
:10D640000EF56FF3104741F82670C0F88051056061
:10D65000B6E700BF006000401C33002000E100E09E
:10D6600010B4EFF30383103B5BB2324A324C03F148
:10D67000C00152F821006FF3104042F8210054F825
:10D6800023008268D278920706D54268527A012A2E
:10D6900002D05DF8044B70475909284C0122203113
:10D6A00003F01F0302FA03F344F82130BFF34F8F56
:10D6B000BFF36F8F436893F90230002B2FDB5909BA
:10D6C000203103F01F0302FA03F344F82130BFF3C3
:10D6D0004F8FBFF36F8FD0E90114237891F90210B7
:10D6E0006FF386130029237014DB01F1C00C114C79
:10D6F0004B099B0001F01F018A4003F1604354F87D
:10D700002C1003F561436FF3104144F82C10C3F85B
:10D7100080211A605DF8044B0121FFF755BC826837
:10D720005DF8044B13786FF3861313700121FFF734
:10D730004BBC00BF006000401C33002000E100E053
:10D7400070B5EFF30384103C314B64B253F824609E
:10D75000736893F90230002B42DB5A092D492032BD
:10D76000012003F01F0300FA03F341F82230BFF356
:10D770004F8FBFF36F8FD6E9012392F902101A7809
:10D7800000296FF386121A7015DB01F1C00C224DCF
:10D790004A09920001F01F0100FA01F102F1604212
:10D7A00055F82C0002F561426FF3104045F82C004B
:10D7B000C2F880111160DA780021D5B21207D97051
:10D7C00021D4EB0712D405F01405142D16D0124BFA
:10D7D000C03453F824206FF3104243F8242070BD66
:10D7E000B3681A786FF386121A70E4E704213046A2
:10D7F00005F01405FFF7E8FB142DE8D108213046A9
:10D80000FFF7E2FBE3E705213046FFF7DDFBD8E752
:10D810001C33002000E100E000600040036A70B5A6
:10D820000446987800F07B0098700D46217841B34B
:10D830002261E269E5601069002841D0226982B165
:10D84000A378816800688E68E16803F00303013BF8
:10D8500022FA03F3002222619BB2B04780B9236A07
:10D8600021789A7842F080029A7039BB94F802C00D
:10D870000CF0030CBCF1020F1AD02A78DA700020E9
:10D8800070BD94F802C0E0690CF0030E0069A2EBD1
:10D890000E02226105EB0E02E2600028CED19A78DA
:10D8A0000CF0030C42F08002BCF1020F9A70E4D13C
:10D8B0002A8842F47E420020DA8170BD002070BDCB
:10D8C0009A7842F080029A7070BD00BF036A91F8A6
:10D8D00001C09A7800B502F07B0E02F00B029A703C
:10D8E0000022C2608878587010461A786CF30102E2
:10D8F0001A70CA789A7493F807C00A780CF0A301DA
:10D9000002F05C020A43DA7183F802E05DF804FB7E
:10D9100010B5D0E90721002343608B7092F90520F0
:10D920002F49044650090123203002F01F0203FA58
:10D9300002F241F82020BFF34F8FBFF36F8FE269EF
:10D9400092F90B205009203002F01F0203FA02F274
:10D9500041F82020BFF34F8FBFF36F8FE26992F938
:10D9600007205009203002F01F0203FA02F241F8AA
:10D970002020BFF34F8FBFF36F8FE26992F9092028
:10D98000500902F01F02934000F1200241F82230BA
:10D99000BFF34F8FBFF36F8FE369DA6822B19368EB
:10D9A00010681B6A9847E3691B691BB19A6818687D
:10D9B000136A9847EFF31081012383F31088E3691A
:10D9C000084A1C78D2F800014FF00043E3400343BB
:10D9D000C2F80031D2F8003181F31088002010BD68
:10D9E00000E100E0006F0440F0B5846A85B00546B0
:10D9F0000F4694466E46B4B194E80F0086E80F00D7
:10DA0000EB691B7884F804C02360EB6A2046C4E904
:10DA100002736B6A9847AC6A1CB196E80F0084E801
:10DA20000F0005B0F0BD3446EAE700BF8C465168F0
:10DA300030B4029C0D6880B91C609CF8010038B9B4
:10DA4000E8784FF0010C0B346CF30510E8701C60A3
:10DA5000936810681B6830BC184704F10C0018600C
:10DA6000EBE700BF2DE9F0470D4609780323CB40D3
:10DA700013F0010301F1007218BF1023037002F5C7
:10DA8000605283785201012161F301030262A969A6
:10DA90006A6942620022C0E90A21C56183706B781D
:10DAA00082B0044623B98378022262F301038370B3
:10DAB00095F90B00594B95F80AC04209203200F045
:10DAC0001F06012101FA06F643F82260BFF34F8FCB
:10DAD000BFF36F8F524A534E00F1C0074FEA0C1C40
:10DAE00052F827E06FF3104E42F827E01F185FFA54
:10DAF0008CFC87F800C346F8204095F9050095F89E
:10DB000004C04709203700F01F0E01FA0EFE43F84B
:10DB100027E0BFF34F8FBFF36F8F00F1C00703EB18
:10DB2000000852F827E04FEA0C1C5FFA8CFC6FF3F8
:10DB3000104E42F827E088F800C346F8204095F9D7
:10DB4000070095F806C04709203700F01F0E01FABC
:10DB50000EFE43F827E0BFF34F8FBFF36F8F00F146
:10DB6000C00703EB000852F827E04FEA0C1C5FFAED
:10DB70008CFC6FF3104E42F827E088F800C346F89B
:10DB8000204095F9090095F808C04709203700F0B2
:10DB90001F0E01FA0EF143F82710BFF34F8FBFF3AA
:10DBA0006F8F00F1C0074FEA0C1152F827C00344F1
:10DBB0006FF3104C42F827C0C9B283F80013EA682B
:10DBC00046F8204072B153681B684FF4002143F8B7
:10DBD000041B216A05310091E1692078FFF726FFD7
:10DBE0000646B0B92A69FAB153681B684FF0006164
:10DBF00043F8081B216A03310091E1692078FFF79F
:10DC000015FF064680B1EB681BB19A681868136A65
:10DC10009847304602B0BDE8F08700BF00E100E061
:10DC2000006000401C330020EFF31080012383F3D9
:10DC30001088984B2E78D3F800214FF00041F14026
:10DC400022EA0102C3F80021D3F8003180F31088E2
:10DC5000236AE06900229A701A715A729A72DA7213
:10DC60005A83297840F20722CA40D20744BF402293
:10DC7000DA7406221A7722787AB1C168013A00294B
:10DC800000F0FE800126120391B2314341F00602FA
:10DC90009A829A8A92B29142FBD1EA78A978D2000C
:10DCA00042EA01126978032900F0D780002914BFE5
:10DCB000F221E221ED69D2B21A7099712A7B5200E9
:10DCC00002F002025A736A78A97800261E7295F84B
:10DCD00000C0D201490101F02001D2B20A43ACF1E7
:10DCE0000201012940F2BD80D2B2DA716A689178EE
:10DCF00059701978567866F301011970D1789974C2
:10DD00001278D97902F05C0201F0A3010A43DA71BA
:10DD10000027C4E90377C4E9057790F905105E4E42
:10DD200001F1C00E4A0956F82E80920067F31048A0
:10DD300002F1604246F82E8002F561424FF0010E7A
:10DD400001F01F010EFA01F1C2F88011116090F983
:10DD50000B1001F1C0094A0956F829A0920002F1FE
:10DD6000604202F5614267F3104A01F01F0146F874
:10DD700029A00EFA01F1C2F88011116090F9071084
:10DD800001F1C0094A0956F829A0920002F1604247
:10DD900002F5614201F01F0167F3104A46F829A01D
:10DDA0000EFA01F1C2F88011116090F9091001F129
:10DDB000C0004A0956F82090920002F1604267F3D1
:10DDC000104946F8209002F561420CF0030C01F076
:10DDD0001F010EFA01F14CF0700CC2F880111160B5
:10DDE00083F802C06B8923814FF6FF7843452DD01D
:10DDF000EFF310818EF31088284A13681BB9284866
:10DE0000C3704023C37013680133136081F310881B
:10DE1000218924480B0A1B0153FA81F150F8213063
:10DE200023F0011323F4404343F0040340F821306E
:10DE3000EFF31081012383F31088136813B1136883
:10DE4000013B13601368B3B181F31088164B636014
:10DE50000026304602B0BDE8F08742F04002F221D1
:10DE600028E7BCF1020F08BF42F01002FF21D2B236
:10DE70005970DA714CE70A4A8020D370D070E3E71A
:10DE8000C169097A1140090201F4706141F001068B
:10DE9000F9E600BF006F0440006000401833002026
:10DEA000000D044000080440554943532DE9F04F4C
:10DEB0001E46FF23B37033786FF382038BB0337049
:10DEC0008023F370554B0992554A1B6A12680191E1
:10DED000C3F302618A40C3F30233DA40514B079027
:10DEE0000021100A06920891059002910093A2FB6E
:10DEF00003BA099B009A93426EDA9DF8203003938F
:10DF00000027494B039ADD5DC5F34003C5F3800547
:10DF100004932B43934256D1444B33F81780079B0D
:10DF200003FB08F8069BB3FBF8F2541EFF2C4AD8FB
:10DF300002FB08F91DE0059BB9FBF3F37F2B03FB04
:10DF400000F040D90028B8BFFF300012A0F5C33060
:10DF5000A0380028009AB8BF4042824240DC029BB1
:10DF6000F370337843F00403A9EB0809337054B31A
:10DF7000013C4A464FEAE973584651460AF02CF9EB
:10DF8000019A002AD7D1A0F5C333A03B002B009AF9
:10DF9000B8BF5B429A4216DD0093234BB470DA5D42
:10DFA0003378C2F3000161F38613049961F304131B
:10DFB00065F3C30333707378C2F3C10262F30103E4
:10DFC0007370019B029301370D2F9AD1089BF3B117
:10DFD000009B099A93421DDC00200BB0BDE8F08F36
:10DFE0000293114B049AD95D33780090C1F300007D
:10DFF00060F3861362F3041365F3C303337073781D
:10E00000B470C1F3C10161F301037370A7E7012389
:10E0100008936EE703200BB0BDE8F08F00E00140ED
:10E02000A8330020A086010098E30100A8E30100C6
:10E03000F0B5EFF30383103B5BB203F1C001344A48
:10E04000344C52F821006FF3104042F8210054F88C
:10E050002300C3691B6913B1036913B1F0BD0369E0
:10E0600083B9D0E90824937803F07F03002143F0BB
:10E0700004039370C160002CF0D0BDE8F040802212
:10E08000FFF7B2BC05785DB3066AF18AC1F30421DB
:10E09000A9421ED28478C2681F4F04F0030E744652
:10E0A0000BE092F800C086F80FC001311B1B224420
:10E0B000A942C0E903230CD25BB1BEF1020FF0D13B
:10E0C000B2F800C04CEA070C1FFA8CFCA6F80EC090
:10E0D000EBE732796FF3C7123271002BBED1C0E784
:10E0E000827802F003010229C1680BD0046A0D781E
:10E0F000E57002F003029B1A0A44C0E90323002BD7
:10E10000ACD1AEE70C88056A44F47E44EC81F0E7BC
:10E11000006000401C33002000FEFFFF10B582B0FD
:10E12000EFF30383103B5BB203F1C001574A584C35
:10E1300052F821006FF3104042F8210054F82340B8
:10E14000E369DB6813B1A369002B49D122894FF63B
:10E15000FF739A4275D12278236AF2B1D98AC80630
:10E1600012D01B8AC3F308030193A369FBB9636A46
:10E170002BB1042201992046FFF736FC22782AB100
:10E18000236AD98AC906E8D1BE221A7123894FF6BB
:10E19000FF72934231D102B010BDA17801F00301AA
:10E1A0000229DED05B790193A369002BDFD0A2782E
:10E1B000606902F0030201A90AF0C1FBD4E905215C
:10E1C000A37803F003031A44C91AC4E9052129B945
:10E1D000636A1BB101222046FFF706FC2278CEE7D6
:10E1E000636A0021C4E90511002BD4D00122204626
:10E1F00002B0BDE81040FFF7F7BB1A0A120125492B
:10E2000052FA83F351F8232022F0011222F4404203
:10E2100042F0040241F82320EFF31082012383F33C
:10E2200010881D4B196811B11968013919601B68F4
:10E230001BB91A498020CB70C87082F3108802B0D5
:10E2400010BDEFF31081012383F31088124B1A687D
:10E250001AB91248C2704022C2701A6801321A609C
:10E2600081F3108822890B49130A1B0153FA82F2A9
:10E2700051F8223023F0011323F4404343F0050307
:10E2800041F82230236A227867E700BF006000402F
:10E290001C3300200008044018330020000D044007
:10E2A00010B5EFF30384103C0B4B64B253F8240019
:10E2B000D0E90821937803F07B03937019B102220F
:10E2C0000021FFF791FB054BC03453F824206FF376
:10E2D000104243F8242010BD1C3300200060004091
:10E2E00010B5EFF30384103C194B64B253F82400CB
:10E2F000037843B9837803F00303022B03D0036A46
:10E300005979C9B203E0036A198AC1F3080193F885
:10E3100004C01CF0100F0CF0380206D093F81CC09B
:10E320001CF0010F08BF42F0400293F804C00CF04B
:10E33000C70C83F804C0436A0BB1FFF755FB054BCC
:10E34000C03453F824206FF3104243F8242010BD4A
:10E350001C3300200060004010B5D0E901320021DC
:10E36000917093F902303149044658090122203056
:10E3700003F01F0302FA03F341F82030BFF34F8F7D
:10E38000BFF36F8F636893F901305809203003F0B1
:10E390001F0302FA03F341F82030BFF34F8FBFF39E
:10E3A0006F8F636893F904305809203003F01F031E
:10E3B00002FA03F341F82030BFF34F8FBFF36F8FA2
:10E3C000636893F903305809203003F01F0302FA01
:10E3D00003F341F82030BFF34F8FBFF36F8FEFF39C
:10E3E000108182F310886368114A93F800C0D2F854
:10E3F00000014FF0004323FA0CF30343C2F800314D
:10E40000D2F8003181F3108863685A6922B19368A9
:10E4100010681B6A984763681B691BB19A68186883
:10E42000136A98470020206010BD00BF00E100E0A3
:10E43000006F044030B5436A85B004468C4601AD98
:10E44000ABB193E8070085E807006268117883F8AC
:10E4500004C0A26A9A6019601846226A9047636AEB
:10E460001BB195E8070083E8070005B030BD2B46D7
:10E47000EBE700BF2DE9F84F0C460B78D1E90521F9
:10E4800003F1007303F560530162E16981625B018E
:10E490000021C0E9014306464162002A00F02181C3
:10E4A000516810680D6805336B6093684FF4002263
:10E4B0001B682A6098470546002840F00F812269B2
:10E4C0007AB1B368516810680D680333AB60936824
:10E4D0004FF000621B682A6098470546002840F00C
:10E4E00006817268156A95F902106B78AF78002979
:10E4F000517AAABFFF274FF0040E4FF0000E0129FA
:10E50000917A18BF4FF0000C03F0030306BF4FF0E1
:10E51000020C05206046012943F08003D17A00F007
:10E52000F080012914BF40F0800040F0C000517B12
:10E53000002914BF4FF0E2084FF0EA08EFF3108A09
:10E54000012181F3108892F800B0714A4FF0004920
:10E5500029FA0BFBD2F8009129EA0B09C2F80091C5
:10E56000D2F800218AF31088B2685FFA83F9002399
:10E57000937092F804A04FF0840A82F804A04FF43C
:10E58000784AA2F814A082F8009082F802C082F8BB
:10E5900006802D785570C0B2977482F807E05073EA
:10E5A0004020137253729372D3725383D07402203B
:10E5B000107794F901206079564D574F05EB020C06
:10E5C0000001C0B28CF8000302F1C00E47F82260CF
:10E5D00052484FEA521C50F82E804FEA8C0C0CF136
:10E5E000604C0CF5614C63F3104802F01F0240F8D8
:10E5F0002E8001FA02F2CCF88021CCF8002094F9A8
:10E60000022094F806C005EB020E4FEA0C1C5FFADC
:10E610008CFC8EF800C302F1C00E47F822604FEA6E
:10E62000521C50F82E804FEA8C0C0CF1604C0CF50B
:10E63000614C63F3104802F01F0240F82E8001FA8B
:10E6400002F2CCF88021CCF8002094F9032094F851
:10E6500007C005EB020E4FEA0C1C5FFA8CFC8EF82B
:10E6600000C347F8226002F1C00E4FEA521C50F876
:10E670002E804FEA8C0C0CF1604C0CF5614C63F36E
:10E68000104802F01F0240F82E8001FA02F2CCF886
:10E690008021CCF8002094F904C0227A654412014C
:10E6A000D2B285F800230CF1C00447F82C604FEA81
:10E6B0005C1250F82450920002F1604263F310455E
:10E6C00002F561420CF01F0C40F8245001FA0CF1E5
:10E6D0001D46134BC2F88011116033602846BDE817
:10E6E000F88F2269002A7FF4EDAE2246FAE66369CC
:10E6F000002BF3D09A681868136A98472846BDE83B
:10E70000F88F00297FF413AF40F040000FE700BFFF
:10E71000006F044000E100E01C3300200060004076
:10E7200053494353F8B504468068807810F03000B0
:10E7300034D11D46E3616368C4E9031216461A69C1
:10E74000C4E9050092B1536865611B68A8B2D8811D
:10E7500031B35960D978022060F38301D97019462A
:10E76000936810685B689847B8B963685A6952B192
:10E770004EB1936810689F68A561ABB23246002124
:10E78000B84750B96368206988B11869A8B1A26810
:10E79000937843F0F00300209370F8BD0820F8BD93
:10E7A000D87861F383002949D8705960D7E7A26807
:10E7B000937843F0A0039370F8BD5A69A168002ACA
:10E7C0008A7814BFF025702542EA05028A70E4D1E8
:10E7D00093F9013001215A0903F01F0301FA03F3F1
:10E7E00020321B4941F82230BFF34F8FBFF36F8FA8
:10E7F0006369E269934206D2D4E9020109B3C95CB4
:10E80000C170013363616368597A01290CD093F9AF
:10E8100001300F495809012203F01F0302FA03F3E4
:10E8200041F820300020F8BD012AF0D961698A4200
:10E83000EDD9D4E9020232B1525CC270013161619A
:10E84000E5E7C170DDE7C270F8E700BFCC32002019
:10E8500000E100E0FFF766BF70B5204C204B246A52
:10E860001B68C4F3026E03FA0EF3C4F3023E0D46B6
:10E8700023FA0EFE4FF0000C66460CF1010C4FEA35
:10E880004C0300FA03F303EB0E04013C94FBF3F496
:10E89000013CFF2C02DDBCF1040FEDD1B2B19EFBB7
:10E8A000F3F4013C84F30804611C81FB03010902B9
:10E8B000724641EA10610023000209F08DFCB0F5B8
:10E8C000807F71F10003B4BFC2B200226B782C705C
:10E8D00066F30103AA706B70002070BD00E0014078
:10E8E000A833002010B4EFF30383103B5BB203F1B5
:10E8F000C001144A144C52F821006FF3104042F842
:10E90000210054F823305A69D9698A4206D2D3E9E2
:10E910000240A8B1805CE07001325A618A4202D0A4
:10E920005DF8044B70471A69002AF9D19A685DF8BE
:10E93000044B937803F07B0343F004039370704718
:10E94000E070E9E7006000401C33002010B4EFF3F2
:10E950000383103B5BB203F1C001174A174C52F816
:10E9600021006FF3104042F8210054F823305A6917
:10E97000D9698A4206D2D3E90240D0B1805CE07006
:10E9800001325A619A698A4207D2986819694079B6
:10E99000541C9C618854D3E90621914206D19A689F
:10E9A000937803F03B0343F0040393705DF8044B4A
:10E9B0007047E070E4E700BF006000401C330020B7
:10E9C00010B5EFF30384103C0A4B64B2012153F8F5
:10E9D00024008268937803F003039370FFF72AFD05
:10E9E000C034054B53F824206FF3104243F8242021
:10E9F00010BD00BF1C3300200060004010B5EFF3D5
:10EA00000384103C0C4B64B24FF0840C53F8240088
:10EA100083689A7802F003029A701A7983F804C026
:10EA20000421FFF707FDC034044B53F824206FF393
:10EA3000104243F8242010BD1C3300200060004029
:10EA400002690023F0219370D17290F82A10C269F4
:10EA5000036280F8303080F82C104262184670470C
:10EA60004160027200207047C0E90E32416300200D
:10EA7000704700BFC368044A9B1AB3FA83F35B096B
:10EA80000B700020704700BF4332495310B5026934
:10EA90000023F02193709370D17290F82A100268CD
:10EAA00080F82C1004469169C0696062236284F882
:10EAB0003030E36021B18B6808681B6A9847226890
:10EAC00053691BB19A681868136A9847EFF310816D
:10EAD000012383F310882368074A1C78D2F80001C9
:10EAE0004FF00043E3400343C2F80031D2F8003155
:10EAF00081F31088002010BD006F0440036859693D
:10EB0000A1B190F82D3070B5044603F0FF0563B94C
:10EB10008A68038C96680868A1692A46B047E2694A
:10EB2000C4E90852012384F8333070BD704700BF38
:10EB300038B590F808C080F82E30BCF1010FC0E95C
:10EB40000612054647D090F82AC085F82BC000234E
:10EB500085F82D3085F82F3085F8313085F8333041
:10EB600095F82D1085F82C30C5E9082311B1012343
:10EB700085F831302A682B695269B42199706AB1DD
:10EB8000526800211268997095F82D40FCB94FF039
:10EB9000006111602321B42299729A7095F8302097
:10EBA0001AB95122DA72002038BD0022BCF1010FDF
:10EBB00085F8302019D0012295F82910D9700CF170
:10EBC000FF3C85F82BC085F82C20002038BD116053
:10EBD00011495160DEE7436880F82AC000215B00DC
:10EBE00080F8291080F82830AFE72846FFF786FF25
:10EBF00095F82A3095F82C20012B07D1013295F891
:10EC000028102B6995F82BC0D2B2D7E701322B69B7
:10EC100095F82BC0D2B2CFE7C2E3010038B590F827
:10EC200008C080F82E30BCF1010FC0E9061205467D
:10EC300047D090F82AC02A620023012185F82D10C0
:10EC400085F82F3085F8313085F8333085F82C3051
:10EC50006B6295F82D3085F82BC00BB185F831101B
:10EC60002A682B695269B42199706AB152680021EF
:10EC70001268997095F82D40FCB94FF00061116051
:10EC80002321B42299729A7095F830201AB9512232
:10EC9000DA72002038BD0022BCF1010F85F8302067
:10ECA0001BD0012295F82910D9700CF1FF3C85F892
:10ECB0002BC085F82C20002038BD1160124951600E
:10ECC000DEE7436880F82AC05B00002143F00103BF
:10ECD00080F8291080F82830ADE72846FFF70EFFAE
:10ECE00095F82A3095F82C20012B07D1013295F8A0
:10ECF00028102B6995F82BC0D2B2D5E701322B69C9
:10ED000095F82BC0D2B2CDE7C2E301002DE9F04364
:10ED10000B788A68426003F1007303F560535B016E
:10ED2000016003610A7B02720D46D1E9062141634D
:10ED3000296AC163002183B004468163C2B151686E
:10ED400095F90EC00F6803C905336E464FF4002EC7
:10ED50007B60C7F800E086E80300019B83F800C0F1
:10ED6000936810681B6831469847002840F0AC80D3
:10ED70006B69D3B15A682768166897F90F7092E8E3
:10ED8000030022690332B2604FF0000C6A46C6F8F5
:10ED900000C082E803001146019A17709A6818684B
:10EDA00013689847002840F0AD80EFF310804FF0D3
:10EDB000010C8CF31088584B2E78D3F800214FF0BB
:10EDC0000041F14022EA0102C3F80021D3F80031EA
:10EDD00080F3108822682369516A504F0020F02286
:10EDE0009870DA728A7802F003021A700A78FA26AA
:10EDF00092009E7142F020024E785E70D2B2DA71BB
:10EE00004A791A72CA789A740A79454ED20042EA4F
:10EE10000C02D2B25A7223229A72587395F90F30AB
:10EE20006A7BF1181201D2B281F8002303F1C00805
:10EE300047F823403B494FEA531E51F828904FEAC8
:10EE40008E0E0EF1604E0EF5614E60F3104903F028
:10EE50001F0341F828900CFA03F3CEF88031CEF866
:10EE6000003095F9103006EB030E03F1C0088EF860
:10EE7000002347F823404FEA531E4FEA8E0E51F805
:10EE800028900EF1604E0EF5614E03F01F030CFA50
:10EE900003F360F3104941F82890CEF88031CEF8A2
:10EEA000003095F90E30834211DA0020C4E90800E1
:10EEB0001D4B84F82D00A06184F82E00E06184F8D9
:10EEC0002F00E36084F8300003B0BDE8F0831E44F7
:10EED00003F1C00586F8002347F823405A09920041
:10EEE00051F8256002F1604202F5614203F01F0310
:10EEF0000CFA03F360F3104641F82560C2F8803144
:10EF00001360D2E7AB69002BDED09A681868136AE9
:10EF100098470028D8D148E7006F04401C330020F0
:10EF200000E100E0006000404332495370B5866B59
:10EF300082B004460B466D463EB396E8030085E872
:10EF40000300E26B3371236832605A6912B194F89E
:10EF50002D10A1B19B6913B194F82D2052B9636BA8
:10EF600030469847A36B1BB195E8030083E8030084
:10EF700002B070BD9A68186813699847EFE7936804
:10EF800010681B6998472368E4E72E46D9E700BF5D
:10EF9000EFF30383103B5BB2044AC03352F82310F3
:10EFA0006FF3104142F82310704700BF006000402B
:10EFB00070B5EFF30383103B5BB2614AC03352F884
:10EFC00023106FF3104142F82310EFF30383103B3B
:10EFD0005C4A5BB252F823402269137BC3F3000002
:10EFE000DB072CD494F82C3094F82A10994216D0D0
:10EFF00094F82D1009B1022B41D02046FFF77EFD79
:10F00000236994F82820DA7094F82B2094F82C3097
:10F01000013A013384F82B2084F82C3070BD94F829
:10F02000333003F0FF053BBB236A93BB94F82E30CB
:10F0300063B352210123D17284F8303070BD94F84B
:10F040002D308BB194F8313073B9636AA16952796C
:10F05000CA54D4E9082394F82E10013A0133C4E9C4
:10F06000082379B12269E4E70020012154232062BA
:10F0700084F82F10D37270BD84F8330070BD522312
:10F08000D37270BD23695422DA7270BD5423D372D7
:10F0900070BD94F82D1041B9616AA069013B405CD4
:10F0A0000131C4E90831D07070BD94F831100029E5
:10F0B0002ED0216884F831504869002838D08969F9
:10F0C000002935D0E069022832D98E68831E08688D
:10F0D000B668F42191709BB2A2692946B0472268B4
:10F0E000E3695269916810688E68023B9BB22A46B8
:10F0F0002946B047E36922690220023BC4E90803BC
:10F10000012184F833100023FF209372D070CBE7E5
:10F11000636AA1695279CA54D4E90832013B0132C9
:10F12000012BC4E90832226904D0FF20D070BBE76C
:10F13000012BE8D12023FF209372D070B4E700BFE9
:10F14000006000401C33002010B582B0EFF3038351
:10F15000103B374A5BB252F823000269D37A6FF34F
:10F16000C303D37290F82F30ABBB90F82A1003F092
:10F17000FF0C90F82C3099421BD1036A5BB990F8D0
:10F180002D1090F83040002914BF02210321A4B3B0
:10F19000D372FFF7CBFEEFF30383103B5BB2254A3C
:10F1A000C03352F823106FF3104142F8231002B01D
:10F1B00010BDB3B9012929D090F829C00021D1721E
:10F1C00082F803C090F82B200133013A80F82B20FD
:10F1D00080F82C30DFE7F023D3720121FFF7A6FE81
:10F1E000D9E790F82D4004F0FF016CB1022BE5D176
:10F1F00090F829C04CF0010CE0E7F023D37293782B
:10F2000003F0CF039370C4E78C46D7E70190FFF774
:10F2100075FC019890F82A30012B05D190F828C090
:10F22000026990F82C30C9E7026990F82C30C3E7E6
:10F230001C33002000600040F0B583B0EFF303847E
:10F24000103C154B64B253F82450EF68BFB16A68A4
:10F250002B6992F90D20121B18BF01226E46C3B113
:10F2600093E8030086E803001A706A695A6018463A
:10F27000B8472B691BB196E8030083E80300074BEE
:10F28000C03453F824206FF3104243F8242003B015
:10F29000F0BD3346E8E700BF1C33002000600040AB
:10F2A000EFF30383103B5BB20649074A51F8231082
:10F2B0000120C033087252F823106FF3104142F856
:10F2C000231070471C33002000600040C8B20123A7
:10F2D00083404AB91A040B0A5B0103F1804303F52A
:10F2E000802300209A6070479AB2F4E738B504880A
:10F2F000002C4DD043680021043303EBC40040F2DE
:10F3000002450C4640F2034C40F2044E0FE06245C9
:10F3100030D153F8042C02F0B852B2F1807F14BF00
:10F3200041F0020144F002040833834211D01A88EC
:10F33000AA42ECD153F8042C02F0B852B2F1807F0B
:10F3400003F1080314BF41F0010144F001048342BA
:10F35000EDD1C943CDB2012002F0DAFC0D4B93F898
:10F36000BB2414432C4083F8BB440120BDE8384043
:10F3700002F09EBC7245D7D153F8042C02F0B8526B
:10F38000B2F1807F0CBF44F0040441F00401CBE7EC
:10F39000FF25E0E700E0014070B584B002AB012634
:10F3A00068460C461546ADF80C100292ADF80060A8
:10F3B0000193FFF79BFFEFF3108286F310881D493E
:10F3C0000B681BB91C48C3704023C3700B68013322
:10F3D0000B6082F31088EA034FEA1423E4B219D4D5
:10F3E0001B01164A234442F82350EFF310820123F5
:10F3F00083F310880B6813B10B68013B0B600B683B
:10F400001BB90D498020CB70C87082F31088002092
:10F4100004B070BD04EB0310084A52F820606FF38B
:10F42000104642F8206025F4803642F820601B0127
:10F43000D7E700BF18330020000D04400008044047
:10F44000034610B400209C685A614FF0010C83F809
:10F4500021C083F82300C3E903122279986142F0A6
:10F4600010022271227960F3C30222715DF8044B0D
:10F4700083F82400704700BF034610B400209C6846
:10F4800083F8210083F82300C3E903125A6122792B
:10F49000986142F010022271227960F3C302227156
:10F4A0005DF8044B83F82400704700BFC0E90B32BD
:10F4B00081620020704700BF10B4826803682F4C3F
:10F4C00000214160D17193F90F304FEA531C03F0D2
:10F4D0001F020CF1200C012303FA02F244F82C2045
:10F4E000BFF34F8FBFF36F8F026892F90C204FEA82
:10F4F000521C0CF1200C02F01F0203FA02F244F835
:10F500002C20BFF34F8FBFF36F8F026892F90D204D
:10F510004FEA521C0CF1200C02F01F0203FA02F217
:10F5200044F82C20BFF34F8FBFF36F8F026892F91E
:10F530000E204FEA521C0CF1200C02F01F0203FABD
:10F5400002F244F82C20BFF34F8FBFF36F8FEFF31D
:10F55000108483F310880068094A0078C0F109001C
:10F560008340D2F800010343C2F80031D2F80031E1
:10F5700084F3108808465DF8044B704700E100E012
:10F58000006F044070B5C36A84B004468C461646CA
:10F5900001AD9BB193E8070085E8070083F808C038
:10F5A000226B1846C3E90026A26A9047E36A1BB1A2
:10F5B00095E8070083E8070004B070BD2B46EDE72F
:10F5C0008268012370B580F820300226B323D371FE
:10F5D00080F82160537904466FF300035371C269C8
:10F5E0000D46FFF7CFFFA368DE705A7942F00102A3
:10F5F0005A7194F82120012A16D094F8212002B1E2
:10F6000070BD052DFCD194F82320002AF8D194F880
:10F6100021201AB95A7A02F0F3025A72BF2101224C
:10F62000D97184F8232070BD042DECD0082DE4D1CD
:10F63000E9E700BF2DE9F0430B78D1E9054203F576
:10F64000800303F5A6631B020026C0E90B628360FA
:10F6500001608462EFF31084012383F310880A7839
:10F66000C2F109029340774AD2F8001121EA03035C
:10F67000C2F80031D2F8003184F310880268836840
:10F68000D56980F823601F21AC7819705F2119704B
:10F69000DF211970917A012900F0CD801689F109D6
:10F6A00001F0060141F00101F6B2D9729E72D17AE1
:10F6B0005668C90041F00101C9B2997162498E4290
:10F6C0004FF00201D9700CBF6FF07F010021002CB8
:10F6D00000F0AC8041F07D01C9B2013C597164B2C7
:10F6E000697841F0E00119742978584D090101F059
:10F6F000700141F008019970917C44EA8114E4B2F0
:10F70000A0211C71D9719F21197092F90F30517C81
:10F710004F4C0901E618C9B286F8001303F1C0077F
:10F720004C4945F8230051F827C05E09B6006FF335
:10F73000104C06F1604641F827C006F561464FF0CF
:10F74000010C03F01F030CFA03F3C6F88031336099
:10F7500092F90D3092F810E0E6184FEA0E1E5FFAAB
:10F760008EFE03F1C00786F800E345F823005E092A
:10F7700051F82780B60006F1604606F561466FF342
:10F78000104803F01F0341F827800CFA03F3C6F872
:10F790008031336092F90E30E71803F1C00887F822
:10F7A00000E345F823005F0951F82890BF0007F1F6
:10F7B000604707F561476FF3104903F01F0341F8F5
:10F7C00028900CFA03F3C7F880313B6092F90C20C3
:10F7D0001444530984F800E345F8220002F1C00400
:10F7E0009B0051F8245003F1604303F5614302F09C
:10F7F0001F020CFA02F26FF3104541F82450002664
:10F80000C3F880211A60022280F82460124B80F82D
:10F810002120C0E9056680F82260C6600661436069
:10F8200080F82060C6613046BDE8F08341F05D019C
:10F83000C9B2597154E71189DE724900C9B299728F
:10F8400035E700BF006F044040420F001C3300202A
:10F8500000E100E0006000405343324930B583B01E
:10F86000EFF30383103B5BB2454AC03352F82310D9
:10F870006FF3104142F82310EFF30383103B5BB2A8
:10F88000404A52F8234094F82230B3B9A3680122C9
:10F8900084F82220DA7CD2B28DF805209DF805206C
:10F8A00012F0010F5A7A14BF02F0F70202F0F302CD
:10F8B0005A72AC22DA7103B030BD94F820304BB9E3
:10F8C000A3681B7A13F0080F204614BF08210421F7
:10F8D000FFF776FE2269A2B9A368D97CC9B28DF878
:10F8E00006109DF80610197941F010011971197967
:10F8F00041F008011971197962F30411197103B00B
:10F9000030BDA369A1689A4209D0E268C97C581C3D
:10F91000A061D154E3690133E36103B030BD022536
:10F9200084F821504B79E2696FF300034B71204654
:10F930000621FFF727FEA3682169DD705A7942F09E
:10F9400001025A7191B9DA7CD2B28DF807209DF884
:10F9500007201A7942F010021A711A7942F008024F
:10F960001A711A7961F304121A71A4E7A269E168A5
:10F97000DB7C501CA0618B54E3690133E3619AE79F
:10F98000006000401C33002038B5EFF30383103BC8
:10F990005BB2244AC03352F823106FF3104142F88F
:10F9A0002310EFF30383103B5BB21F4A52F823404E
:10F9B00094F8203093B194F8213003F0FF0263B93A
:10F9C000A369216999420ED0E269E068A168C05C30
:10F9D000887401330132C4E9063238BD052120465E
:10F9E000FFF7EEFDE7E723680E4993F90E3003F1C8
:10F9F000C000002B51F8205062F3104541F8205010
:10FA000009DB5A09094803F01F030121603201FA9A
:10FA100003F340F82230A268D37943F04003D37156
:10FA200038BD00BF006000401C33002000E100E052
:10FA300038B5EFF30383103B204A5BB252F8234002
:10FA4000A1680B795807C3F3800217D5CA796FF301
:10FA50008612C023CA7101E0013B02D0CA79520666
:10FA6000FAD4EFF30383103B5BB2154AC03352F86C
:10FA700023106FF3104142F8231038BD022584F89B
:10FA800021504B7962F300034B71E2690721204654
:10FA9000FFF778FDA168CD704B7943F001034B71FE
:10FAA00094F82130002BD1D1A369E269E0680132DA
:10FAB000C05C88740133C4E90632C7E71C330020F8
:10FAC0000060004010B582B0EFF30383103B3E4A64
:10FAD0005BB252F8230083685A7A91074DD1D1B2B4
:10FAE00011F00C0F3CD0012280F8242090F8212046
:10FAF000012A65D0016982699142C26988BF02F119
:10FB0000FF324FF0030188BFC2614FF0000EA02406
:10FB1000DC7180F820E080F822E093F805C06EF3F5
:10FB2000000C83F805C090F82440002C43D1DF245A
:10FB30001C709F241C7000240223C46180F82130B3
:10FB4000FFF720FDEFF30383103B5BB21F4AC03386
:10FB500052F823106FF3104142F8231002B010BD89
:10FB6000CA06EFD5DA7CD2B28DF807209DF80720BF
:10FB7000DA7902F0EF02DA71E4E70022A02180F8DE
:10FB80002420D97180F8202080F82220597962F34E
:10FB90000001597190F8241081B9DF219F2219705A
:10FBA0001A7000210223C26980F82130C16101214D
:10FBB000FFF7E8FCC6E783F809E0BCE75A72F0E714
:10FBC000C2690221A1E700BF1C3300200060004091
:10FBD0004160027200207047C0E90E32416300208C
:10FBE000704700BFC368044A9B1AB3FA83F35B09EA
:10FBF0000B700020704700BF4349495230B5836BFA
:10FC000083B004460A466D46A3B193E8030085E835
:10FC10000300E16B1A71626B196018469047A36B81
:10FC20001BB195E8030083E80300002384F82B3020
:10FC300003B030BD2B46ECE730B4334B02691B6A8E
:10FC400082B003F00F2301930199019D137C90F87A
:10FC50002C4094B9C1F30321DBB2A1EB15618B40B9
:10FC60009B0805D1082002B030BC7047013BF9D099
:10FC70005178C909FAD1B323D3710023016890F8F0
:10FC8000264080F8283080F827404C6A856980F843
:10FC90002B30C56180F82D30036280F82E3080F85B
:10FCA0002F3080F8303023786478012B0CBF052387
:10FCB000042343EA4403DBB2D370537943F00103D6
:10FCC000537191F90F30002B09DB10495C090122B7
:10FCD00003F01F0302FA03F341F824300269BF2343
:10FCE000D37190F82C1001F0FF0331B1002380F89C
:10FCF0002C30184602B030BC7047022118465170B3
:10FD000002B030BC704700BF00E0014000E100E0FD
:10FD100090F808C080F82A30BCF1010FC0E9051244
:10FD20000AD1436880F826C05B00002243F001033B
:10FD300080F8252080F82430012380F82930FFF74F
:10FD40007BBF00BF90F808C080F82A30BCF1010FDB
:10FD5000C0E9051208D1436880F826C000225B0084
:10FD600080F8252080F82430002380F82930FFF720
:10FD700063BF00BF036902682DE9F04F1F241C70A8
:10FD80005F241C70DF241C70546A55682279564E1B
:10FD9000DFF8608142F0E0021A74E27842F0E0029B
:10FDA0005A74A278120102F0700242F008029A70AE
:10FDB00022786478012A0CBF0522042242EA440218
:10FDC000D2B2DA70494A95420CBFF72277225A71B3
:10FDD0000027B3229F71DA7191F9112091F80DC0BB
:10FDE000B4184FEA0C1C5FFA8CFC84F800C302F1D3
:10FDF000C00548F822003E4C4FEA521E54F82590A8
:10FE00004FEA8E0E67F310490EF1604E44F82590CC
:10FE10000EF5614E012502F01F0205FA02F2CEF83E
:10FE20008021CEF8002091F90F2006EB020E02F19E
:10FE3000C0098EF800C348F822004FEA521E4FEA6C
:10FE40008E0E54F829B00EF1604E0EF5614E02F0A0
:10FE50001F0205FA02F267F3104B44F829B0CEF8FE
:10FE60008021CEF8002091F9102006EB020E02F15D
:10FE7000C0098EF800C348F822004FEA521E54F819
:10FE800029B04FEA8E0E0EF1604E0EF5614E02F073
:10FE90001F0267F3104B44F829B005FA02F2CEF8BE
:10FEA0008021CEF8002091F90E100E444A0986F800
:10FEB00000C348F8210001F1C00001F01F018D408E
:10FEC00054F82010920002F1604267F3104144F8A8
:10FED000201002F561424FF09F0AC2F88051156070
:10FEE00083F800A0BDE8F08F00E100E040420F0081
:10FEF000006000401C3300200A7802F5800202F501
:10FF0000A662120270B502618A68016042600A7BD3
:10FF10000272CA69426300250A6AC26304468563A5
:10FF2000EFF3108C012282F310880B78C3F10903E0
:10FF30009A400E4BD3F8006126EA0202C3F8002172
:10FF4000D3F800318CF31088FFF714FF084B84F8C6
:10FF50002950C4E9075584F82A50656184F82B506C
:10FF6000A56184F82C50E360284670BD006F044002
:10FF70004349495238B5C369044613B990F82C3047
:10FF8000A3B1236921680025DD712046FFF7F2FE49
:10FF9000A36994F826202362236984F82820B322D9
:10FFA000E56184F82C500020DA7138BD90F82B30D0
:10FFB000002BE6D12369B322DA71002038BD00BFDF
:10FFC00038B5C36904461BB990F82C30002B6FD0AC
:10FFD000236921680025DD712046FFF7CBFE94F8E8
:10FFE0002620A369E56184F82820236284F82C5038
:10FFF000236922680020B321D971D871E06092F999
:020000021000EC
:1000000011302E494FEA531C03F01F020CF1200C53
:10001000012303FA02F241F82C20BFF34F8FBFF304
:100020006F8F226892F90E204FEA521C0CF1200CBF
:1000300002F01F0203FA02F241F82C20BFF34F8FA7
:10004000BFF36F8F226892F910204FEA521C0CF117
:10005000200C02F01F0203FA02F241F82C20BFF339
:100060004F8FBFF36F8F226892F90F204FEA521C17
:100070000CF1200C02F01F0203FA02F241F82C20CE
:10008000BFF34F8FBFF36F8FEFF3108583F31088AB
:1000900021680B4A0978C1F109018B40D2F800119F
:1000A0000B43C2F80031D2F8003185F3108838BD17
:1000B00090F82B30002B9BD08AE700BF00E100E0D6
:1000C000006F044010B483B0EFF30383103B5BB2C6
:1000D000484AC03352F823106FF3104142F82310FE
:1000E000EFF30383103B444A5BB252F8233093F89A
:1000F0002D20BAB99A69022A1A699EBF117941F076
:1001000040011171D969012917D0D27CD2B28DF882
:10011000072001219DF8072083F82D1003B05DF81A
:10012000044B7047DA69002AF8D0032A0ED0022A5D
:100130004ED0012A21D019690DE0117941F010014A
:100140001171117941F008011171DEE719690A791D
:1001500042F040020A711A6A5869C97C8154D3E995
:1001600007210131013AC3E90721002AD6D11969D3
:100170000B7962F386130B71D0E793F82A1089B3D9
:1001800019681E4C91F90F104809203001F01F0129
:1001900002FA01F144F82010BFF34F8FBFF36F8FC5
:1001A0001969C87940F08000C871087940F01000E2
:1001B000087108794FF0040C6FF3C300087181F8DF
:1001C00001C048796FF30000487183F82C20C2E722
:1001D00019690A7942F010020A710A7942F008029C
:1001E0000A71B8E719694A7A082002F0F7024A72E0
:1001F0004870B0E7006000401C33002000E100E0E0
:10020000EFF30383103B5BB2354AC03352F823103F
:100210006FF3104142F82310EFF30383103B5BB2FE
:10022000304A52F8232092F82730002B37D192F829
:1002300029309BBBD36910B4002B42D11069C1791E
:100240006FF3C711C023C17101E0013B02D0C17936
:10025000C909FAD11368224A93F9103003F1C00199
:10026000002B52F821406FF3104442F8214009DB83
:100270005A091D4C03F01F030121603201FA03F3F8
:1002800044F82230C3795DF8044B43F04003C37156
:100290007047022909D192F8300030B9704792F8BE
:1002A0002610032992F82810F3D0106992F824C080
:1002B00080F812C00131013B82F8281082F8273003
:1002C0007047D2E90404116A013B645C8474013113
:1002D000C2E90731002BB2D05DF8044B704700BF74
:1002E000006000401C33002000E100E010B4EFF398
:1002F0000383103B2B4A5BB252F8233093F829203A
:100300001AB193F82720012A47D0DA69D2B11969C6
:10031000CA796FF38612C023CA7101E0013B02D093
:10032000CA795206FAD4EFF30383103B5BB21E4A3C
:10033000C03352F823106FF3104142F823105DF8D8
:10034000044B704793F82A10F9B11968174C91F9CA
:100350000F10480920304FF0010C01F01F010CFA7A
:1003600001F144F82010BFF34F8FBFF36F8F19696D
:10037000C87940F08000C87104204870487962F361
:100380000000487183F82CC0C2E719694B7A082233
:1003900003F0F7034B724A70BAE793F83020002A53
:1003A000B3D1B4E71C3300200060004000E100E05E
:1003B00038B5EFF30383103B4B4A5BB2E02152F8B0
:1003C000234023695A7A5972D506D0B202F003014C
:1003D0001FD55A78520648D4E269012184F82B10BF
:1003E000002A5ED000252168DD712046FFF7C2FC9F
:1003F00094F82610A2692369E56184F82810226226
:1004000084F82C50B322DA7101212046FFF7F6FB65
:1004100012E00029E0D101071BD594F82B20002A17
:1004200048D194F82910B322002914BF02210321D6
:10043000DA712046FFF7E2FBEFF30383103B5BB278
:100440002A4AC03352F823106FF3104142F82310A8
:1004500038BD94F82C20002AEED04207ECD594F851
:100460002B200121002AE4D1DBE70029B4D15A78FE
:100470005506C2F38011CED584F82B105A7A216824
:1004800002F0F702496A5A72082058700A78012A65
:100490000CBF03220222DA705A7942F001025A712B
:1004A000CAE794F82C20002A9CD194F82B20002A2B
:1004B000A8D097E7E2696AB1002294F82600A16902
:1004C000E26184F82800216284F82C20B322DA71DA
:1004D0000121AEE794F82C20002AEDD194F82B20CE
:1004E000002AF3D0E8E700BF1C3300200060004082
:1004F00010B582B0EFF30384103C164B164964B27A
:1005000053F8242050790B5C03F00303032B0FD026
:10051000C03451F824306FF3104341F8243093680D
:1005200023B1D268CDE900206846984702B010BDDB
:10053000936823B1D268CDE9002068469847064BFE
:10054000C03453F824206FF3104243F8242002B043
:1005500010BD00BF1C330020006000400346D3E9FB
:100560000223002053607047D0E90123D26930B4E0
:10057000D2E9011444F00044D0685C61D2E904542B
:1005800040F0004041F000419861196100205D6237
:100590009C6230BC704700BF002800DA704710B47E
:1005A00000F16043114C03F561430901C9B283F8BE
:1005B000001344F820200E4900F1C00200F01F0C87
:1005C000400951F82240800000F1604000F5614090
:1005D0006FF31044012341F8224003FA0CF3C0F8F2
:1005E00080315DF8044B0360704700BF1C3300206E
:1005F0000060004070B5836984B004468C4616469E
:1006000001AD9BB193E8070085E8070083F804C0BB
:10061000E2691A609E60184662699047A3691BB13F
:1006200095E8070083E8070004B070BD2B46EDE7AE
:1006300090F800C0486EBCF1030F98BF01300AB1BA
:10064000824227D310B4019C496BE40754BF01F0E8
:100650001F01C1F30441BCF1030F09D9090981F05D
:10066000010172B9E9B902225DF8044B5A60704782
:1006700001F00C01A1F10401B1FA81F14909002A4C
:10068000F0D0824201D30029EDD103225DF8044B62
:100690005A607047BCF1030F98BF02F1FF321A6035
:1006A00070470028DFD0F0E72DE9F0470B7C0D46BE
:1006B000012101FA03F2C260920716BF0022017401
:1006C0000274D5E9052103F5800303F5F0631B02ED
:1006D00042610022EE694560C0E9062184B004460B
:1006E0008360EFF31080012383F31088854B297C0E
:1006F0000229D3F8081134BF6FF020076FF04007CC
:100700003940C3F80811D3F8083180F31088A36882
:100710006F684FF425411960DA62DA639A642A78C7
:10072000297A032A4FEAC15107F1FF3C00F0D58036
:1007300084BF41EA0241BC46D6E9068ED9624FF039
:10074000004119610020596199614FF0FF315862F1
:10075000039098620291C3F81C80C3F820E0D6F899
:100760002C80C3F868C0C3F864C0002A40F0A080A1
:10077000790801390291404601224FF0030C596576
:10078000996500285DD095F800E0B76A002F71D018
:10079000B97897F80390090641EA097197F804902F
:1007A00041EA09419963B968C3F88C10002965D002
:1007B000012148B997F81C9097F81BA04FEA4969A6
:1007C00049EA4A2948EA0908C3F8881040B996F866
:1007D000211096F82000490741EA403148EA010813
:1007E0004FF4AA01BEF1010F196402D10021D964AE
:1007F0001965E168D960C3F83480C3F830C01A6362
:10080000697C95F912002246FFF7C6FE96F8221081
:1008100096F924002246FFF7BFFE96F8231096F9BA
:1008200025002246FFF7B8FE2FB1397897F901006D
:100830002246FFF7B1FE344B2360002004B0BDE830
:10084000F0873178F9B995F800E0B17800299CD0AB
:10085000F778BEF1020F4FEA071141EA87113FD046
:100860004BD903273943B76A48EA014848F08078F2
:10087000002F8DD19F63C3F88870A7E7F96800390E
:1008800018BF012195E795F800E07178BEF1020FDD
:100890004FEA81194FEA011724D029D9032148EAE8
:1008A000010848EA090848EA070848F48078CCE7D4
:1008B000012A19D000901946EA68606802ABFFF778
:1008C000B7FEDDE90210020442EA006242F0030CC6
:1008D000A368F06A42F0010251E741F480312BE74E
:1008E0000927BFE70921DAE740464FF0030C46E746
:1008F000002914BF09210621D1E7002F14BF0927C1
:100900000627AFE7006F04405450470030B44368F7
:1009100093F91220DB69002A11DB51092E4D02F0F8
:100920001F0C2031012404FA0CF445F82140BFF3D8
:100930004F8FBFF36F8F2949002441F8224093F96C
:100940002420002A11DB5109234D02F01F0C203115
:10095000012404FA0CF445F82140BFF34F8FBFF394
:100960006F8F1E49002441F8224093F92520002A68
:1009700011DB5109184D02F01F0C2031012404FA3B
:100980000CF445F82140BFF34F8FBFF36F8F13492D
:10099000002441F822409B6AA3B193F90130002B57
:1009A00010DB03F01F045A090121A14020320A4C38
:1009B00044F82210BFF34F8FBFF36F8F074A002117
:1009C00042F823108268C1680023036030BC1846D7
:1009D00091605363704700BF00E100E01C330020CA
:1009E00030B4EFF30383103B5BB2184A184C03F1A9
:1009F000C00152F821006FF3104042F8210054F872
:100A00002300446894F800C0BCF1010F15D1D0E96F
:100A10000254AC600024AC64EC642C6552F82150A4
:100A200064F3104542F821505A090A4903F01F03A4
:100A300060320CFA03F341F82230436923B10022FB
:100A400030BC1146FFF7D6BD30BC70470060004097
:100A50001C33002000E100E01E4B10B4C3600B7893
:100A600003F001034370EFF3108C012484F310882A
:100A7000194BD3F8082122F48012C3F80821D3F8C7
:100A800008318CF31088EFF3108C84F310884278CF
:100A9000D2B9C468237962F3861323718CF310886A
:100AA0004A684B78D278C468D201DB01D2B2DBB29B
:100AB0006271A3710123E3710A780270074B4360EE
:100AC0005DF8044B00207047C26813796FF3C713B9
:100AD0001371E3E700E00540006F04400043414428
:100AE000C3684278002023F812107047EFF3108398
:100AF000012282F310884278C1683AB90A7942F03B
:100B000040020A7183F31088002070470A7942F08E
:100B100080020A7183F3108800207047EFF3108180
:100B2000012383F31088427842B9C068037962F3E5
:100B30008613037181F3108800207047C26813790F
:100B40006FF3C713137181F310880020704700BF43
:100B5000EFF3108C012383F31088437873B9C268D4
:100B6000117963F386111171117A63F38611117291
:100B70008CF310880023436018467047C3681A79C5
:100B80006FF3C7121A711A7A6FF3C7121A72EFE76E
:100B900010B40368284C0021816093F915304FEAA6
:100BA000531C03F01F020CF1200C012303FA02F284
:100BB00044F82C20BFF34F8FBFF36F8F026892F978
:100BC00016204FEA521C0CF1200C02F01F0203FA0F
:100BD00002F244F82C20BFF34F8FBFF36F8F0268EF
:100BE00092F917204FEA521C0CF1200C02F01F0260
:100BF00003FA02F244F82C20BFF34F8FBFF36F8F3C
:100C0000426882F84C18C2F82C14EFF3108483F376
:100C100010880068094A0068C0F102008340D2F8D9
:100C200000010343C2F80031D2F8003184F3108888
:100C300008465DF8044B704700E100E0006F044097
:100C4000F0B5076A8BB0064667B3BE468C46BEE871
:100C50000F006C460FC4BEE80F000FC49EE80300EF
:100C600084E80300BCE80F003D460FC5BCE80F0058
:100C70000FC59CE803008EE80300F36938469847E7
:100C8000336A6BB1EE469C46BEE80F00ACE80F003D
:100C9000BEE80F00ACE80F009EE803008CE80300FC
:100CA0000BB0F0BD0F46E8E7437B934210B44468B5
:100CB00052D0B4F840386FF38A23A4F84038B4F81F
:100CC00040384FF0020C6CF30923A4F84038B4F814
:100CD000423803F4E063B3F5007FF8D1022384F8CF
:100CE000582842730373994215D00529B4F8403847
:100CF00014D06FF38A23A4F84038B4F8403861F375
:100D000009230A02A4F84038B4F8423803F4E06337
:100D10009342F9D101735DF8044B70476FF38A2356
:100D2000A4F84038B4F84038022262F30923A4F84A
:100D30004038B4F8423803F4E063B3F5007FF8D1EB
:100D4000B4F8403843F48063A4F84038B4F842382B
:100D50005B05FBD50173DEE7037BC4E79DF800C0AC
:100D600048B102280ED0002322F060421A4342EA22
:100D70008C720A607047074B03EA824242EA8C7227
:100D80000A607047002BF6D0012B14BF00234FF0F0
:100D90000043E9E70000FC1FF0B54468651883B024
:100DA00095F82038DB0925D11746026801F12003A8
:100DB000126904EB03111E017B79107B00933B79D0
:100DC0003A68FFF7CBFFB31DBA7923448C8862F3EE
:100DD00003048C8007F10C0099182AB110F8012B3C
:100DE00003F8012B8B42F9D18023002085F82038AD
:100DF00003B0F0BD4EF6632003B0F0BD2DE9F04F17
:100E00000C680D6904F580245034240385B08846AD
:100E100007464460EFF3108C012181F31088934A58
:100E2000D8F80030D2F80061C3F1020301FA03F3ED
:100E300026EA0303C2F80031D2F800318CF310889F
:100E4000D8F80830C361D8F80C30C0F8008000260C
:100E5000C0E908632B7803763246FFF725FF2B7D28
:100E60002A7BD8F80410DB0043EA420343F4E07322
:100E7000A4F840388B684A68D1F80CC0013B013AAD
:100E80001B0243EA02730A680CF1FF3143EA0133A3
:100E9000511E027E1343764A02EA01421343C4F80C
:100EA000443832460221FFF7FFFE04F5007380222A
:100EB00084F85028314618464FF4007207F063FD5D
:100EC0002B69014609E09E4212D3A0190136202E5B
:100ED00080F8202801F1100118D0A86800EBC60C9A
:100EE0004FEAC60E9CF80620002AECD00022ECE760
:100EF0009CF804309CF805C050F80E20287BCDF8F3
:100F000000C0FFF72BFF2B694022DEE79B0800F0B3
:100F1000A9806A680397A2F1040C00220CEB8303FA
:100F200096466FF060494FF00F0B5CF8041F49457F
:100F300002F580760ED295F80CA09000BAF1000F61
:100F400002D14C4F07EA814144F826100BFA00F118
:100F50004EEA010E9C4502F10102E6D1039F6FEAC1
:100F60000E030022C4F8283411463846FFF79CFED1
:100F7000B4F8403843F02003A4F84038B4F84038BF
:100F8000C3F340109B06F9D498F9153098F8141063
:100F9000DFF8E8C0DFF8E8E0374E0CEB03020901A8
:100FA000C9B282F8001303F1C0054EF823705A0944
:100FB00056F82590920060F3104902F1604246F81D
:100FC000259002F56142012503F01F0305FA03F3A2
:100FD000C2F88031136098F91630DFF8A8900CEB56
:100FE000030203F1C00A82F800134EF823705A0975
:100FF00056F82AB0920002F1604202F5614260F3B5
:10100000104B03F01F0346F82AB005FA03F3C2F8A9
:101010008031136098F91720944453098CF8001319
:101020004EF8227002F1C0019B0002F01F0205FA87
:1010300002F203F1604356F8215003F5614360F377
:10104000104546F82150C3F880211A603E2384F8E9
:101050004C384FF0FF33C4F82C34C7F8089005B073
:10106000BDE8F08F4FF0FF337BE700BF006F044017
:101070000000FF030000FC1F0060004000E100E0F2
:101080001C3300204E41435230B58BB0EFF3038345
:10109000103B5BB22E4AC03352F823106FF310415D
:1010A00042F82310EFF30383103B5BB2294A52F856
:1010B000235000212822684607F065FC6C6894F8EC
:1010C0004D380020DBB284F84D08ADF80430B4F898
:1010D0004218C1F30012C90638D543F02003ADF819
:1010E0000430022394F8532884F8533894F8523883
:1010F00003F01F03D2B2E11884F8532891F8202896
:1011000060F3820281F820282A68126800926946FA
:101110006A6A039328460492FFF792FDB4F84238B6
:10112000DB0611D52B681A69127D6AB193F9153067
:10113000002B09DB5A09084803F01F030121403244
:1011400001FA03F340F822300BB030BD1346DBE761
:10115000006000401C33002000E100E02DE9F04178
:101160008AB0EFF30383103B5BB23F4AC03352F8BF
:1011700023106FF3104142F82310EFF30384103C67
:101180003A4B66B2002253F82600D0E900E595F804
:10119000533885F8532895F8527807F01F07DBB2CB
:1011A00007F1200285F85338130104F0FF0455F8C5
:1011B00003C0CCF380718DF81910E958DEF81030B7
:1011C0001B7B43EAD17303F001038DF81830002B29
:1011D00046D1CCF38A4305EB021205939188C1F303
:1011E000030301F00F0108298DF81A3035D90821C1
:1011F0008DF81A1008AA002305EB071808EB030C5A
:1012000001339CF806C202F801CB8B42F6D3DEF81C
:10121000003003972F440093442387F8203800239D
:1012200007934FF48063ADF804306946436A049332
:10123000FFF706FDB5F84238DB070BD5002E09DBBA
:1012400076090B4A04F01F040123403603FA04F424
:1012500042F826400AB0BDE8F0810029CAD1D6E79D
:101260002CF06043B7E700BF006000401C33002053
:1012700000E100E070B58AB0EFF30383103B5BB28E
:10128000214AC03352F823106FF3104142F8231063
:10129000EFF30383103B1D4A5BB2012652F8235043
:1012A0006C6894F8532884F8536894F85238D2B292
:1012B00003F01F0384F853280393E2184FF40063EC
:1012C000ADF804302B681B6800936B6A049300230D
:1012D00082F82038694682F820382846FFF7B0FCAB
:1012E000B4F842389B070CD52B6893F91730002BC4
:1012F00007DB5A09064903F01F0340329E4041F8BC
:1013000022600AB070BD00BF006000401C330020A6
:1013100000E100E08268117A01F00101137AC3F361
:1013200040039942FAD143681978012908D1C1686C
:1013300093F810C004484B1E9BB240F82C10138049
:10134000F123137200207047D0320020D0E902232D
:10135000013BF1219BB2138000201172704700BF46
:101360008268117A01F00101137AC3F340039942B4
:10137000FAD143684FF0F40C002182F808C01173D1
:1013800093F9123013F1210F03D1002303601846A3
:1013900070478B421ADB5A0910B401210F4C2032DE
:1013A00003F01F0301FA03F344F82230BFF34F8F19
:1013B000BFF36F8F43680A4A93F912305DF8044B0C
:1013C00042F823000023036018467047044A42F89D
:1013D0002300002303601846704700BF00E100E0CF
:1013E0001C330020F0B40B7C03F1401303F50063C1
:1013F0001B02C0E90113EFF31085012383F310886A
:101400000C7C394AC4F10304A340D2F8084124EA11
:101410000303C2F80831D2F8083185F310888268D6
:1014200000231372137AC3F3400C9B07FAD4CC69E0
:1014300082F80AC0E37826780D7A247903F007034E
:10144000002E42D1002D47D114734C684768002606
:1014500096735372631E95729BB2C4603D7C138079
:10146000224B43F8254091F91230B34222DB4A7CEB
:1014700003F1604404F561441201D2B284F8002300
:101480001B4A1C4C42F8230003F1C0055A0954F8CA
:101490002570920002F1604266F3104744F825700F
:1014A00002F5614203F01F03012404FA03F3C2F8BA
:1014B00080311360D1E9054100230F4A0461C0E97E
:1014C00005310260F0BC18467047502E06BF43F04D
:1014D000500365463343B7E785F0020543EA051339
:1014E000DBB23546B0E700BF006F0440D0320020C9
:1014F0001C3300200060004054474100F0B585B027
:10150000EFF30383103B5BB203F1C0011B4A1C4C99
:1015100052F821006FF3104042F8210054F82340A4
:10152000D4E901120978137A0129DBB204D1F4213C
:1015300003F0F003117213722769B7B1656901AE48
:10154000CDB195E8070086E807009B0644BF00235D
:101550002B71A3692B602846B84763691BB196E8D5
:10156000070083E80700A268137ADBB203F00F03D9
:10157000137205B0F0BD3546E7E700BF00600040DC
:101580001C330020034600201A689B8A1380704792
:1015900003681B88C3F3C03300200B70704700BF83
:1015A00003681031002033F811301380704700BFFA
:1015B00043682DE9F041D1E901250C685E690368B3
:1015C0001FFA84F8A3F804801FFA82F8A3F81480A5
:1015D00022F0405C1FFA85F824F0405E25F0405769
:1015E0002243A3F808804FEA1C4C3F0C4FEA1E48E8
:1015F00012F0405FA3F80680A3F816C05F8159D1AE
:10160000CA68002A00F0988015892F0522D5D2E9F2
:1016100000C7B2F80A80A3F89050A3F89C80B2F8F3
:101620000C80A3F89E801FFA8CF8A3F89480CCF36A
:101630000B484FEA1C7CA3F8968083F892C01FFAEF
:1016400087FCA3F898C0C7F30B4C3F0FA3F89AC0D0
:1016500083F89370AF051FD40A8AA3F89050A3F8BB
:101660008020F27892B11A88BEFA8EF11FFA82FEBB
:101670002EF01F0E0EF11F0E828AAEEB010E1FFA26
:101680008EFE4EEA0202A3F800E082822B4BC0E9F4
:1016900003340020BDE8F081977C92F813C047EA3C
:1016A0000C0783F8A670D789128AA3F8A870A3F84C
:1016B000AA20D1E7224FD7F82080224F3F68C8F3F5
:1016C000026C07FA0CFCC8F302181F4F2CFA08FC36
:1016D000A7FB0C7C4FEA9C1C1C4F41F2883808FB8E
:1016E0000CFCA7FB0C7C4FEA9C4C0CF1010CBCF1F0
:1016F000070F38BF4FF0070C12F080570AD05FFA7F
:101700008CF715F0805F83F8DE7040F2011708BF98
:101710004FF48077920009D55FFA8CFC47F400778C
:10172000AA0083F8DFC048BF47F00207CA68BFB20B
:101730005F82002A7FF468AF15468DE7434441522B
:1017400000E00140A8330020D34D621083DE1B432C
:101750002DE9F8430B880C465B0222696669C9686B
:10176000026203F1804303F5B82300220360816124
:101770004460C261317962790546A0788F074FEAEB
:101780000223F17843EA403354BF43F0400343F46B
:101790008863002900F0DF8043F42073022A08BF29
:1017A000764A9BB208BF32F821C0AB8218BF4FF017
:1017B000000C2279E178707896F800E0D20342EAD2
:1017C000410242EA4010EFF31088012181F31088B2
:1017D0006B4F2288D7F80891C2F1100201FA02F289
:1017E00029EA0202C7F80821D7F8082188F31088EF
:1017F00047F6FF572A6880B23B401380A2F810C01A
:10180000D08182F80CE03379980700F1AD8082F83E
:101810008A3094F90630002B22DB227A03F16041F2
:1018200001F561411201D2B281F80023554A5649AF
:1018300042F8235003F1C0005A0951F82070920079
:1018400002F160426FF3104741F8207002F56142E7
:1018500003F01F03012101FA03F3C2F88031136082
:1018600094F90730002B22DB627A03F1604101F525
:1018700061411201D2B281F80023424A424942F842
:10188000235003F1C0005A0951F82040920002F1A0
:1018900060426FF3104441F8204002F5614203F0CA
:1018A0001F03012101FA03F3C2F88031136096F996
:1018B0000630002B22DB327A03F1604101F56141F1
:1018C0001201D2B281F800232E4A2F4942F8235048
:1018D00003F1C0005A0951F82040920002F1604221
:1018E0006FF3104441F8204002F5614203F01F03FA
:1018F000012101FA03F3C2F88031136096F9073031
:10190000002B22DB727A1F4803F1604101F561412F
:101910001201D2B281F8002340F8235003F1C00134
:10192000194A52F821006FF3104042F821005A0979
:10193000920002F1604202F5614203F01F030121AF
:1019400001FA03F3C2F880311360104BAB60002042
:101950002861BDE8F883002A7FF420AF43F40043F8
:101960009BB2AB82944624E743F0030382F88A30AB
:10197000084600F03DF92A68337948E7C4E30100DE
:10198000006F04401C33002000600040434441527B
:1019900070B40021C0E90211436893F906205C6924
:1019A0008A4211DB5309364E203302F01F0C012509
:1019B00005FA0CF546F82350BFF34F8FBFF36F8F36
:1019C000304B43F82210436893F90730002B11DBAA
:1019D0005A092B4D03F01F0C2032012101FA0CF1A2
:1019E00045F82210BFF34F8FBFF36F8F254A0021B8
:1019F00042F8231094F90630002B11DB5A09204DD0
:101A000003F01F0C2032012101FA0CF145F82210DD
:101A1000BFF34F8FBFF36F8F1A4A002142F8231094
:101A200094F90730002B10DB03F01F045A09012141
:101A3000A1402032124C44F82210BFF34F8FBFF365
:101A40006F8F104A002142F82310036800221A8287
:101A50001A80EFF31084012383F3108840680A4949
:101A60000088C0F110008340D1F808010343C1F899
:101A70000831D1F8083184F31088104670BC7047E3
:101A800000E100E01C330020006F0440064B0749D2
:101A900093F826001A6A51F820300549C2F3026211
:101AA000D3400B60704700BF00E00140600200209F
:101AB000A833002038B5434B434C444844494AF2CC
:101AC0000355A3F8FE530022424DA0F800212160E7
:101AD0004FF4004193F82600C4E90151C4E9032101
:101AE000196A626154F820203B4DC1F30261CA407B
:101AF000082009212A6083F8130483F8A21093F8C0
:101B00008024002A55D02F4B002283F8812483F8AB
:101B1000802493F8A0208AB193F83620002A3FD081
:101B2000284A92F8A030D806C3F30011F9D425480A
:101B300082F8A01090F8A030D906FBD4214B0022E7
:101B400083F8362093F83C20D207FBD501210022F0
:101B500083F8311083F82620204A1A6293F8262051
:101B600054F822001C6A194AC4F30264E040286059
:101B70004FF0040C842083F83EC083F83E004FF4FD
:101B8000254083F8D010A3F8FE03A2F80411B2F8A0
:101B900004319BB2002BFAD10123A2F8003138BDE9
:101BA00093F83C20D207BBD493F83C20D207F7D55A
:101BB000B6E7012183F8801440F2C44000F018F821
:101BC000A1E700BF00E001406002002000C001402A
:101BD000006CDC0200127A00A83300200001011022
:101BE000704700BFA0F101000028FBD1704700BF83
:101BF00030B5144D144A00FB01F14FF47A73286894
:101C0000B2FBF0F2A1FB03C44FF0FF304FF0000E27
:101C100060457EEB040407D3BCFBF2F0800878B18A
:101C2000BDE83040FFF7DEBF9200B1FBF2F1A1FB4F
:101C3000031388427EEB0303F2D308460028EFD15A
:101C400030BD00BFA833002000CA9A3B0B4B70B5D3
:101C5000B3F840510A4E0024ADB225FA04F3DB0775
:101C6000E0B203D556F8243003B198470134102C64
:101C7000F3D1024BA3F8305170BD00BF00600040AB
:101C8000D8320020084B10B4084C03F1200C584205
:101C9000C21813F8011FC032634544F82210F7D16F
:101CA0005DF8044B704700BFFAE40100006000409B
:101CB000EFF31081012383F31088124B33F81020C7
:101CC00092B22AB133F81020013A92B223F81020D0
:101CD00033F810309BB293B90B4A10B4B2F8FE330C
:101CE0000A4C9BB234F8100043F4254323EA000366
:101CF000A2F8FE3381F310885DF8044B704781F33E
:101D0000108870479C33002000E00140D0E30100C0
:101D100030B4EFF31081012383F310880E4A32F8B8
:101D200010309BB26BB90D4C0D4DB4F8FE3335F845
:101D300010C09BB243EA0C0343F425439BB2A4F8C2
:101D4000FE3332F8103001339BB222F8103081F3A9
:101D5000108830BC704700BF9C33002000E0014079
:101D6000D0E301000B4A08B50346106840B10333C5
:101D7000094923F0030303448B4204D8136008BDD0
:101D800006481060F3E706F03BFD0C2303604FF0BC
:101D9000FF3008BDA4330020007B002088430020D2
:101DA00000BE704708B500F005F8FBF717F8FEE72E
:101DB000704700BF70B5464B464A47484FF4700421
:101DC000C3F888404AF2025198600123A2F8FE133A
:101DD00082B082F81F3492F8B134DB06FBD50020C4
:101DE0004FF425460446A2F8FE63FFF7E1FFFFF734
:101DF00061FE8DF8074001209DF80730FFF788FF4E
:101E0000EFF31081012585F31088344BD3F80421BA
:101E100022F00042C3F80421D3F8042181F3108892
:101E20002F4A1168C1F300018DF807101168C1F342
:101E300000018DF807101268C2F300028DF8072028
:101E4000EFF3108185F31088D3F8042142F00042AB
:101E5000C3F80421D3F8043181F310882846FFF732
:101E600027FF2846FFF7A4FF1E4B1F499C801F4AEF
:101E70001E8099601E49D9604FF48051A2F820114C
:101E80001C481D4A9D80121A214606F07CFD1B4805
:101E90001B4A1C491C4D121A06F051FD1B4B5B1BC3
:101EA000A3424FEAA30605DD55F8043B01349847E9
:101EB000A642F9DCFFF7EAFD0220FFF779FFFFF702
:101EC000E1FE002002B0BDE87040FFF789BE00BF10
:101ED00000ED00E000E0014000400000006F044021
:101EE00000080440000D0040007B0020006000401E
:101EF000007F00207802002088430020000000209E
:101F0000600200206CE8010014020020480200205A
:101F100000220270C0E9012280F83520012280F8F9
:101F20003620DF22827770472DE9F04704464FF0D4
:101F300000081F469DF8283080F800802173037543
:101F4000089B0361099B83610B9B03620C9BDFF879
:101F50004091C0E90938FF238A4643771546002A95
:101F60003ED184F83520502005F006FC4FF6FF7373
:101F7000A0F8423000F12008DF2380F8205080F8DC
:101F8000215080F8225080F82350C0E90955C562DD
:101F9000C0E90E55C0E90C5580F8443080F8453052
:101FA00080F8405080F84150C0E91255C4F82880AC
:101FB00020222946064606F0E6FC072FA6605AD8DE
:101FC000314ABAF1020FD35D114642D099F80000B0
:101FD000002856D1002B4ED102232777D35548E055
:101FE000012A48D184F83520242005F0C5FB8378E8
:101FF00080F8008068F3020383704378C57003F0B3
:10200000F80368F306130646437080F8048080F8EE
:10201000058080F80680A0621C224146083006F048
:10202000B2FC012F666026D8184BBAF1020FDA5DB8
:10203000194602D099F8000028B1012A1BD80223C2
:102040002777CB5515E0B2B90222DA5527772570EC
:1020500011E0012BF3D92777384601F00BFC302231
:10206000816A404606F06BFC384601F003FC036BC6
:10207000A36101232370002389F800302078BDE894
:10208000F087012BDAE700BFAE330020AC3300202D
:10209000B633002038B590F8353004468BB98068E7
:1020A00008B9002038BD04F10C01FEF7FDFA054621
:1020B000A068FEF759FA0E2D01D0002DF1D10120B4
:1020C000F0E7012BEDD140680028EAD004F10C01C3
:1020D0000830FFF787F9054660680830FFF736F9E2
:1020E000E9E708B590F835303BB9806820B1FEF7D4
:1020F00035FAB0FA80F0400908BD012B06D14068DE
:102100000028F9D00830FFF705F9F2E70020F3E7DF
:1021100008B590F835303BB9806820B1FEF7F6FB82
:10212000B0FA80F0400908BD012B06D140680028B4
:10213000F9D00830FFF714F9F2E70020F3E7FFFFCA
:1021400038B50446FFF7E4FF606838B1237F0C4AD6
:1021500000252421D55405F037FB6560A56875B1CD
:10216000237F084AA86C0021D15410B1202105F02A
:102170002BFB5021284605F027FB0023A36038BD28
:10218000AC330020AE33002010B50446FFF7D8FF73
:10219000204610BD01F10C0303608B6803B12033AE
:1021A00043604B6883607047836823B118680030D0
:1021B00018BF0120704740680028FBD08068F6E710
:1021C000F0B585B004460F46014601A81546FFF755
:1021D000E1FF2046FFF7E8FF064610B12046FFF773
:1021E00097FF00F057F82A4601A900F01FF90546AD
:1021F00050B167772EB12046FFF74CFF2046FFF71E
:1022000070FF284605B0F0BDDF23A377F2E7FFFF9C
:102210000028A8BF00F160404FEA0111AEBF00F5F1
:10222000614000F00F00034BC9B2ACBF80F800134F
:102230001954704714ED00E000F1C0020A4B53F846
:1022400022106FF3104143F8221000F01F024009E2
:10225000800000F1604000F5614001239340C0F828
:1022600080310360704700BF0060004043090122D5
:1022700000F01F0002FA00F02033044A42F8230065
:10228000BFF34F8FBFF36F8F704700BF00E100E0D7
:102290007047FFFF38B50A4D2B78BFF35B8F13F003
:1022A00001040BD1284605F078FA38B1054B2846D1
:1022B0001C6005F07EFA044801F0B4FD014838BD09
:1022C000B8330020BC330020912201002AB9304BE2
:1022D000C031012243F821207047012A03D1C031C7
:1022E0002B4B0222F6E7022A03D1C031284B0322EE
:1022F000F0E7032A03D1C031254B0422EAE7042A80
:1023000003D1C031224B0522E4E7052A03D1C031B5
:102310001F4B0622DEE7062A03D1C0311C4B0722E1
:10232000D8E7072A03D1C031194B0822D2E7082A7F
:1023300003D1C031164B0922CCE7092A03D1C031A1
:10234000134B0A22C6E70A2A03D1C031104B0B22D5
:10235000C0E70B2A03D1C0310D4B0C22BAE70C2A7F
:1023600003D1C0310A4B0D22B4E70D2A03D1C0318D
:10237000074B0E22AEE70E2A03D1C031044B0F22C9
:10238000A8E70F2AA8D1C031014B1022A2E700BF55
:102390000060004032B91A4BC0315D2243F8212061
:1023A00001207047012A05D1C031154B652043F843
:1023B0002100F5E7022A03D1C031114B6D22EDE770
:1023C000032A03D1C0310E4B7522E7E7042A03D15B
:1023D000C0310B4B7D22E1E7052A03D1C031084B08
:1023E0008522DBE7062A03D1C031054B8D22D5E7D4
:1023F000072A03D1C031024B9522CFE70020704756
:102400000060004032B9C031074B1E2243F8212042
:1024100001207047012A05D1C031034B212043F828
:102420002100F5E70020704700600040F8B50E4637
:1024300001681B4B1F29054617469C682CD833683A
:1024400093F91220213201D00120F8BD7268403486
:1024500082B11A7CFFF79EFF0028F5D0326808236E
:1024600053742B689374A7B90E4A44F823200133A0
:102470002B60EAE7B2688AB11A7CFFF7C3FF002835
:10248000E2D03268082353742B6893740FB9064A5C
:10249000EBE744F82370EAE70020D6E71046D4E7DC
:1024A00000ED00E0E1090100FD1401002AB9064B2E
:1024B000C031362243F821207047012AFCD1C031B7
:1024C000014B3B22F6E700BF006000402AB9064BF3
:1024D000C031352243F821207047012AFCD1C03198
:1024E000014B3A22F6E700BF006000402AB9064BD4
:1024F000C031372243F821207047012AFCD1C03176
:10250000014B3C22F6E700BF006000402AB9064BB1
:10251000C031382243F821207047012AFCD1C03154
:10252000014B3D22F6E700BF006000402AB90C4B8A
:10253000C031992243F821207047012A03D1C031CC
:10254000074B9F22F6E7022A03D1C031044BA42295
:10255000F0E7092AF0D1C031014BA922EAE700BF18
:10256000006000402AB90C4BC031982243F821206A
:102570007047012A03D1C031074B9E22F6E7022A99
:1025800003D1C031044BA322F0E7092AF0D1C031B6
:10259000014BA822EAE700BF006000402AB90C4BBB
:1025A000C0319A2243F821207047012A03D1C0315B
:1025B000074BA022F6E7022A03D1C031044BA52223
:1025C000F0E7092AF0D1C031014BAA22EAE700BFA7
:1025D000006000402AB90C4BC0319B2243F82120F7
:1025E0007047012A03D1C031074BA122F6E7022A26
:1025F00003D1C031044BA622F0E7092AF0D1C03143
:10260000014BAB22EAE700BF006000402AB9064B4D
:10261000C031AE2243F821207047012AFCD1C031DD
:10262000014BB322F6E700BF006000402AB9064B19
:10263000C031AD2243F821207047012AFCD1C031BE
:10264000014BB222F6E700BF006000402AB9064BFA
:10265000C031B12243F821207047012AFCD1C0319A
:10266000014BB622F6E700BF006000402AB9064BD6
:10267000C031B02243F821207047012AFCD1C0317B
:10268000014BB522F6E700BF006000402DE9F84F8E
:10269000B44B9F6803681F2B0446154603D90020DE
:1026A00062B6BDE8F88F403772B6012940F09080DD
:1026B000002AF4D09368213340F0888003681268C0
:1026C0001A441F2AEBD86A68DFF8B48247F823203F
:1026D000C033332248F8232090F90000FFF7C6FDED
:1026E00094F90030C0330C2158F823206FF31042C6
:1026F00048F8232094F90000FFF78AFD94F90000C0
:10270000FFF79AFD2368AB605A1C69682260C133E9
:1027100047F82210342248F8232094F90000FFF7EC
:10272000A5FD94F90030C0330C2158F823206FF335
:10273000104248F8232094F90000FFF769FD94F94E
:102740000000FFF779FD236869685A1CC1332260D5
:1027500047F82210312248F8232094F90000FFF7AF
:1027600085FD94F90030C0330C2158F823206FF315
:10277000104248F8232094F90000FFF749FD94F92E
:102780000000FFF759FD236869685A1CC1332260B5
:1027900047F82210322248F8232094F90000FFF76E
:1027A00065FD94F90030C0330C2158F823206FF3F5
:1027B000104248F8232094F90000FFF729FD94F90E
:1027C0000000FFF739FD236801332360012067E72C
:1027D00002290DD1002A3FF462AF93682133F5D16D
:1027E0000068136818441F288CBF0020012057E799
:1027F000032911D1002A3FF452AF92F9123021334C
:10280000E4D10E2353740168574B917447F821307B
:10281000127CFFF7F7FDD6E7042949D1002A3FF4DF
:102820003EAF92F90730213331D101680B1D202BC7
:102830003FF635AF0C264D4BD171967147F82130DC
:102840001278FFF773FE0168494B0131016069722C
:102850002E7247F821302A78FFF7A0FE0168454B19
:102860000131016069712E7147F821302A78FFF734
:1028700079FE0168404B01310160AE72E97247F8A0
:1028800021302A78FFF7A6FE03680133036095F92B
:102890000700FFF7D1FC95F90900FFF7CDFC95F98A
:1028A0000500FFF7C9FC95F90B00FFF7C5FC8DE7A4
:1028B000002940F09480002A3FF4F1AE137A3BBB2C
:1028C000126892F90D3021331ED10C231373036863
:1028D00053732A4A47F82320C033294A262142F855
:1028E00023102B68686893F90D101B7B01F160427F
:1028F0001B0102F56142DBB282F80033214B43F841
:1029000021002368013323602B6893F90D00CCE785
:10291000012B39D1126892F90F3021331ED10C23CB
:1029200093730368D373154A47F82320C033144ABE
:10293000272142F823102B68686893F90F109B7BBE
:1029400001F160421B0102F56142DBB282F8003303
:102950000C4B43F821002368013323602B6893F963
:102960000F00A2E700ED00E0FD14010031E00000DF
:10297000A1E200001DE10000E1E2000039F20000E8
:10298000006000401C330020022B7FF488AE1268E8
:1029900092F9113021331ED10C2313740368537440
:1029A000A84A47F82320C033A74A282142F8231019
:1029B0002B68686893F911101B7C01F160421B01C0
:1029C00002F56142DBB282F80033A04B43F82100EC
:1029D0002368013323602B6893F9110065E705290B
:1029E00073D1002A3FF45BAE16680C23737396F91B
:1029F0000F30213348D101680B1D202B3FF64FAE1D
:102A0000F1733278DFF87882DFF84092FFF74EFDFD
:102A100090F9003008EB03024FF0C00A82F800A3DF
:102A2000016849F8236001312B680160B1731A789D
:102A3000FFF74CFD90F9003008EB030282F800A389
:102A4000016849F8236001312B68016031741A78FC
:102A5000FFF74CFD90F9003008EB030282F800A369
:102A6000016849F8236001312B68016071741A789C
:102A7000FFF74CFD90F90030984488F800A349F81E
:102A8000236003680133036096F90F00704B47F829
:102A9000203096F90E306F4A47F8232096F910300F
:102AA0006D4A47F8232096F911306C4A47F82320E5
:102AB000FFF7C2FB96F90E00FFF7BEFB96F9100078
:102AC000FFF7BAFB96F91100EFE6062956D1002A66
:102AD0003FF4E5AD16680C23737396F90F3021337C
:102AE00041D10168CB1C202B3FF6D9AD5C4BF17373
:102AF00047F821303278DFF88881DFF85091FFF70E
:102B000015FD90F9003008EB03024FF0C00A82F87F
:102B100000A3016849F823600131524B0160B17391
:102B200047F821302B681A78FFF71CFD90F9003028
:102B300008EB030282F800A3016849F82360013121
:102B4000494B0160317447F821302B681A78FFF740
:102B500025FD90F90030984488F800A349F82360D7
:102B600003680133036096F90F00FFF765FB96F9E0
:102B70000E00FFF761FB96F9100096E607294CD18D
:102B8000002A3FF48CAD556840F60C432B8295F932
:102B90000D30213320D101680B1D202B3FF67FAD76
:102BA00069732A78FFF782FC0168013101602A7895
:102BB0002973FFF78BFC0168013101602A78A97342
:102BC000FFF794FC0168013101602A78E973FFF78F
:102BD0009DFC03680133036095F90D00234B47F812
:102BE000203095F90C30224A47F8232095F90E3011
:102BF000204A47F8232095F90F301F4A47F8232031
:102C0000FFF71AFB95F90C00FFF716FB95F90E007C
:102C1000FFF712FB95F90F0047E6082932D1002A89
:102C20003FF43DAD92F9023021337FF4CFAD0C2358
:102C300053700168114B917047F821301278FFF7FB
:102C400045FBC0E5A1F20000006000401C330020FD
:102C500001020100C5000100ED020100B103010005
:102C6000B1EF000091EF000049F1000089F9000088
:102C70005DF8000031FA0000C5FA0000F10401001F
:102C800000E100E0092978D1002A3FF408AD566838
:102C900096F90230213365D101680B1D202B3FF6D8
:102CA000FEAC92F808A0AC4BD2F80090B1704FF097
:102CB000060B86F806B0524647F82130FFF7A6FC0F
:102CC000A64D96F90220B379DFF8BC82A9181B0142
:102CD000DBB281F800330168A14B48F82290013142
:102CE00001605246717086F805B047F82130FFF751
:102CF0009DFC96F901207379A9181B01DBB281F8BC
:102D000000330168974B48F8229001310160524628
:102D1000317186F808B047F82130FFF7A7FC96F923
:102D20000420337AA9181B01DBB281F80033016853
:102D30008D4B48F82290013101605246F17086F8BF
:102D400007B047F82130FFF781FC96F90320F379AB
:102D500015441B01DBB285F80033036848F8229064
:102D60000133036096F90200FFF766FA96F9010055
:102D7000FFF762FA96F9040097E50A297CD1002A48
:102D80003FF48DAC566896F90230213365D1016865
:102D90000B1D202B3FF683AC92F808A0734BD2F8A2
:102DA0000090B1704FF0060B86F806B0524647F817
:102DB0002130FFF7BBFB694D96F90220B379DFF8AC
:102DC000C881A9181B01DBB281F800330168684B88
:102DD00048F82290013101605246717086F805B0C2
:102DE00047F82130FFF7BEFB96F901207379A91847
:102DF0001B01DBB281F8003301685E4B48F822907A
:102E0000013101605246317186F808B047F821302F
:102E1000FFF7E0FB96F90420337AA9181B01DBB217
:102E200081F800330168544B48F822900131016069
:102E30005246F17086F807B047F82130FFF7AEFB35
:102E400096F90320F37915441B01DBB285F80033B2
:102E5000036848F822900133036096F90200FFF7F7
:102E6000EBF996F90100FFF7E7F996F90400FFF78F
:102E7000E3F996F9030018E50B297FF410AC002A5A
:102E80003FF40DACD2E900150C232B7595F91530E4
:102E9000213356D10368DA1C202A3FF600AC374AAA
:102EA0006B7547F823202A6822B9C033344A4A2078
:102EB00042F8230095F915002B7D324E00F1604257
:102EC00002F561421B01DBB282F8003322682E4B0F
:102ED00043F82010501C2060A87547F8206028682F
:102EE00020B9C13226484D2640F8226095F9166077
:102EF0002A7D06F1604000F561401201D2B280F8EF
:102F00000023226843F82610501C204E2060E875EC
:102F100047F82060286820B9C13219484E2640F889
:102F2000226095F917602A7D06F16040120100F5D4
:102F30006140D2B280F8002343F8261023680133A1
:102F4000236095F91500FFF777F995F91600FFF75B
:102F500073F995F91700A8E489D5000000E100E0B5
:102F6000EDD4000041D7000061D60000E5E8000084
:102F70004DE90000FDE90000C1E9000089100100F1
:102F8000006000405D1101001C330020751201003B
:102F900008B53C220021024805F0F5FC08BD00BF41
:102FA000C033002070B50024064D264655F8240095
:102FB00020B12C2104F008FC45F8246001340F2CCA
:102FC000F4D170BDC033002001207047036840F287
:102FD00013421B6A184790F83D34002BFBD0704712
:102FE000D0F82C322BB1D0F82832184490F82400B5
:102FF00070474FF0FF30704713B5044690F8A804AF
:103000008DF80710002378B184F83C34012284F84D
:103010003D340DF1070104F58860FAF7FFFB94F8E1
:103020003C34002BFBD0012002B010BD0023C0F8BF
:103030002432C0F82832C0F82C32C0F83034C0F83E
:103040003434C0F8383400F58860FAF761BC13B541
:10305000EFF3108300930123019372B6019B5A1E74
:1030600001923BB1D0F82C426846F9F737FD204673
:1030700002B010BD6846F9F731FD4FF0FF34F6E7B6
:103080000268224B53F8223013B54BB10279042A5F
:103090000CD0802A06D0022A02D1012283F83D24D6
:1030A00002B010BD012283F83C24F9E7D3F82C22AA
:1030B000B2F5007FF4D0007AEFF310820092012283
:1030C000019272B6019A013A511C1AD0D3F82C120F
:1030D000B1F5007F02F1FF3411D0D3F82412194466
:1030E00081F82400D3F824120131C1F30801C3F898
:1030F0002412D3F82C120131C3F82C12E3E7224634
:10310000E2E768460192F9F7E9FCC9E7FC330020E1
:1031100013B5EFF3108300930123019372B6019B63
:103120005A1E0192E3B1D0F82C32B3B1D0F8283254
:10313000034493F82440D0F828320133C3F3080342
:10314000C0F82832D0F82C32013BC0F82C32684647
:10315000F9F7C4FC204602B010BD4FF0FF34F6E78B
:103160006846F9F7BBFC4FF0FF34F3E738B5044687
:1031700000254FF47A70C4E90150A3611848049BFC
:10318000E361C4E90412206029464FF4007204F19F
:10319000240005F0F8FBC4F824524FF40072C4F880
:1031A00028522946C4F82C5204F50C7005F0EBFBAC
:1031B0000123C4F83054C4F83454C4F8385484F8A3
:1031C0003C3484F83D34DF2384F8A85484F8773401
:1031D00084F8793484F8753484F87B34204638BD1B
:1031E000E0E3010010B50C46FFF754F82246042135
:1031F000BDE81040FFF74ABA38B590F8A834044645
:10320000154600206BB184F83C0484F83D0404F5B5
:103210008860FAF703FB94F83C34002BFBD0284677
:1032200038BD1D46FBE7FFFFF0B50369002B85B0F5
:10323000044602DA002005B0F0BD4269002AF9DB3D
:103240008B42F7DA8A42F5DAD9B20022684602AE3A
:1032500004F022FA0122217D304604F01DFA0022FA
:103260003DF812500021AB11002D45D036F8120068
:10327000002841D036F8110083EA9017FF063BD1B1
:1032800003F01F0323620028D4D0092BD2DC15F4ED
:10329000F04F23691C4E0CBF4FF080624FF0A062CC
:1032A00036F8331010F4F04F42F4803217480CBF58
:1032B0004FF080654FF0A065FCF76EF86369134826
:1032C00036F8331045F480352A46FCF765F8A369D3
:1032D0005A1C0FD0E26901320CD036F833100B487B
:1032E0002A46FCF759F8E369084836F833102A46AD
:1032F000FCF752F801209EE701310329B4D10132D5
:10330000032AADD196E700BFB8E201008442002055
:103310002DE9F04104460E461546F9F764FD0146D5
:103320002046FFF781FF84F8A804002800F0BD8044
:1033300094F891145E4B226A6FF3010184F89114A2
:10334000192143F82240A4F8921494F890340121F2
:1033500084F895140F2103F0E70384F89C144FF6CA
:10336000FF7143F04003A4F89E14A1696FF3820338
:1033700084F8903404F592670023013184F8943482
:1033800084F89634C4F8987484F8A03405D0E169C0
:1033900001311CBF082184F8A01484F8702404F2C1
:1033A0009442C4F88C2440F213424FF6FF719542C8
:1033B00084F8A23484F8A334A4F8A414C4F888349C
:1033C000C4F88034C4F87C343ED02DD840F2114289
:1033D000954248D040F2124295424AD0354BC4F84B
:1033E000843404F58E6841462046FFF7FBFE94F8CE
:1033F000A834184084F8A80401213B4640F6B832AE
:103400003046FAF753FD94F8931429B93B4640F639
:10341000B8323046FAF74AFD04F588654146284639
:10342000FAF720FB78B3FEE740F23242954225D00E
:1034300040F2334295420FD040F231439D42CDD10C
:10344000022384F871340AE0022284F8712484F89B
:10345000723484F87334C1E7022284F8712484F84A
:1034600072340123F5E7022284F8712484F872246F
:10347000EFE7022284F871240322F7E7022384F89D
:1034800071340323EBE739462846FAF71FFA00B1F7
:10349000FEE7C4F82402C4F82802C4F82C02C4F8D9
:1034A0003004C4F83404C4F83804BDE8F08100BF27
:1034B000FC3300208130010007B54FF0FF3300934B
:1034C000002201210248FFF751FE03B05DF804FB22
:1034D000243400200148FEF71BBD00BFD038002077
:1034E0000148FEF751BE00BFD0380020F8B5094FA3
:1034F000054600240126AA6C06FA04F3134205D0FF
:1035000007EB440261B22846FEF74AF801341D2C4D
:10351000F1D1F8BD14390020837870B5044683B921
:103520000E4D2A68AAB103883BB90D48FFF7DEFFAC
:103530002B682078BDE870401847012BF8D1094866
:10354000F4E7012B05D00A2B04D1074B1B68002B95
:10355000EFD170BD0B2BFCD1044BF7E708390020ED
:1035600050390020AC3900200C39002010390020DF
:10357000F0B5044685B0002843D0002380F83230EF
:10358000C1F38415836C012707FA05F213438364A2
:1035900000F13001FEF7DCF804AE04F148012046EA
:1035A000FEF706F82046FDF7EDFF06F8047D9DF8CE
:1035B0000C30012B04D131462046FDF7E9FFF6E738
:1035C0000DF10E0229462046FDF7EAFF0E4BBDF82D
:1035D0000E0093F83330052B9CBF0C4AD2560C4B8F
:1035E0001B684FF0010101FA03F388BF002200932A
:1035F000002301FA02F2194600F004FA80B205B085
:10360000F0BD4FF0FF30FAE7503900200CE4010024
:103610001000002013B50A220C46C1B2684604F01F
:103620003BF8BDF800205AB1064B074902F4F040C0
:10363000B0F5006F0CBF18460846228002B010BDDE
:103640001046FAE7AC39002050390020F0B50126C9
:1036500080F82560C0E90F23022600F1240300252D
:1036600040F60C4780F826600186DF26032143647C
:103670004FF4C05380F8245080F8275080F8285029
:1036800080F8295080F82A6080F82B60878580F8C0
:10369000325080F8331080F8345080F8355080F87C
:1036A000366080F837600787C0E91255C0E91455C5
:1036B000A0F85850A0F85A30F0BD10B50446406D3F
:1036C00010B1142104F080F8204610BD37B50D2844
:1036D000044602A998BF0E34002321F8023D20467B
:1036E000FFF798FF074B05464FF4004133F83400CD
:1036F00000F0E0FBBDF806102846FFF739FF03B0E5
:1037000030BD00BFB8E20100042838B598BF104BA7
:10371000104C98BF1D5CA36888BF002513B12046DC
:10372000FEF736F90C4984F828500C4CA1F1300012
:10373000FEF70EF8A36813B12046FEF729F90849F1
:1037400084F82850A1F13000BDE83840FEF700B8F9
:1037500012E401005039002080390020AC390020EB
:10376000DC390020FFFFFFFF2DE9F04D3C4B93F8C3
:103770002830192B2DED028B6BD057D8012B62D03E
:10378000022B63D0374CD4ED007AF5EE407AF1EE9F
:1037900010FA48D10020FFF7B7FF052000F09AFB90
:1037A0000FF2B40BDBE900AB9FED2F8ADFF8C0808E
:1037B0000A251420FFF78AFF07EE900AF8EEE77A51
:1037C00067EE887A17EE900A04F066F952465B4677
:1037D00004F0BAF9D8F800300646012098400F46A8
:1037E00004F048F902460B463046394604F0D6FA52
:1037F000064620680F4604F04FF902460B46304655
:10380000394603F0EBFF04F097FC013D07EE900A08
:103810002060CED1F2EE046A87EEA67A052084ED10
:10382000007AFFF771FF94ED000A08E01D2B04D029
:103830001F2BA7D1B0EE040A01E0B0EE000ABDECE8
:10384000028BBDE8F08D9FED090AF8E79FED060AAF
:10385000F5E7B7EE080AF2E7295C8FC2F5A8204029
:1038600050390020083A00203D0AB73F0000C07FD1
:103870001000002030B5094B53F8144B00218C4246
:1038800007D053F8042F92F82450A84202D00131F7
:10389000F5E7002202F1080030BD00BF0C3A00201D
:1038A00038B50E4C0E4D0F48002322461946FFF73F
:1038B000CDFE002301210C48FFF7C8FE2846002456
:1038C000214640F8044B142205F05DF850222146B1
:1038D00005F1180005F057F838BD00BF1935010093
:1038E0000C3A002050390020AC39002008B50448BB
:1038F000FFF7E3FE0348BDE80840FFF7DEBE00BF68
:10390000AC3900205039002010B5074B03604B68DC
:1039100043600A7A027204461AB10931093005F08F
:103920000EF8204610BD00BFA0E0010010B50B4C02
:10393000034600F5207100221A72C3F80920C3F86B
:103940000D20C3E9004214338B42F5D1C0F8802228
:10395000C0F88422C0F8882210BD00BFA0E001009A
:1039600010B5D0F88832202B04461CD0D0F8803215
:10397000142058432318994209D04A685A600A7A99
:103980001A7222B109300931204404F0D8FFD4F86A
:103990008032013303F01F03C4F88032D4F8883238
:1039A0000133C4F8883210BD30B5D1F8883287B001
:1039B00004460D4653B9124A0372C0E90023C0F809
:1039C0000930C0F80D30204607B030BDD1F8843240
:1039D000142101FB035101A8FFF796FFD5F88432AB
:1039E000013303F01F03C5F88432D5F88832013B58
:1039F000C5F8883201A92046FFF786FFE3E700BF3C
:103A0000A0E0010010B5029C401AE41A6043521A6B
:103A100090FBF2F0184410BD2DE9F04F027D012A11
:103A200085B005460F4640F0978000214FF0FF3BE0
:103A300004460B465E4694F804C048B2BCF1000F41
:103A40007CD194F805C0BCF1000F77D1B6F1FF3FEF
:103A50001BBF01335BB201233046934201DD1A469E
:103A600083460131082904F1020465D1002402EBE8
:103A70000B03A1460293CB4502DC029B4B4560DC65
:103A80006E7995F804A04FEA26180AF00F035FFA42
:103A900088F25FEA2A1A019206F00F0677D05FFAE1
:103AA0008AF1BAF1090FCABF5731303149B23846ED
:103AB000039300F0D2F8039B0444092B8ABF03F15F
:103AC000570103F1300149B23846039300F0C5F8BD
:103AD0000444BAF1000F04D1039B13B9B8F1000FED
:103AE0000DD0019BB8F1090FD4BF03F1300803F1E9
:103AF00057084FFA88F1384600F0AFF80444092E11
:103B00008ABF573606F1300171B2384600F0A5F889
:103B1000B9F1070F044404D03A21384600F09DF86B
:103B2000044409F10109B9F1080F05F10205A2D118
:103B3000204605B0BDE8F08F06467CE74FF0FF3029
:103B40008FE7CB45EDD1BBF1000FE5D13A213846E7
:103B500000F083F80444DFE700F1100600F11309D8
:103B6000002416F8011B0A22384600F0B6F82E2170
:103B70008046384600F071F8B14540440444F0D125
:103B80000A22E97C384600F0A8F80444D0E7002B6C
:103B900093D1A3E710B5054B0360044601751022CD
:103BA0000021043004F0EFFE204610BD20E40100A7
:103BB000F8B50F461D460021084B03600446164623
:103BC00001751022043004F0DEFE9DF818302774D1
:103BD0006674A574E3742046F8BD00BF20E40100BC
:103BE00007B501210648FFF7D5FF002300931A46C9
:103BF00019460448FFF7DCFF03B05DF804FB00BF83
:103C0000743A00208C3A00202DE9F04106460D461A
:103C100001EB02080C464445A4EB050707D03368C6
:103C200014F8011B1B68304698470028F3D138462A
:103C3000BDE8F08170B50368044608460D465E682D
:103C400005F093FC2946024633462046BDE8704005
:103C5000184708B5F5F744F908BD0368C9B21B68F1
:103C60001847FFFF0149FFF7E5BF00BFDDCD0100A9
:103C700038B50546F5F734F904462846FFF7F2FF54
:103C8000204438BD70B58AB00E460AA9002301F859
:103C9000043D012A98BF0A22B6FBF2F502FB156427
:103CA000E3B264B2092CD4BF303337335BB22E4653
:103CB00001F8013D002DEFD1F5F712F90AB070BD02
:103CC00010B42AB903685DF8044B1B68C9B21847E1
:103CD000D2B25DF8044BFFF7D5BFFFF7F1BFFFFF8E
:103CE0000F4B10494AF20252A3F8FE230E4A11600C
:103CF0004FF42542A3F8FE2303F5E4231A886FF35B
:103D000004121A80BFF34F8F0849094BCA6802F4A6
:103D1000E0621343CB60BFF34F8F00BFFDE700BFEE
:103D200000E001403581730700E5014000ED00E04F
:103D30000400FA0573B50025044680F830500D22C2
:103D400068460E4603F0A8FCBDF800306363C3F379
:103D5000841203F4F043B3F5006F84F838602574DF
:103D6000E5746574A574657522750CD004F11003B3
:103D7000A361064BE361064B2362064B6362064B6D
:103D8000A362064BE362204602B070BD590A0100EF
:103D9000510B0100E10A0100ED0A01001D0B0100B9
:103DA0000E210148FFF7C6BFA43A0020042911D80C
:103DB000DFE801F0030C0A030E000022064B33F883
:103DC00030100020FBF7E8BA1022F7E70422F5E7ED
:103DD0008422F3E7704700BFB8E20100044B0A1CDD
:103DE00018BF012233F830100020FBF76FBA00BF74
:103DF000B8E20100EFF31080012383F31088064B33
:103E0000196819B9054AD1704021D1701A68013278
:103E10001A6080F31088704718330020000D0440AA
:103E20007047704700207047194A002310B59380EF
:103E300072B61849184A19480A601958D150043303
:103E4000402BFAD1164C002302F140011859C850FA
:103E50000433802BFAD1134B9A60BFF34F8F62B6B5
:103E6000FFF7C8FFF8F7CCFFFFF77EFC03F0CEFBAF
:103E70004FF4E1310C4803F09AF800F03DF8FFF7F9
:103E8000D0FFF3F74DFDFFF7CBFFF3F7EBF9FCE7BE
:103E9000000D0040E03A0020007F002000400000BC
:103EA0004040000000ED00E0C441002008B5FFF7ED
:103EB000BBFFFFFF0A4601460148FBF76DBA00BF92
:103EC00084420020024A136801331360704700BF28
:103ED0001C3B00200121FDF78BBE704770B5054CDF
:103EE0002568064623685B1BB34202D2FFF7F5FF45
:103EF000F8E770BD1C3B002030B5164B164C196A14
:103F0000164B87B0012203930323CDE9012300253B
:103F1000134B04951B68C1F302608340C1F3022177
:103F2000CB4020464FF4FA51B3FBF1F329460093FE
:103F30002B46FDF7F9FF2A4608212046FEF740F9F7
:103F40002046FEF7A7F8204607B0BDE83040FEF750
:103F5000C8B800BF00E00140E43A0020C53E0100BF
:103F6000A8330020014B1868704700BF1C3B00209D
:103F70001C4A92F91E30002B30B50DDB5909012087
:103F800003F01F0300FA03F32031174840F82130F3
:103F9000BFF34F8FBFF36F8F144B15491D680B880C
:103FA0009CB20B7A9B0604D51369B4EB530F88BF00
:103FB000013592F91E10002908DB0123480901F0A0
:103FC0001F0103FA01F1084B43F820101269531E38
:103FD0001B1B4FF47A704343B3FBF2F300FB053035
:103FE00030BD00BFE43A002000E100E01C3B0020AF
:103FF000004008400148FDF78BBF00BFE43A0020B5
:104000000148FEF7C1B800BFE43A002070B500F1E6
:1040100010050446284601F033FA3F2815D9E17807
:10402000002001F0B9FC80B1284601F029FA3F28B0
:10403000E17807D904F50A7240230020BDE87040FA
:1040400001F0C6BC002001F0B5FC002070BDFFFFF0
:1040500010B5044601F064FB08B9002010BD01F062
:1040600067FB0028F9D1044B4FF42A7202FB043499
:10407000207900F00100F1E7203B002008B5044A58
:104080004FF42A7303FB0020103001F0D1F908BD72
:10409000203B002070B54FF42A730A4C58434FF66A
:1040A000FE764FF6FF732518B24288BF1A461030CD
:1040B00092B2204401F005FA04462846FFF7A6FF15
:1040C000204670BD203B0020034A4FF42A7303FBB7
:1040D0000020103001F008BA203B00202DE9F0410B
:1040E000054601F01DFB10B90020BDE8F08101F08C
:1040F0001FFB07460028F7D14FF42A746C43174D75
:1041000004F11C062E44304601F092F90028EBD051
:1041100005EB0408384698F8021001F03DFC002831
:10412000E2D004F51A74254429464022304601F0B5
:10413000C8F998F80210044658B103462A46384692
:1041400001F046FC38B9064B1B68DB07CCD500BE36
:10415000CBE701F02FFC2046C7E700BF203B002043
:10416000F0ED00E00E4B70B54FF42A7404FB003400
:1041700005464FF6FF734FF6FE70824288BF1A461F
:104180001C3492B2204601F0D6F90646204601F0D2
:104190004FF93F2802D92846FFF7A0FF304670BDEF
:1041A000203B002008B5044A4FF42A7303FB00208B
:1041B0001C3001F065F908BD203B002013B5134CFD
:1041C0004FF42A720021204604F0DDFBFF236371C7
:1041D0004FF4E133A36008220023A381A27300936C
:1041E00004F1280101234FF4807204F1100001F062
:1041F00008F9012300934FF4807204F5947104F1DF
:104200001C0001F0FEF802B010BD00BF203B0020F2
:1042100010B50A4C00210522204604F0B4FB04F13D
:1042200010001C3401F08DF9204601F08AF9204677
:104230000121BDE8104001F089B900BF203B0020FA
:10424000F7B54B79022B074603D00024204603B074
:10425000F0BD8B79022BF8D11F4EB3787BBB8B78E6
:1042600033700D7809240D4403E02B781C44A4B26C
:104270001D446B78242B1BD19442F6D96B78042B08
:1042800012D16B790A2B0FD1144B2E780193013385
:10429000009302231A46A919384601F049FB70B170
:1042A0000E3416FA84F4A4B20B48FFF7AFFECDE744
:1042B000052BE3D12946384601F016FB28B9084BF7
:1042C0001B68DB07C1D500BEBFE7AB7873702B78E6
:1042D0001C44A4B21D44D1E7203B0020223B002017
:1042E000F0ED00E038B50B461146127802F060029E
:1042F000202A47D1244A8C881578A54242D14C788F
:10430000203C032C3ED8DFE804F002141731012BC7
:1043100005D107231D4A01F00DFF012038BD032BF5
:10432000FBD11B4B002BF8D01849002002F032FFC4
:10433000F3E7012BF1D1ECE7012B02D101F0E2FE12
:10434000EBE7032BE9D14C881471E14301F0010143
:10435000104801F0FBF8104B002BDED0C4F34002F4
:1043600004F00101002002F001FFD6E7012BE5D0A7
:10437000032BD2D1094B002BCFD049880020AFF3BB
:104380000080CAE70020C9E7203B0020283B00202E
:10439000957101003C3B00206D71010000000000A0
:1043A0002DE9F0471C46374BDA788A4280460F46A3
:1043B0001D4607D09B788B4259D1AB78BB4234D095
:1043C00001245BE003F50A7103F11000A2B201F0D1
:1043D000B2F82D4B2BB92D4BFBB92A48FFF716FE2F
:1043E000EBE795F905300133F5D005F2272606EB0A
:1043F0000409A6F2172A4E45EDD095F9052016F8C6
:10440000013F9A42F7D1504601F022F80028F2D13C
:1044100095F90510AFF30080EDE71D4801F018F89D
:104420000028DAD1AFF30080D7E71A4B13B1002090
:10443000AFF300800020FFF751FE0028C0D11648DE
:1044400000F0F6FF0028BBD1002CB9D014F03F06D5
:10445000B6D1A978404601F09FFA04460028AFD0B3
:1044600033463246A978404601F0B2FA06E00B4BDB
:104470001C6814F0010401D000BE00242046BDE8F1
:10448000F08700BF203B002000000000000000007B
:10449000303B0020000000003C3B0020F0ED00E03D
:1044A000704770478B79012B0AD1CB79012B07D14B
:1044B0000B78CA185278212A04D1C85C0930704799
:1044C0000020704709207047012973B5064614463D
:1044D0002AD1137803F01F05012D11D113F06003C9
:1044E00008D152780B2A0BD1214601F00BFE284649
:1044F00002B070BD202B03D153781BB1032B07D022
:104500000025F4E7114601F0FDFD02F0F9FDEEE7AC
:1045100006220021684604F036FA06236A46214640
:10452000304601F007FEE2E70125E0E78C2200219A
:10453000014804F028BA00BFC83D00200020FFF762
:10454000F5BFFFFF2DE9F7430E4607467379032BAE
:10455000114604D00024204603B0BDE8F083327930
:10456000C2EBC2041234A4B28C4205D9234B1B689F
:10457000DA07EFD500BEEDE7214D95F801E0A8463A
:10458000BEF1000FF2D196F800C006EB0C0191F8D5
:104590000190B9F1210FE9D1C5F8881016F80CC0C7
:1045A00005F1010E0235CDF804E00095614401F0FB
:1045B000BFF90028DAD0B37998F80210012B04BFB4
:1045C000F37988F80330012388F80430B37888F849
:1045D0000030D8F88830B3F80730A8F80630002942
:1045E000B9D04023074A384601F0F2F90028B2D189
:1045F000024B1B68DB07AED500BEACE7F0ED00E078
:10460000C83D0020103E002013782DE9F3411546E7
:1046100003F01F02012A06460C4601D000246DE07B
:10462000DFF8C081AA8898F80010D2B291424746BC
:10463000F4D113F060031FD0202BEFD16B78013B36
:104640000A2BEBD801A252F823F000BFBF460100AD
:1046500087470100934701001D4601001D460100E8
:104660001D4601001D4601001D46010019470100BD
:10467000634701009F470100012C01D001243DE068
:104680006A78062ACAD16A88120A212A0AD1D8F879
:104690008820002AC2D01378294602B0BDE8F04134
:1046A00001F048BD222AB9D1184602F0D7FDB8F86A
:1046B000063002462946304601F03CFD1EE0012C42
:1046C000DCD1EB886988402B4FEA1122184628BFBD
:1046D000402011F0FF0115D0012B13D90138384BC0
:1046E000397280B20090002002F0D2FF0444A4B2DC
:1046F0005CB9344B1B68DB0790D500BE204602B086
:10470000BDE8F0810024304BECE723462E4A2946D1
:10471000304601F00FFDB1E7012C05D1EB88402BAD
:104720003FF67CAF294AC5E7032CA7D1EB886988FF
:10473000402B4FEA1122184628BF402011F0FF01FC
:104740000DD0012B0BD997F848308B4207D1013897
:104750001F4B80B20090002002F09CFF8EE71B4BA5
:10476000F8E7012C8AD169881A4B090A79712BB1B3
:104770000020AFF3008000283FF450AF29463046B8
:1047800001F0C0FC7AE7012C7FF478AF2346124A8F
:1047900090E7012C7FF472AF2346104A8AE7012C80
:1047A000ECD0032C7FF46AAF69880D4BC9B2397124
:1047B000002B3FF463AF0020AFF300805EE700BF43
:1047C000D13D0020F0ED00E0D03D0020103E002063
:1047D000113E002000000000CD3D0020CC3D002017
:1047E00000000000C83D002037B51A4CA2788A426C
:1047F0000546607813D088420AD1174A12B90120C1
:1048000003B030BD9AB215490020AFF30080F6E73F
:10481000134B1B68DB0700D500BE0020F0E7904279
:10482000EBD000229BB211461046009304F14803DE
:1048300002F030FF402304F14802A178284601F03D
:10484000C7F80028DBD1064B1B68DA07E5D500BEA8
:10485000D6E700BFC83D002000000000D03D00208A
:10486000F0ED00E0034B43F602229A87002283F822
:104870003E2070475440002030B4104B022483F88F
:104880002C109A6B996883F8304093F83C408A1A50
:104890009A6224B942F205059D8783F83E4051B1E2
:1048A0004AB11A7BD20914BF93F82E1093F82F1037
:1048B00030BC01F0CDB830BC704700BF5440002080
:1048C00038B5144B144C054673B1607BAFF30080D0
:1048D00050B942F2077384F83E00A38728460121AD
:1048E000BDE83840FFF7C8BFA26BA36894F82F104B
:1048F0009B1AB3F5007F28BF4FF400739BB2074AA1
:10490000284601F065F820B9054B1B68DB0700D588
:1049100000BE38BD0000000054400020543E00207E
:10492000F0ED00E0F0B5254CE28AA36852BA92B2ED
:1049300087B0054612B1B3FBF2F292B2A66BD4F87F
:104940001110B6FBF2F79B1BB3F5007F28BF4FF4A5
:10495000007309BA0093607B194B02FB176239445C
:10496000F1F7ACFC031E07DAFFF77CFF01212846B4
:10497000FFF782FF07B0F0BD94F82E1010D1CDF8EC
:104980000E3007228DF8101003A81946ADF812302A
:104990008DF80C508DF80D20059300F021FFE9E70C
:1049A0009BB2074A284601F013F80028E2D1054BD4
:1049B0001B68DB07DED500BEDCE700BF54400020EB
:1049C000543E0020F0ED00E0C38A82685BBA9BB2DF
:1049D00022B9002B0CBF002002207047C17B282980
:1049E00004D1017BC90906D1022070472A2902D1CE
:1049F000017BC909F8D133B1B2FBF3F3002B14BF2B
:104A000000200220704701207047FFFF4022002154
:104A1000014803F0B8BF00BF5440002040220021ED
:104A2000014803F0B0BF00BF5440002073B54B797C
:104A3000082B054602D0002002B070BD8B79062BF2
:104A4000F9D1CB79502BF6D1162A05D8174B1B6814
:104A5000D907F0D500BEEEE7154C8B7884F82D30E1
:104A600004F12E030E78019304F12F030093022327
:104A70001A46314400F05CFF28B90C4B1B68DA077A
:104A8000D9D500BED8E7002384F8303022461F2352
:104A900094F82F10284600F09BFF20B9034B1B68A9
:104AA000DB0700D500BE1720C6E700BFF0ED00E031
:104AB000544000200129F7B50646154601D00120D3
:104AC0002EE0137803F07F02022A45D16C78012C86
:104AD00042D16A88002A3FD13B4AAB8892F83070B5
:104AE000042FDBB2154603D1194600F0B1FFE6E70B
:104AF00092F82E10994215D1022FE0D19368946B51
:104B00001B1B9362032382F830300D23203200F008
:104B10005FFF0028D3D12D4B1B68DB0751D500BEAA
:104B200003B0F0BD92F82F409C42C8D1002FC6D1EF
:104B3000214600F07FFF0028C1D12146304601F018
:104B4000A9FA0028BBD1002385F830301E4A95F819
:104B50002F101F233046DAE703F06003202B30D1FB
:104B60006B78FE2B13D0FF2B2BD16B884BBBE988C6
:104B70008AB232BB144B30469987C3E90D2283F8C1
:104B80003E20294683F8302001F0BCFA97E76B8875
:104B9000BBB9EB88012B14D18DF807300C4B1BB13E
:104BA000AFF300808DF807009DF807304BB102AAE3
:104BB000013B02F8013D29460123304601F0BAFAD3
:104BC0007DE70020ACE700BF54400020F0ED00E09E
:104BD000000000002DE9F041A64C94F83080B8F1B7
:104BE000010F8EB005461E4600F096811CD3B8F129
:104BF000030F00F0038294F83030022B18D194F8A0
:104C00002E10284601F046FA90B9A368A26B94F8DA
:104C10002E10934240F21B82207BC00900F01782C5
:104C2000284600F015FF03E094F82F308B4201D0A6
:104C3000012013E01F2E03D122688F4B9A4210D01F
:104C4000042394F82E1084F83030284600F000FF3A
:104C500094F82F10284600F0FBFE00200EB0BDE8AF
:104C6000F081864B2362A7686368E67B636200235A
:104C7000A36284F82C30C4E90D7306F0FD03012211
:104C8000282B84F8302012D12046FFF79DFE0146E4
:104C900018B12846FFF7F0FDADE7002F00F0368190
:104CA000282E40F08A812846FFF73CFEA3E79FB1FB
:104CB000237BDB0910D1B7F5007F01D90121E8E79B
:104CC0006F4ABBB200F084FE002894D16D4B1B6884
:104CD000DA07C2D500BEC1E71A2E677B00F0A380B9
:104CE00012D8032E00F0D480122E70D07EBB38462E
:104CF000F1F7C6FA002840F0058194F83C30002B0B
:104D0000DCD1FFF7AFFD22E0232E3DD0252E0FD0C2
:104D10001B2E1CD15C4B002B00F0F480E17C38464C
:104D2000C1F3400301F001020909F1F7C5FAE1E717
:104D30000DF10E0204A93846F1F7B4FA049B13B141
:104D4000BDF80E2042B994F83C30002BD9D094F82D
:104D50003C30002BB2D1C9E012BA013B1BBA06921B
:104D600005A908224648059303F0E9FD0820A36839
:104D7000002BA3D0834228BF0346414A94F82E104B
:104D800063639BB228469DE70023CDE90533079373
:104D900008238DF817300DF10E02022304A93846BE
:104DA0008DF81C30F1F77EFA049A002ACBD0BDF8BA
:104DB0000E30002BC7D012BA06925BBA0C2205A99E
:104DC0002F48ADF81E3003F0BAFD0C20CFE72422A7
:104DD000002105A803F0D7FD80238DF815300223AC
:104DE0008DF816308DF8173008221F23202107A8D0
:104DF0008DF8183003F0C7FD1022202109A803F018
:104E0000C2FD042220210DA803F0BDFD0DAB09AAAF
:104E100007A93846F1F71AFA242205A9184803F021
:104E20008EFD2420A3E703238DF814309DF816305F
:104E3000002203F0800362F3C7138DF81630134B82
:104E40008DF815208DF817208BB13846AFF3008010
:104E50009DF8163080F0010060F3C713042205A905
:104E600007488DF8163003F06AFD04207FE7012023
:104E7000EEE700BF54400020555342435553425380
:104E8000543E0020F0ED00E0B96200000000000098
:104E90001222002105A803F076FDF02394F83C20AF
:104EA0008DF814300A238DF81B304FF0000362F3A5
:104EB00003038DF8163094F83D308DF8203012221F
:104EC00094F83E3069488DF8213005A903F037FD8C
:104ED000674BFBB14FF4007264493846AFF3008072
:104EE00000239842A38784F83E3008DAA38E5F4AF5
:104EF0006049607BF1F71AFA0028FFF6DFAE002860
:104F00007FF435AFA368002B7FF4D8AE022384F87A
:104F1000303070E61220E3E7E37BA76B282B05D146
:104F2000636B3E449E42A663F0D2BCE62A2B48D176
:104F3000E28A52BA92B21AB1A368B3FBF2F292B209
:104F4000D4F81110DFF82481B7FBF2FC09BA6144F0
:104F5000607B0096434602FB1C72F1F7CBF9011E01
:104F600005DAA26B1644A663FFF77CFCA6E68E4228
:104F70001DD9761A41B1A36B324613FA81F340462C
:104F80004144A36303F0E6FC002194F82F30CDF8F0
:104F90001610072205A8ADF81A108DF814508DF8D8
:104FA00015208DF81830079600F01AFC23E6A26B46
:104FB000636B16449E42A663A8D22846FFF780FC86
:104FC00019E6237B3E44DB09A6630CD1A38E274A56
:104FD000607B04F10F01F1F7A9F9002803DA4146DB
:104FE0002846FFF749FCD4E90D329A428ED2224B73
:104FF0001B68DB077FF5FFAD00BEFCE594F82E30A3
:105000008B427FF415AE0D2E7FF412AEE37B282B7E
:1050100009D02A2B14D0194B53B104F10F01607B36
:10502000AFF3008004E0164B13B1607BAFF3008058
:10503000002384F83030134A94F82F101F23A1E680
:10504000114B002BF4D0607BAFF30080F0E79B1A8C
:10505000A362032384F830300C4A0D23284600F065
:10506000B7FC00283FF432AEE2E500BF543E00201A
:105070000000000063400020F0ED00E000000000B0
:105080000000000054400020000000007440002098
:105090000A4492B291424FEA400001D8824201DBB9
:1050A000121A92B21046704738B50D46D41A81884C
:1050B000A4B29A423CBF04EB4104A4B2BCB1A142E9
:1050C00005D2914294BF531A8B189BB243819942E7
:1050D0000AD9C2880168C2F30E0202FB03112846F6
:1050E00003F02DFC012038BD5B1A9BB2EFE7204690
:1050F000F9E7F7B50446900803460D464FF6FF76EC
:10510000013B9BB2B3420ED112F0030201EB8001CE
:1051100007D002A8002340F8043D03F010FC019BD7
:10512000236003B0F0BD55F8047B2760E8E72DE964
:10513000F3470F46BDF8281084885E1AB6B28B423A
:105140003CBF06EB4406B6B280466EB3B44206D20C
:105150009C4294BF191BE11889B2418126469642B0
:1051600028BF16468C4223D9B8F80630D8F800502C
:10517000C3F30E03641A9AB2A4B202FB01559DF860
:105180002C10A6EB040914FB03FA19FB03F90129FF
:105190001FFA8AFA1FFA89F918D0A6420BD872436F
:1051A0002946384603F0CBFB304602B0BDE8F08715
:1051B000091B89B2D6E752462946384603F0BFFBA1
:1051C0004A46D8F8001007EB0A00EBE7A64207D8DA
:1051D00016FB03F292B229463846FFF78AFFE3E74F
:1051E0002AF00304A4B2224629463846FFF781FF7D
:1051F0001AF0030A28D0CAF104039BB24B4505EB11
:10520000040102AC28BF4B460020A9EB030944F877
:10521000040D1FFA89F90A5C0255421C92450CD113
:10522000D8F8001020440B44994208D1019B3B6000
:10523000B9F1000FB8D04A46CEE71046EBE711F8B7
:10524000012B00F8012FEFE7D8F80010F0E7F7B5D1
:105250009408234605464FF6FF76013B9BB2B342C6
:105260000CD112F0030200EB840005D00B6802A9F8
:1052700041F8043D03F063FB03B0F0BD0F6845F84F
:10528000047BEAE72DE9F74F1446C2790589B0F8A7
:1052900004800F4641899B46D3090646ADB289B2C8
:1052A00015D18D4236BFC1EB4801691A491989B23F
:1052B000414536BFA8EB0101002189B28C4228BFCD
:1052C0000C46002C50D1204603B0BDE8F08F444579
:1052D0000CD3BBF1000F06D1C288A4EB0804C2F3C3
:1052E0000E0202FB04770D464446EAE78D424FEA80
:1052F000480036BF421A6A1A521992B222448242B8
:10530000DFDBA8EB040292B24046FFF7C1FE054680
:10531000D7E7ACEB080C1FFA8CFCC445F9D2A8EB1C
:105320000C01F088336889B2C0F30E00A4EB0109C8
:1053300082B211FB00FA19FB00F9BBF1010F1FFA51
:105340008AFA1FFA89F902FB0C3819D08C420DD861
:1053500062433946404603F0F2FA22462946B088B5
:10536000FFF796FE3081AEE7AC46D6E752463946A7
:10537000404603F0E4FA4A4607EB0A013068EAE7E0
:105380008C4207D814FB00F292B239464046FFF730
:105390005EFFE2E72AF0030B1FFA8BFB5A46394601
:1053A0004046FFF754FF1AF0030A28D0CAF1040060
:1053B00080B2484502AB28BF48463A6843F8042DFE
:1053C000A9EB0009D8441FFA89F90021CA5C08F842
:1053D000012001318A45F9D19A4433680AEB000172
:1053E0005A1E514506D11844B9F1000FB5D04A46AE
:1053F0003946CCE71AF801CB02F801CFF1E7306863
:10540000F2E7B2F5004F11D88280C288016063F3E1
:105410000E029DF80030C280C2F3072263F3C71268
:1054200000234381C271038101207047002070472F
:105430000389428981889BB292B2934236BFC2EB04
:1054400041029B1A9B1898B2884228BF08467047B1
:10545000028943899BB29B1A58425841704703897D
:105460004289818892B29BB2934236BFC2EB41021D
:105470009B1A9B189BB299428CBF00200120704759
:105480008288038940899BB280B2834236BFC0EBD9
:105490004200181AC01880B2824286BF101A80B229
:1054A0000020704710B5028943890446FFF7FCFDD0
:1054B0006189034682B2A088FFF7EAFD6081184641
:1054C00010BD73B5038945890026CDE90056044611
:1054D000FFF72DFE618903460246A088FFF7D8FD3D
:1054E0006081184602B070BD02894389FFF7DCBDB8
:1054F00070B5058904460E46ADB2FFF7B0FF10B196
:10550000E079C00913D0A2882B469A4210D9E288CC
:105510002068C2F30E0202FB0300314603F00FFACB
:1055200001222946A088FFF7B3FD2081012070BD2C
:105530009B1A9BB2E9E712B10023FFF7A3BE104606
:10554000704700234381038101207047C37961F3D1
:10555000C713C3710120704708B5034600890A4686
:1055600001469888FFF794FD188108BD08B50346E9
:1055700040890A4601469888FFF78AFD588108BD90
:1055800070B5058943898488ADB29BB29D4236BF10
:10559000C3EB4402EA1A521992B2944206D2AC42C8
:1055A00094BF2B1B63199BB2438122462AB9C1E9E0
:1055B00000228A6070BD2D1BADB2AC42FBD99C426B
:1055C0000AD90068AB4200EB03064E6007D2002305
:1055D0000A804B808B60EDE71B1B9BB2EFE7E31A61
:1055E0009BB2D21A0B804A808860E3E770B50289CB
:1055F0004489858892B2A4B2A24236BFC4EB450367
:10560000131B9B189BB29D4202D9EB1A9BB233B974
:105610000023C1E900338B6070BD521B92B29542EA
:10562000FBD9A5420AD90068944200EB02064E60FD
:1056300007D9A21A00230A804B80ECE7641BA4B2AE
:10564000EFE7AA1A92B29B1A0A804B808860E3E7C0
:105650000A4B1B78834206D9094B1B6800EB4000BC
:1056600003EBC0007047DA1C8242A1BFC01A054B91
:10567000182202FB0030B8BF00207047984000207D
:105680009440002024E4010070B5134D0646002428
:105690002B78E0B20333834210DA3B2200210F481B
:1056A00003F071F91022FF210D4803F06CF9142268
:1056B000FF210C48BDE8704003F065B9FFF7C8FF53
:1056C000013428B9084B1B68DB0700D500BE70BD4C
:1056D000436830469847DBE7984000209940002017
:1056E0009C400020AC400020F0ED00E070B50C467E
:1056F00005461646086800F05DFD236832462846D8
:105700000121BDE870401847044B1B7810B11846C2
:1057100000F07EBF184600F091BF00BF24000020BB
:10572000024B5878003018BF012070479940002084
:10573000024B1878C0F38000704700BF99400020EA
:10574000024B1878FF3818BF012070472400002052
:10575000F8B51B4E3278FF2A05461FD1194C1A485E
:105760003B22002103F00FF9201DFFF7EAFE174B43
:105770001C60174B23B11748AFF30080164B18601D
:10578000144F00243B78E0B20333834208DA284602
:10579000357000F079FF284600F03AFF012009E05B
:1057A000FFF756FF013430B90C4B1B6813F00103AF
:1057B00004D000BEF8BD03689847E3E71846F9E750
:1057C000240000201400002099400020D440002034
:1057D000000000009840002094400020F0ED00E020
:1057E000F0B54378023B85B005460C46032B12D832
:1057F000DFE803F0026F242C374B1A786FF30002B6
:105800001A701A7800216FF341021A7059701A78D1
:1058100061F382021A70314B1E6814B93368204656
:1058200098472946301DFFF763FE054614B93368D3
:1058300001209847002D46D005B0F0BD264B1A78C0
:10584000D607F9D51A7842F00402E3E7224A137822
:10585000D807F1D513786FF382031370DBE7FFF7F6
:10586000F7FE20B1436913B169682878984701367B
:105870003B78F0B203338342F1DA174A13785907C1
:10588000DAD513786FF3820313700023CDF8063056
:10589000CDF80A30ADF80E302B788DF804300523A2
:1058A0008DF805300D4B1D6814B92B6820469847BC
:1058B00001A9281DFFF71CFE064614B92B6801201C
:1058C0009847002EB8D1064B1B68DB07B4D500BE45
:1058D000B2E70026034FCBE799400020D4400020D8
:1058E000F0ED00E09840002038B58B7803F07F039E
:1058F000092B0C4606D90B4B1B68DB0700D500BEF5
:10590000002038BD084B1D78084B2046997801F0DF
:1059100009FB0028EFD021462846BDE8384000F0BA
:1059200001BF00BFF0ED00E02400002099400020FE
:105930002DE9F047DDE9085680460C4691469A4627
:105940000027B94501DC01200CE06378052B04D168
:10595000E17801F00301514508D00E4B1B68DA07CE
:1059600002D40020BDE8F08700BEFAE72146404699
:10597000FFF7BAFF28B9074B1B68DB07F1D500BE5C
:10598000F0E7A178CB0914BF317029702378013773
:105990001C44D6E7F0ED00E0CB0901F07F0027338F
:1059A00003EB400302480021184401F093BA00BF02
:1059B00099400020CB0901F07F00273303EB40031F
:1059C00002480021184401F09CBA00BF9940002011
:1059D00038B5154C01F07F0504EB450404EBD114F8
:1059E0002034E079C00707D5104B1B68DA0701D4D3
:1059F000002038BD00BEFBE7E5790D4845F0010504
:105A00000078E57100F074FF0028F2D1E37960F3CB
:105A10000003E371E37960F38203E371034B1B68D6
:105A2000DB07E5D500BEE4E799400020F0ED00E09B
:105A300024000020054B01F07F0203EB420303EB3F
:105A4000D11191F8270000F0010070479940002023
:105A500010B50C4C01F07F0204EB420404EBD114AE
:105A60002034E3799B070BD4074B187800F064FFD0
:105A7000E37943F00203E371E37943F00103E37157
:105A800010BD00BF994000202400002010B50C4C30
:105A900001F07F0204EB420404EBD1142034E379DB
:105AA0009B070BD5074B187800F072FFE3796FF373
:105AB0004103E371E3796FF30003E37110BD00BFAD
:105AC00099400020240000202DE9F04FBA4B1B78AC
:105AD000FF2B89B000F09982B84B1D682C4600203E
:105AE00054F8043B9847204605A9FFF7DBFC2B68D8
:105AF000044601209847002C00F087829DF815305D
:105B0000013B072B00F2AE82DFE813F00800130020
:105B1000AC028A0299021F005802A5029DF81400E7
:105B2000FFF7B2FD00F03EFBA54B9DF818209A70E0
:105B3000D2E79DF81400FFF7A7FD00F033FBA14B5F
:105B4000002BC9D0AFF30080C6E79D4C9DF81450E0
:105B5000237843F00103237094F827306FF3000398
:105B600084F8273094F827306FF3820384F82730C5
:105B700094F828306FF3000384F8283094F8283024
:105B80006FF3820384F82830002000F013FB9DF8A7
:105B9000187007F06008B8F1600F0FD18A4B1B68CE
:105BA000DC0700D500BE9DF81400002100F0C4FE03
:105BB00080219DF8140000F0BFFE8DE7B8F1400F82
:105BC0000DD182480028EED000F0F4FA06AA012197
:105BD0002846AFF3008000287FF47EAFE3E707F0AC
:105BE0001F07012F00F0938119D3022FD6D19DF802
:105BF0001C1001F07F06092ED0D804EB460606EBF8
:105C0000D116F07CFFF724FD8146B8F1000F00F0BB
:105C1000AA810028C7D006AA00F10C010FE0B8F154
:105C2000200F10D19DF81C300F2BBCD81C44E078FD
:105C3000FFF70EFD0028B6D006AA00F10C01284699
:105C4000FFF754FDC7E7B8F1000FA7D19DF8193051
:105C5000092BA3D801A252F823F000BFF75E010080
:105C6000E55E01009D5B0100D15E01009D5B0100CE
:105C7000855C0100115E01009D5B01009F5C0100DD
:105C8000B35C010006A800F09BFA9DF81A102846A4
:105C900000F0EEFC237843F0020323701CE708AA0F
:105CA000637802F80E3D012306A9284600F042FA67
:105CB00012E79DF81A906378994531D063783BB12B
:105CC000284600F0FBFDA6782846FFF7DDFCA6700D
:105CD000B9F1000F00F0968009F1FF30C0B201F079
:105CE000CBFA10B14378022B06D0374B1B68DF0785
:105CF0007FF554AF00BE51E7C2792378511161F3AB
:105D00000413921162F3451323704388C31800F102
:105D100009060293029BB34209D82D4B002B6ED18A
:105D200084F8019006A9284600F0ECF9D4E67378CF
:105D30000B2B03BF337896F80380F6184FF0010859
:105D40007378042BD1D1029B9B1B9BB2039300233E
:105D50000193204B9DF804701B780333BB4225DB75
:105D60003846FFF775FC83460028BED08368039A47
:105D7000314628469847082882463DD9039B8342EE
:105D80003AD3B8F1010F06D1DBF80820124B9A4242
:105D900008BF4FF002080022D3B2434520D331465A
:105DA0003B4652460D4801F0EDF85644094B1B782E
:105DB00003339F42AEDD98E724000020D44000204A
:105DC0009940002000000000F0ED00E0000000001D
:105DD000000000009840002041420100AC4000203B
:105DE000B1780B44A34951FA83F30132D978FF29E2
:105DF0007FF47BAFDF70CFE7019B0133A8E7AFF300
:105E000000808DE79C4B002B8AD0AFF3008087E7A2
:105E1000BDF81A00030A5A1EC0B20E2A3FF6C3AEDE
:105E200001A151F822F000BF655E01008F5E010004
:105E3000AF5E0100A75B0100A75B0100C35E01002C
:105E40008F5E0100A75B0100A75B0100A75B01005B
:105E5000A75B0100A75B0100A75B0100A75B010036
:105E60006F5E010001F0F2F9122302460AE0834B53
:105E7000002B3FF498AEAFF30080024600283FF4B9
:105E80008DAE438806A9284600F054F9A3E6022BFC
:105E900006D101F0F1F900283FF480AE4388E4E731
:105EA000774B002B3FF47FAEAFF30080F3E7BDF8F4
:105EB0001C1001F05FFB024600283FF474AE03782B
:105EC000E0E7704B002B3FF46EAEAFF30080F2E7DB
:105ED000BDF81A30012B7FF466AE237843F0080337
:105EE00023701FE7BDF81A30012B7FF45CAE2378D6
:105EF0006FF3C303F4E72378C3F340129B0803F066
:105F00000203134308AA22F80E3D0223CCE69DF8B3
:105F10001C300F2B3FF647AE1C44E078FFF798FB90
:105F200000283FF440AE00F10C0106AA2846FFF716
:105F3000DDFB00287FF4D0AD9DF8183013F060042D
:105F40007FF431AE9DF819300A3B012B3FF62BAEA2
:105F500000F030F99DF819300A2B7FF4E3AE08AA5F
:105F600002F80E4D9FE69DF81930012B03D01DD38A
:105F7000032B7FF413AEBDF81A2022B9012B28465B
:105F800019D1FFF783FDB9F1000F3FF4A5AD06AAC3
:105F900009F10C012846FFF7A9FB002000F00AF9DF
:105FA00094F82830DE073FF597ADBBE696F827302A
:105FB000C3F34003A6E7FFF74BFDE4E79DF8181095
:105FC0002C4B01F07F0403EB440303EBD11393F854
:105FD00027006FF3000083F8270093F827006FF382
:105FE000820083F827003CB9079B9DF819209DF893
:105FF000140000F0F1F86FE5D87CFFF729FB38B901
:10600000214B1B68D80700D500BE09B0BDE8F08F52
:106010000469079B9DF819209DF81400A0475BE5D3
:10602000144B1A78D1077FF557AD184A002A3FF470
:1060300053AD1878C0F3C000AFF300804CE50D4BB2
:106040001B78DA077FF548AD114B002B3FF444ADC8
:10605000AFF3008040E5069B002B3FF43DAD079871
:10606000984739E5084B1B68DB077FF535AD00BE67
:1060700032E500BF99400020000000000000000051
:106080000000000000000000F0ED00E00000000053
:1060900000000000054B01F07F0203EB420303EB1D
:1060A000D11191F82700C0F34000704799400020BB
:1060B000124B9989DA8970B58C1AA4B2054693F906
:1060C0000000402C28BF4024002809DA914212D059
:1060D00099680B48224602F032FC8021084A04E00D
:1060E00091424FF00001F9D1002223462846BDE835
:1060F0007040FFF76DBC8021F6E700BFD84000205C
:10610000EC40002030B40A4C05460A46086849684D
:10611000234603C30023C4E9023392F900209A42C4
:1061200028461A46ACBF8021194630BCFFF750BC48
:10613000D8400020F8B5194D0C4607460868496854
:10614000AA602E4603C60021E981E1888B4228BF60
:106150000B46AB8179B143B13AB9114B1B68DA07F1
:1061600001D40020F8BD00BEFBE73846FFF7A0FFD2
:1061700068B10120F6E794F90030002B0A460B467F
:106180003846ACBF80210021FFF722FCF0E7044B2A
:106190001B68DB07E5D500BEE4E700BFD840002060
:1061A000F0ED00E014220021014802F0ECBB00BF3A
:1061B000D8400020014B1861704700BFD840002034
:1061C0000146044A00684968134603C30023C2E934
:1061D00002337047D840002070B52F4C1E462378FC
:1061E000C909B1EBD31F054616D03EB12B4B1B6836
:1061F000DA0701D4002070BD00BEFBE7284B13B1C5
:106200002146AFF3008023690BB90120F3E7224A4E
:10621000032128469847F8E794F90030002B06DB65
:10622000A0680028E6D032461E4902F088FBA36829
:10623000E28933443244A360E38892B29342E2811C
:1062400001D03F2E24D823699BB994F90030002B4C
:106250004FF000031A46ACBF802119462846FFF7CD
:10626000B7FB0028D1D10D4B1B68DB07C2D500BEA0
:10627000C1E70221084A2846984701460028E4D190
:10628000284600F059FB8021284600F055FBBCE76A
:106290002846FFF70DFFE4E7D8400020F0ED00E0CE
:1062A00000000000EC40002030B503468518EC1AD1
:1062B000012C09D854086FF0010303FB042212B12A
:1062C00010F814300B7030BD33F8024B0C80EEE741
:1062D000F0B585B00F4601A915460646FFF750F9FF
:1062E000BDF804400298AC4228BF2C462D1B224624
:1062F0003946ADB2FFF7D8FF55B1BDF80630039867
:106300009D4228BF1D462A46FFF7CEFF2C44A4B26B
:1063100021463046FFF72AF905B0F0BD2DE9F843D4
:10632000174BDC8881461F4634B91C705C709C702A
:10633000DC700120BDE8F883B0F85E8008F07F08CB
:106340004445254628BF45464DB11E685B7ADB07AC
:1063500000F114012A4630460DD5FFF7B9FF454537
:1063600038BF4FF40043A4EB050438BFA9F822302E
:10637000FC800020DEE72E44FFF796FF3E60EEE74C
:106380002C41002070B50446BDF81050FAB14FF40E
:1063900084602084208C8606FCD51748467A858048
:1063A00061F300064672C580EDB10360BAB1B4F87E
:1063B0006030DB0B03D0B4F854301B060CD40F4B09
:1063C000186810F0010001D000BE002070BD0284EA
:1063D000208C8006FCD4E0E72046FFF79FFF0120D9
:1063E000A4F86000F2E70523057045708570C5705C
:1063F000A4F860300120E9E72C410020F0ED00E036
:106400002DE9F84F314E0C2303FB01630546B3F829
:1064100006800C46B8F1000F17D131B101F13702F7
:1064200035F812305904FBD404E0294B1B68D80717
:1064300000D500BE0C235C433219002333550120E4
:1064400053709370D370BDE8F88F8BB243F48062C1
:106450000285A0F86430B0F86CA01FFA8AFA2B8D80
:1064600003F00F039C42FAD16B8D9A04FCD5D04502
:10647000474628BF574687B14FF00C0B0BFB04FB78
:1064800006EB0B0305F1180153F8089B5B78DB075B
:106490003A46484613D5FFF71BFF57453CBF4FF41C
:1064A00000436B8500232B85288D10F00F00FBD156
:1064B0000C2303FB0464A8EB0707E780C3E7B94498
:1064C000FFF7F2FE46F80B90E7E700BF2C410020F3
:1064D000F0ED00E02DE9F843DFF8D4C0BDF820501E
:1064E000D7098E4602F07F020CEB07110A440446DE
:1064F00092F8781041B92D4B186810F0010001D0C6
:1065000000BE0846BDE8F8830C224A430CEB0206A5
:106510004CF8023096F80990B5806EF3000986F8C1
:106520000990F580BFB11DB1FFF76AFF0120E9E7CF
:106530008BB20385238D03F00F039942FAD1638D4B
:106540009E04FCD54FF40043638500232385238DEF
:106550001D07FCD1EAE74B1E042BE7D801F1230607
:1065600010EB8603E2D08AB200EB4101A0F8642070
:10657000B0F86C20B1F86E00800718BFA1F86E70FB
:1065800014F82600002004F8260092B2587815442A
:1065900001205870013D95FBF2F55D805A7842F07C
:1065A00002025A70A1F86E00ACE700BFF0ED00E007
:1065B0002C4100207FB50E4601A914460546FFF781
:1065C00015F8BDF80410029AA14228BF21460B46D7
:1065D00013F1FF3313D2641AA4B25CB1BDF80620E4
:1065E000944228BF1446039A234613F1FF330AD27C
:1065F000214489B22846FEF7AFFF04B070BD307861
:1066000002F8010BE4E7307802F8010BEDE7FFFF39
:10661000084B03EBC000426853B2002B08DB01219A
:1066200002F01F0201FA02F25B09034941F823203C
:10663000704700BF2800002000E100E00A4B03EB98
:10664000C000426853B2002B0DDB01215B0902F050
:106650001F0201FA02F22033044941F82320BFF35C
:106660004F8FBFF36F8F70472800002000E100E0DC
:106670007047FFFF034B53F83020138843F010039B
:10668000138070472800002038B51F4C1F4B6268EC
:1066900053F8303000F10B050121A94022EA010234
:1066A00062601A8842F480621A801A885205FCD50A
:1066B0001A886FF345121A801A886FF386121A80AF
:1066C0001A8842F001021A800522C3F8F020D3F89C
:1066D00000246FF30412C3F80024B3F85E204021B5
:1066E00061F30602A3F85E200022A3F840204FF4D5
:1066F0005D421A8601225A87DA86B3F840301B06BB
:1067000001D5FFF7B7FF38BDFC6F0440280000201B
:10671000034B53F830301A886FF304121A80704715
:10672000280000202DE9F84FCE78B1F804A006F03B
:106730000306012E8046CAF30A0A04D1BAF5807F07
:1067400006D9002060E0022E04D067D8012E70D157
:106750003F4B0CE03E4B93F82C20002A56D093F888
:106760003820002A54D093F84420002A52D01A7DB1
:10677000002A51D093F82030002B5AD10224897876
:10678000344B334A53F838704FEAD1194FEA0915A0
:106790000C2303FB042301F07F0B2A445A44197293
:1067A000404682F87840FFF749FFA3B207EB440266
:1067B000A7F864304FF44073A7F86CA0022EA2F83B
:1067C0006E304FF00003A2F86E3045EA0B0337D16C
:1067D00043F485439BB2A7F86830012303FA04F41D
:1067E000A4B284F4FF715940A7F84610F98E0C4307
:1067F000FC86B9F1000F01D1022E01D0A2F86E3053
:106800004046FFF705FF0120BDE8F88F0324B6E7F7
:106810000424B4E70524B2E70124B0E70C4B0624B6
:106820000C2202FB0430007A0028A8D001340A2C84
:10683000F7D1094B186810F00100E5D000BE80E7E1
:10684000032E0CBF43F4004343F44243C2E700BFAE
:106850002C41002028000020F0ED00E0154B70B521
:1068600053F83050144BE88E01F07F06C909090136
:106870005A183244012492F87820944020EA040007
:10688000E8869AB102F1370405EB44040020208029
:1068900094B2A5F864400C2404FB02320B44334448
:1068A000A5F8680083F87800107270BD05F16004E7
:1068B000ECE700BF280000202C410020F8B5054679
:1068C000FFF7BCFE094E0A240C27013C04D12846E0
:1068D000BDE8F840FFF79CBE07FB0463197A002966
:1068E000F3D02846FFF7BAFFEFE700BF2C410020A6
:1068F0002DE9F34198460F4B0C46174653F830608C
:106900000546FFF79BFE14F07F01CDF800803B4663
:1069100022460AD13046FFF735FD04462846FFF7E8
:1069200077FE204602B0BDE8F08100213046FFF737
:10693000D1FDF2E72800002038B5134B11F07F029B
:10694000054653F830401BD0CB09104901EB031129
:10695000114491F878309BB1373304EB43048CB188
:106960002846FFF76BFE238803F0030343F002037E
:106970002380022323802846BDE83840FFF748BE25
:106980006034ECE738BD00BF280000202C41002017
:106990001A4B2DE9F04111F07F0807460E4653F8D7
:1069A000305016D0164ACB0902EB0313434493F838
:1069B000784074B1373405EB4404ECB13846FFF746
:1069C0003DFE4FF480732380F30905D0012323801B
:1069D0000DE005F16004F0E7094B434493F878308B
:1069E000A5F86430B5F868309B0B012BEED1384622
:1069F000BDE8F041FFF70CBEBDE8F08128000020A3
:106A00002C410020C14A2DE9F04F52F83040B4F833
:106A10004070BFB2FB4363F478439BB217F4004F5E
:106A20008BB00546A4F84030904606D0B4F840300C
:106A30001E0640F1AB80FFF71DFE780413D500263B
:106A40000523012107A88DF81D30CDF81E60CDF873
:106A50002260ADF826608DF81C50FEF7C1FE238E33
:106A600066F34D332386B90416D5238E9A0413D5C5
:106A700000260323012107A88DF81D30CDF81E60E4
:106A8000CDF82260ADF826608DF81C50FEF7A8FE08
:106A9000238E66F34D332386FB040AD507F070037B
:106AA000402B7CD075D8102B00F08E80202B00F06E
:106AB000F280380534D5F90740F10F8158F83530A8
:106AC000B3F8402012072BD54FF480425A84B3F814
:106AD0005420ADF81420B3F85620ADF81620B3F8C2
:106AE0005820ADF81820B3F85A20ADF81A204FF608
:106AF000F772A3F840200023CDF81E30CDF82230E5
:106B0000ADF826300822062305A908A88DF81C50E8
:106B10008DF81D3001F013FF012107A8FEF760FE7C
:106B20007E051ED5B4F84A300026D807A4F84A607E
:106B300017D558F83500FFF7F1FB90B1744B0722D9
:106B40009B888DF81D200121802207A8CDF81E60AA
:106B5000ADF822608DF81C508DF820200993FEF7C7
:106B60003FFEF9050FD5E38EB4F84620684E13407A
:106B70000093DB439BB2A4F846304FF00C0B009B14
:106B8000002B40F0C9800BB0BDE8F08FFFF7C0FDCF
:106B900053E7602B03D0702B01D0502B89D10023F9
:106BA000CDF81E30CDF82230ADF826300121042377
:106BB00007A88DF81D308DF81C50FEF711FE238EAE
:106BC00043F40053238674E758F835600123738734
:106BD000F3864FF48043738400233385338D13F0A1
:106BE0000F03FBD1B385B28D12F00F02FBD106F17A
:106BF000700106F1900001234FF4007E4FF4807C79
:106C00001FFA83F90133062BA6F86490A6F86820D2
:106C1000A1F800E021F8022B20F804CBF0D106F116
:106C20007A0200214FF400701FFA83FC01330A2B13
:106C3000A6F864C0A6F86810108022F8021BF3D1F1
:106C400098220021324801F09EFE338903F00703A9
:106C5000022B15D0032B1CD0012B13D100220121B4
:106C6000CDF81E20CDF82220ADF826208DF81C503E
:106C70008DF81D108DF8203007A8FEF7B1FD18E73C
:106C80000023EBE7234B1B68DE077FF512AF00BE46
:106C90000FE70223E2E758F83530B3F8503013F02D
:106CA0007F033FF406AF4FF4A062ADF81630002327
:106CB000ADF814200693CDF81E30CDF82230ADF893
:106CC000263005A90623082208A88DF81C508DF847
:106CD0001D3001F034FE0121CEE717F007037FF4E9
:106CE0001FAF58F83520128CCDF81E3012F0200F4F
:106CF00014BF802200220721ADF822308DF81C50ED
:106D00008DF81D108DF82020099305E7280000203C
:106D10002C410020F0ED00E0009B58F8354093FA3C
:106D2000A3F7B7FA87F70BFB07631A7AD2090ED0DD
:106D300039462046FFF764FB002840F09B80012382
:106D400003FA07F7009B23EA0703009317E7002FD6
:106D500061D0DB880193BBB22385A4F86430B4F81A
:106D60006C309BB2228D02F00F029742FAD1628DF5
:106D70009204FCD5628DC2F30B029A4228BF1A46D8
:106D80000292DDE901218A4228BF0A4692460BFBA6
:106D90000762D2F80090BAF1000F0AD0527AD007F9
:106DA0002AD5524604F1180148460393FFF702FC26
:106DB000039B534584BF4FF48042628500222285A5
:106DC000228D1107FCD101990BFB0762A1EB0A018F
:106DD0005345D18003D8DDE901239342AFD30BFBA8
:106DE00007F100237218B9EB0300735418BF012098
:106DF00053709370D3709FE74946524612F1FF32A9
:106E000005D20BFB07F209EB0A01B150D1E7207E56
:106E100001F8010BF2E7B4F85EA0628CF388C2F3CC
:106E20000B020AF07F0A524528BF52469A4201924D
:106E300028BF1A46914652B1727A3068D20731D5CE
:106E40004A4604F114010293FFF7B4FB029BCA45C2
:106E500084BF4FF480426284A3EB0902CA45F280EA
:106E600003D8019A9A42FFF46AAF0023337073701B
:106E7000B370F3700BFB076207A89388117AD2886E
:106E80008DF81C509B1A0022CDF81E20ADF8222050
:106E90008DF82010072201218DF81D200993FEF79F
:106EA0009FFC4CE701464A4612F1FF3202D24844A9
:106EB0003060CCE794F814C001F801CBF4E700BFD0
:106EC000024B03EBC0004160704700BF2800002068
:106ED000FEF736BC037813F0010310D10278C2F339
:106EE000800262B9037813F0010308D102785307D6
:106EF00005D4037843F00403037001207047002099
:106F000070470378C3F380034BB1027812F001019C
:106F100005D1027861F382020270184670470020A2
:106F20007047FFFF8388C07800F003000228C3F396
:106F30000A0312D01BD801280DD1022940F2FF32DA
:106F400008BF4FF480629A420DD20D4B186810F0C2
:106F5000010008D000BE00207047022904D1B3F51B
:106F6000007FF2D101207047402BEED8FAE70229CA
:106F70000CBF4FF4806240229A42E6D3F2E700BF92
:106F8000F0ED00E030B50A44914200D330BD4C78BA
:106F9000052C06D18C7804F07F0500EB4505E4094B
:106FA0002B550C782144EFE70368DB691847037C15
:106FB0000BB9012303747047704713B502AB026825
:106FC00003F8011D546819460122A04702B010BD04
:106FD000007C10B10020FDF751B87047007C10B163
:106FE0000020FDF7DFB87047037C13B10020FDF7E8
:106FF00075B8704707B5007C38B10DF10701002066
:10700000FDF762F820B19DF8070003B05DF804FBBE
:107010004FF0FF30F9E7704710B504460020FDF748
:1070200017F800B9607C10BD037C07B513B94FF0A9
:10703000FF3012E0FFF7F0FF0028F8D00020FDF746
:107040001DF80028F3D001220DF107010020FDF703
:1070500021F80028EBD09DF8070003B05DF804FB91
:10706000037C2DE9F0418846174623B3FFF7D4FF90
:1070700008B30020FEF748FB3D460024FDB1002088
:10708000FDF790F830B90120FEF73EFB0020FDF738
:1070900025F8F3E7A842024608EB040128BF2A4678
:1070A0000020FDF75FF806460120FEF72DFB1EB11C
:1070B0003444AD1BEAE700242046BDE8F0813C469D
:1070C000FAE7FFFF38B5037C04460BB9002038BD52
:1070D0004FF0FF300021FEF7F7FC2046FFF79CFF42
:1070E0000028F3D0054D2C78002CF0D00A20FCF7B6
:1070F000F5FE00232B702046E9E700BF300000209A
:1071000030B5164B16494AF20252A3F8FE23154A2F
:107110008BB011604FF42542A3F8FE2306238DF8AF
:107120001430052301248DF8153005A9032301A887
:107130008DF816308DF817308DF818408DF81940FD
:10714000F5F7AAFE054601A8F5F7D2FE064B0E2D6F
:107150001C7000D1FEE70BB030BD00BF00E0014065
:107160003581730700E50140EC410020064B1970A2
:10717000064B1A70064B1B68B3F5966F02D109B91E
:10718000FCF7AEBD704700BFDC410020DD410020B0
:10719000D84100200A4A0B6813600A4A48791060F7
:1071A000094A08791060094A89791160B3F5966F28
:1071B00004D1074B1B780BB9FCF792BD704700BF99
:1071C000D8410020E8410020E4410020E0410020B7
:1071D000DC410020054B00224FF47A71C3E9012104
:1071E000034919601A745A74704700BFC4410020E3
:1071F0008CE4010010B501F1080400F00F02D3B2D5
:10720000092ACCBF3733303304F8013DA1424FEA9D
:107210001010F2D110BDFFFF08B5EFF30383103B50
:107220005BB2C033084A52F823106FF3104142F8A2
:1072300023100020FFF7E6FB00214FF0FF30BDE8F0
:107240000840FEF741BC00BF006000400248002338
:1072500003714371837170473100002007B5054801
:107260000023019310B101A8AFF3008003B05DF8D3
:1072700004FB00BF00000000014B1868704700BF0E
:10728000F04100202DE9F04FB24FD7F80080A9B0AF
:10729000B8F1000F40F058814024224641460DF1DC
:1072A0005E0001F070FB40F60833ADF85C3040F250
:1072B000012202238DF85F308DF860308DF8613047
:1072C000ADF868208DF86A3040F204528DF88B30AA
:1072D0008DF89A3040F20143ADF86C2081212422D0
:1072E000ADF876304FF409738DF86E208DF882106A
:1072F000994AADF87830082140F20253974E1C921B
:107300008DF8841007220A21ADF87A3040F2246308
:107310008DF880208DF88C108DF897209049ADF86D
:107320007C3082224FF411630125002E4FF00509B5
:1073300040F2094B4FF0030A24918DF89920ADF8E3
:1073400086304FF00E024FF4827341460DF1160065
:107350008DF894408DF89B40ADF8883014BF02241E
:107360000024ADF864B08DF874508DF881908DF8DC
:1073700083A08DF898908DF87F5001F004FBFE23D8
:107380008DF8193009238DF81D3021238DF81E301A
:107390000D238DF81F30E823002E8DF820304FF09C
:1073A00010038DF823300CBF33462B468DF8164062
:1073B0001C446C4BADF814B08DF81A508DF81B506E
:1073C0008DF81C908DF821A08DF824508DF8255053
:1073D000E4B2CDF80480002B00F0B98001A8AFF32F
:1073E0000080172200210DF1420001F0CCFA40F29A
:1073F0000133ADF8443009238DF8493021238DF84D
:107400004A3011238DF84B3042F20123ADF84E3053
:1074100040F20753ADF8523040F28333ADF85430A8
:107420000A238DF85830019B8DF842402A194FF0FD
:1074300001084FF0400940F2094A8DF85030D4B2AB
:107440001B0A152200210DF12A008DF84C808DF8C1
:107450005130ADF840A08DF8569001F094FA424BAF
:107460000B9307238DF8313005238DF83230042338
:107470008DF8333002238DF834303C4B0E93434665
:10748000DFF8EC80ADF828A08DF835908DF83C90B1
:107490008DF82A40B8F1000F00D14346002E4FF07E
:1074A000000A14BF4FF05D094FF00909002D14BF09
:1074B000192200221C44D04540F209239144ADF822
:1074C00008300CBF52461722012391448DF80D302D
:1074D000C0238DF80F304846FA238DF80EA08DF8A2
:1074E00010308DF80A908DF80BA08DF80C4001F04B
:1074F0009FF9386040B34A46514601F044FA3F686C
:10750000092202A9384601F01AFA07F1090466B106
:10751000422217A9204601F012FA122205A907F10A
:107520004B0001F00CFA07F15D042DB12046192241
:1075300010A901F004FA1934B8F1000F04D0172291
:107540000AA9204601F0FBF929B0BDE8F08F1D46DD
:1075500047E700BFF041002020010524177001001B
:107560000705020200000000020806500705840219
:107570004962000070B5204C94F900300546B3B95B
:107580001E4B1B6803F1140658692146FFF732FEB3
:1075900004F108017068FFF72DFE04F11001B068D6
:1075A000FFF728FE04F11801F068FFF723FE5DB92C
:1075B000134B40F209425A800123013310485B000B
:1075C00043F44073038070BD052D12D80D4B0C4C55
:1075D00053F825100122013911F9010F531EDBB2B6
:1075E0000028EAD024F812000132212AF4D1202305
:1075F000E3E70020E7E700BF364200209CB17F4070
:10760000F4410020B8E401007047FFFF1FB5FFF709
:107610005FFC044690BBFFF7F7FF19494AF202539B
:10762000A1F8FE33174B5A6822F400625A605A6878
:1076300022F480525A604FF42543A1F8FE3304230C
:107640000193114B02936FF020030393FAF722FE8C
:1076500001AA0121FBF71AF803992046FFF730FC35
:10766000FFF710FE2046FEF773F8F5F7BFFB074A59
:10767000B2F8CC3043F08003A2F8CC3004B010BD97
:1076800000E00140FC6F0440197201000000094055
:10769000002070477047FFFFF8B500260F460446EC
:1076A0001546068046808680F5F79DFB874216D8F2
:1076B000304901EBC70133464868F2B230F8121086
:1076C0001DB901F03E020A2A04E0012D09D101F0A2
:1076D0003E02082A0BD00A0406F10106EDD5204629
:1076E000F8BD022D08D101F03E02042AF1D15A1C46
:1076F00024F81310D3B2EEE7032D04D101F03E02BB
:10770000062AE0D1F3E7042D02D101F03A02E0E7C6
:10771000052D02D101F03A02D5E7062D03D101F083
:107720003E02102AD6E7072D05D101F03E02122AAB
:10773000DDD0182ACEE7082D03D101F03E02022A3F
:10774000C8E70A2D03D101F03E02142AC2E70B2D2F
:1077500003D101F03E021C2ABCE70C2D03D101F03D
:107760003E021A2AB6E70D2DB5D101F03E021E2ABF
:10777000B0E700BFB8E2010010B5002814BF04460E
:107780000124204601F054F830B900F015F808B98A
:1077900001F02AF88047F4E710BD0368DB0706D440
:1077A000437803B1FFDE0123437018467047002081
:1077B0007047012303607047024B1868BFF35B8F6B
:1077C000704700BF7842002000F000B801F038B8E0
:1077D00081F0004102E000BF83F0004330B54FEA82
:1077E00041044FEA430594EA050F08BF90EA020FEF
:1077F0001FBF54EA000C55EA020C7FEA645C7FEA82
:10780000655C00F0E2804FEA5454D4EB5555B8BFA4
:107810006D420CDD2C4480EA020281EA030382EA15
:10782000000083EA010180EA020281EA0303362DA7
:1078300088BF30BD11F0004F4FEA01314FF4801C7A
:107840004CEA113102D0404261EB410113F0004F8C
:107850004FEA03334CEA133302D0524263EB430343
:1078600094EA050F00F0A780A4F10104D5F1200EE1
:107870000DDB02FA0EFC22FA05F2801841F100013C
:1078800003FA0EF2801843FA05F359410EE0A5F110
:1078900020050EF1200E012A03FA0EFC28BF4CF041
:1078A000020C43FA05F3C01851EBE37101F00045F7
:1078B00007D54FF0000EDCF1000C7EEB00006EEB04
:1078C0000101B1F5801F1BD3B1F5001F0CD349088E
:1078D0005FEA30004FEA3C0C04F101044FEA4452E5
:1078E00012F5800F80F09A80BCF1004F08BF5FEA6C
:1078F000500C50F1000041EB045141EA050130BD4C
:107900005FEA4C0C404141EB010111F4801FA4F1EE
:107910000104E9D191F0000F04BF01460020B1FA43
:1079200081F308BF2033A3F10B03B3F120020CDA7B
:107930000C3208DD02F1140CC2F10C0201FA0CF059
:1079400021FA02F10CE002F11402D8BFC2F1200CBE
:1079500001FA02F120FA0CFCDCBF41EA0C01904074
:10796000E41AA2BF01EB0451294330BD6FEA0404BD
:107970001F3C1CDA0C340EDC04F11404C4F12002A8
:1079800020FA04F001FA02F340EA030021FA04F3BA
:1079900045EA030130BDC4F10C04C4F1200220FA11
:1079A00002F001FA04F340EA0300294630BD21FA4F
:1079B00004F0294630BD94F0000F83F4801306BF15
:1079C00081F480110134013D4EE77FEA645C18BF09
:1079D0007FEA655C29D094EA050F08BF90EA020FA0
:1079E00005D054EA000C04BF1946104630BD91EA98
:1079F000030F1EBF0021002030BD5FEA545C05D19B
:107A00004000494128BF41F0004130BD14F58004D9
:107A10003CBF01F5801130BD01F0004545F0FE414D
:107A200041F470014FF0000030BD7FEA645C1ABF82
:107A3000194610467FEA655C1CBF0B46024650EAB9
:107A4000013406BF52EA033591EA030F41F40021E5
:107A500030BD00BF90F0000F04BF0021704730B56B
:107A60004FF4806404F132044FF000054FF0000140
:107A700050E700BF90F0000F04BF0021704730B501
:107A80004FF4806404F1320410F0004548BF4042D6
:107A90004FF000013EE700BF42004FEAE2014FEA2B
:107AA00031014FEA02701FBF12F07F4393F07F4F06
:107AB00081F06051704732F07F4208BF704793F009
:107AC0007F4F04BF41F40021704730B54FF460741C
:107AD00001F0004521F000411CE700BF50EA01021F
:107AE00008BF704730B54FF000050AE050EA0102C8
:107AF00008BF704730B511F0004502D5404261EB38
:107B000041014FF4806404F132045FEA915C3FF478
:107B1000D8AE4FF003025FEADC0C18BF03325FEA15
:107B2000DC0C18BF033202EBDC02C2F1200300FAC6
:107B300003FC20FA02F001FA03FE40EA0E0021FAEB
:107B400002F11444BDE600BF70B54FF0FF0C4CF4D9
:107B5000E06C1CEA11541DBF1CEA135594EA0C0F8B
:107B600095EA0C0F00F0DEF82C4481EA030621EAC6
:107B70004C5123EA4C5350EA013518BF52EA033501
:107B800041F4801143F4801338D0A0FB02CE4FF0B3
:107B90000005E1FB02E506F00042E0FB03E54FF0E3
:107BA0000006E1FB03569CF0000F18BF4EF0010EDB
:107BB000A4F1FF04B6F5007F64F5407404D25FEAD7
:107BC0004E0E6D4146EB060642EAC62141EA55518A
:107BD0004FEAC52040EA5E504FEACE2EB4F1FD0CCC
:107BE00088BFBCF5E06F1ED8BEF1004F08BF5FEA4A
:107BF000500E50F1000041EB045170BD06F00046FC
:107C000046EA010140EA020081EA0301B4EB5C04A8
:107C1000C2BFD4EB0C0541EA045170BD41F48011A0
:107C20004FF0000E013C00F3AB8014F1360FDEBFC5
:107C3000002001F0004170BDC4F10004203C35DAA1
:107C40000C341BDC04F11404C4F1200500FA05F324
:107C500020FA04F001FA05F240EA020001F00042C5
:107C600021F0004110EBD37021FA04F642EB06013B
:107C70005EEA430E08BF20EAD37070BDC4F10C0465
:107C8000C4F1200500FA04F320FA05F001FA04F229
:107C900040EA020001F0004110EBD37041F1000115
:107CA0005EEA430E08BF20EAD37070BDC4F1200520
:107CB00000FA05F24EEA020E20FA04F301FA05F288
:107CC00043EA020321FA04F001F0004121FA04F230
:107CD00020EA020000EBD3705EEA430E08BF20EA00
:107CE000D37070BD94F0000F0FD101F0004640003A
:107CF00041EB010111F4801F08BF013CF7D041EABC
:107D0000060195F0000F18BF704703F000465200BF
:107D100043EB030313F4801F08BF013DF7D043EA90
:107D20000603704794EA0C0F0CEA135518BF95EA46
:107D30000C0F0CD050EA410618BF52EA4306D1D1CD
:107D400081EA030101F000414FF0000070BD50EAEC
:107D5000410606BF1046194652EA430619D094EA76
:107D60000C0F02D150EA013613D195EA0C0F05D160
:107D700052EA03361CBF104619460AD181EA0301B4
:107D800001F0004141F0FE4141F470014FF000006C
:107D900070BD41F0FE4141F4780170BD70B54FF007
:107DA000FF0C4CF4E06C1CEA11541DBF1CEA135587
:107DB00094EA0C0F95EA0C0F00F0A7F8A4EB050469
:107DC00081EA030E52EA03354FEA013100F0888060
:107DD0004FEA03334FF0805545EA131343EA126329
:107DE0004FEA022245EA111545EA10654FEA0026DE
:107DF0000EF000419D4208BF964244F1FD0404F597
:107E0000407402D25B084FEA3202B61A65EB0305F2
:107E10005B084FEA32024FF480104FF4002CB6EBAF
:107E2000020E75EB030E22BFB61A754640EA0C002F
:107E30005B084FEA3202B6EB020E75EB030E22BF6F
:107E4000B61A754640EA5C005B084FEA3202B6EBB0
:107E5000020E75EB030E22BFB61A754640EA9C006F
:107E60005B084FEA3202B6EB020E75EB030E22BF3F
:107E7000B61A754640EADC0055EA060E18D04FEAFD
:107E8000051545EA16754FEA06164FEAC30343EA9D
:107E900052734FEAC2025FEA1C1CC0D111F4801F6A
:107EA0000BD141EA00014FF000004FF0004CB6E763
:107EB00011F4801F04BF01430020B4F1FD0C88BF02
:107EC000BCF5E06F3FF6AFAEB5EB030C04BFB6EB0D
:107ED000020C5FEA500C50F1000041EB045170BD00
:107EE0000EF0004E4EEA113114EB5C04C2BFD4EB2D
:107EF0000C0541EA045170BD41F480114FF0000EB1
:107F0000013C90E645EA060E8DE60CEA135594EA2C
:107F10000C0F08BF95EA0C0F3FF43BAF94EA0C0F2F
:107F20000AD150EA01347FF434AF95EA0C0F7FF4A4
:107F300025AF104619462CE795EA0C0F06D152EAF8
:107F400003353FF4FDAE1046194622E750EA4106DC
:107F500018BF52EA43067FF4C5AE50EA41047FF4ED
:107F60000DAF52EA43057FF4EBAE12E74FF0FF3C52
:107F700006E000BF4FF0010C02E000BF4FF0010C23
:107F80004DF804CD4FEA410C7FEA6C5C4FEA430C9C
:107F900018BF7FEA6C5C1BD001B050EA410C0CBFEB
:107FA00052EA430C91EA030F02BF90EA020F00204D
:107FB000704710F1000F91EA030F58BF994208BFB4
:107FC00090422CBFD8176FEAE37040F00100704771
:107FD0004FEA410C7FEA6C5C02D150EA013C07D1C8
:107FE0004FEA430C7FEA6C5CD6D152EA033CD3D013
:107FF0005DF8040B704700BF8446104662468C460D
:108000001946634600E000BF01B5FFF7B7FF00283F
:1080100048BF10F1000F01BD4DF808EDFFF7F4FF68
:108020000CBF012000205DF808FB00BF4DF808EDF3
:10803000FFF7EAFF34BF012000205DF808FB00BF16
:108040004DF808EDFFF7E0FF94BF012000205DF838
:1080500008FB00BF4DF808EDFFF7CEFF94BF0120ED
:1080600000205DF808FB00BF4DF808EDFFF7C4FFE6
:1080700034BF012000205DF808FB00BF4FEA410C2F
:108080007FEA6C5C02D150EA013C0AD14FEA430C12
:108090007FEA6C5C02D152EA033C02D14FF000004F
:1080A00070474FF0010070474FEA410212F500128D
:1080B00015D211D56FF47873B3EB625212D94FEA2F
:1080C000C12343F0004343EA505311F0004F23FA19
:1080D00002F018BF404270474FF00000704750EA6E
:1080E000013005D111F0004008BF6FF0004070472B
:1080F0004FF00000704700BF4A0011D212F5001285
:1081000011D20DD56FF47873B3EB62520ED44FEAEF
:10811000C12343F0004343EA505323FA02F070476F
:108120004FF00000704750EA013002D14FF0FF30AD
:1081300070474FF0000070474FEA4102B2F1E04350
:1081400024BFB3F5001CDCF1FE5C0DD901F0004C3E
:108150004FEAC0024CEA5070B2F1004F40EB83008E
:1081600008BF20F00100704711F0804F21D113F1BA
:108170003872BCBF01F00040704741F480114FEAF3
:108180005252C2F11802C2F1200C10FA0CF320FA7C
:1081900002F018BF40F001004FEAC1234FEAD32399
:1081A00003FA0CFC40EA0C0023FA02F34FEA430303
:1081B000CCE77FEA625307D150EA01331EBF4FF08C
:1081C000FE4040F44000704701F0004040F0FE40A7
:1081D00040F40000704700BF7BB972B90029BEBFF0
:1081E00000204FF0004106E008BF00281CBF6FF0E0
:1081F00000414FF0FF3000F0A5B9ADF1080C6DE97A
:1082000004CE002909DB002B1ADB00F035F8DDF87D
:1082100004E0DDE9022304B07047404261EB410114
:10822000002B1BDB00F028F8DDF804E0DDE9022379
:1082300004B0404261EB4101524263EB430370479B
:10824000524263EB430300F017F8DDF804E0DDE988
:10825000022304B0404261EB41017047524263EB9C
:10826000430300F009F8DDF804E0DDE9022304B07F
:10827000524263EB430370472DE9F047089E0446E2
:108280008846002B4BD18A42154667D9B2FA82F252
:108290004AB1C2F1200701FA02F320FA07F795402C
:1082A00047EA030894404FEA154E230CB8FBFEF74B
:1082B0001FFA85FC0EFB178843EA084307FB0CF105
:1082C000994209D9EB1807F1FF3080F01B819942E0
:1082D00040F21881023F2B445B1AA4B2B3FBFEF0BC
:1082E0000EFB103344EA034400FB0CFCA44509D9FF
:1082F0002C1900F1FF3380F00781A44540F204817E
:1083000002382C4440EA0740A4EB0C0400271EB1BD
:10831000D4400023C6E900433946BDE8F0878B42CC
:1083200009D9002E00F0EB800027C6E9000138468D
:108330003946BDE8F087B3FA83F7002F47D18B4267
:1083400002D3824200F2FA80841A61EB0303012017
:108350009846002EE0D0C6E90048DDE702B9FFDE0E
:10836000B2FA82F2002A40F08F80491B4FEA154E84
:108370001FFA85F80127B1FBFEFC230C0EFB1C1134
:1083800043EA014308FB0CF1994207D9EB180CF1C1
:10839000FF3002D2994200F2CD808446591AA3B22E
:1083A000B1FBFEF00EFB101443EA044408FB00F896
:1083B000A04507D92C1900F1FF3302D2A04500F2E5
:1083C000B6801846A4EB080440EA0C409FE7C7F1CA
:1083D000200CBB4022FA0CFE4EEA030E01FA07F411
:1083E00020FA0CF521FA0CF34FEA1E482543B3FBA3
:1083F000F8F92C0C08FB19331FFA8EFA44EA0343F0
:1084000009FB0AF49C4202FA07F200FA07F10BD9C1
:108410001EEB030309F1FF3080F087809C4240F29D
:108420008480A9F1020973441B1BADB2B3FBF8F0C1
:1084300008FB103345EA034400FB0AFAA24508D9B9
:108440001EEB040400F1FF336BD2A24569D9023858
:10845000744440EA0940A0FB0289A4EB0A044C459D
:10846000C2464B4654D351D0002E69D0B1EB0A0519
:1084700064EB030404FA0CFCFD40FC404CEA0505E7
:10848000C6E90054002747E7C2F1200320FA03F7AA
:10849000954001FA02F021FA03F34FEA154E3843F2
:1084A000010CB3FBFEF71FFA85F80EFB173341EA08
:1084B000034107FB08F38B4204FA02F407D9691859
:1084C00007F1FF3C2FD28B422DD9023F2944CB1A12
:1084D00081B2B3FBFEF00EFB103341EA034100FB17
:1084E00008F38B4207D9691800F1FF3C17D28B4281
:1084F00015D902382944C91A40EA07473BE73746ED
:10850000304609E70746E7E61846FBE64145ABD2A9
:10851000B8EB020A69EB0E0201381346A4E7604685
:10852000E9E7184695E76746D1E781467CE70238D8
:108530002C4447E7ACF1020C2B442FE7384608E700
:108540003746E9E6704700BF2DE9F84355EC104B7C
:10855000C5F30A52A2F2FF33132B064619DC002B97
:1085600038DB244A42FA03F305EA030252EA040024
:1085700027D04FF0000825EA030942464B46204623
:108580002946C6E90023FFF727F941EC100BBDE8A7
:10859000F883332B0CDCA2F213424FF0FF3323FAA3
:1085A00002F212EA04071CD0A94624EA0208E4E712
:1085B000002205F0004386ED000B43EC102BBDE8D4
:1085C000F88305F00043024686ED000B43EC102BC8
:1085D000BDE8F883002205F00043C6E90023BDE8AA
:1085E000F88305F000433A4686ED000B43EC102B70
:1085F000BDE8F883FFFF0F00D0B52DED028B8AB0E8
:10860000F0EE408AB0EE608A00F056F8284B93F9FD
:108610000040631C39D0B4EE488AF1EE10FA34D62B
:10862000F4EE688AF1EE10FA2FD6B5EE408AF1EE3C
:1086300010FA2AD101231F4A009318EE900A002352
:1086400001920893FFF728FA06460F4618EE100A23
:10865000CDE90267FFF720FACDE90401CCB1002291
:10866000002310461946FFF799FB022CCDE90601BD
:1086700011D100F0C5F821230360089B9BB9DDE907
:108680000601FFF759FD00EE100A0AB0BDEC028B9F
:10869000D0BDCDE90667684600F0A4F80028E8D010
:1086A000089B002BEBD000F0ABF8089B0360E6E7DB
:1086B000430000201CE5010010EE903A33F0004129
:1086C0003DD0F0B410EE104A24F00042B2F1FF4F5A
:1086D0002FDAB1F1FF4F2CDC8A422EDB04F000468A
:1086E00032D03E48824236DDD0157F38B1F5000FDA
:1086F0005EDA0F026FF07D057F0005F1FF35FBD5D7
:1087000010F17E0F4FDBC4F3160242F4000215F1A4
:108710007E0F43DBC3F3160343F40001401B02E06A
:1087200012D05A000138531AF8B1002BF8DA52006F
:10873000F8E760EE200A80EEA00AF0BC704760EE19
:10874000200A80EEA00A7047254AF30F02EB83034C
:1087500093ED000AF1E7150236D06FF07D006D0051
:10876000002D00F1FF30FADCC0E733EA230328BF15
:108770001346002BE8D0194A934204DC5B00934275
:1087800005F1FF35FADD15F17E0F14DA6FF07D0289
:10879000551B2B41334300EE103ACEE76FF07D03BB
:1087A0005B1B9940BAE76FF07D04241AA240AEE744
:1087B000CD157F3DA4E7A3F5000333437F3543EA9E
:1087C000C55300EE103AB8E7814204DDCD157F3D78
:1087D0006FF07D0097E76FF07D008AE7FFFF7F0075
:1087E00024E501000020704708B5062000F010FEC7
:1087F000012004F05DF90A22002101F007BEFFFF0D
:10880000014B1868704700BF44000020D0F8EC000E
:108810007047FFFF044B054A1B681B6A002B08BF0B
:108820001346D3F8EC00704744000020A800002055
:10883000024B0146186800F0FDB800BF440000205C
:10884000024B0146186800F0A7B800BF44000020A2
:1088500082B001B901A942B14BB113780B60127813
:10886000101C18BF012002B070471046FBE76FF0E4
:108870000100F8E7FFFFFFFFFFFFFFFFFFFFFFFF24
:1088800001F0FF01102A2BDB10F0070F08D010F8C1
:10889000013B013A8B422DD010F0070F42B3F6D1C5
:1088A000F0B441EA012141EA014122F007047FF0DE
:1088B00000070023F0E80256083C85EA010586EA35
:1088C000010685FA47F5A3FA87F586FA47F6A5FA71
:1088D00087F68EB9EED1F0BC01F0FF0102F007027D
:1088E00032B110F8013B013A83EA010313B1F8D128
:1088F0000020704701387047002D06BF3546033809
:10890000073815F0010F07D1013015F4807F02BF41
:10891000013015F4C03F0130F0BC0138704700BF92
:1089200030B50024A24201D1002007E0035D0134EC
:108930000D1915F8015CAB42F4D0581B30BD10B5D1
:10894000431E0A44914200D110BD11F8014B03F8B7
:10895000014FF7E7884210B501EB020307D8421E2A
:1089600099420AD011F8014B02F8014FF8E783420F
:10897000F5D98118D21AD34200D110BD13F8014D98
:1089800001F8014DF7E702440346934200D17047D6
:1089900003F8011BF9E7FFFF38B50546002945D06C
:1089A00051F8043C0C1F002BB8BFE41802F06EFF16
:1089B0001F4A1368104633B9636014602846BDE847
:1089C000384002F064BFA3420CD921686218934278
:1089D00004BF1A685B68636004BF521822600460B9
:1089E000ECE713465A680AB1A242FAD91968581836
:1089F000A0420BD120680144581882421960DDD191
:108A0000106852685A6001441960D7E702D90C23F4
:108A10002B60D3E7206821188A4204BF116852688E
:108A2000626004BF091821605C60C7E738BD00BF01
:108A30007C42002070B5CD1C25F0030508350C2DB7
:108A400038BF0C25002D064601DBA94203D90C23B3
:108A50003360002070BD02F019FF214A14682146DE
:108A600091B9204C23681BB9304600F099FC206076
:108A70002946304600F094FC431C24D10C2333607B
:108A8000304602F004FFE4E70B685B1B18D40B2BA5
:108A90000FD90B60CD50CC18304602F0F8FE04F12F
:108AA0000B00231D20F00700C31AD3D05A42E25016
:108AB000D0E78C424B6816BF636013600C46EBE74F
:108AC0000C464968CCE7C41C24F00304A04205D03E
:108AD000211A304600F064FC0130CFD02560DBE77E
:108AE0007C420020804200202DE9FF4755EC104BCE
:108AF0000D9FDDF830A0002D0E4691461946B8BFF7
:108B000022462B4627F02007BBBF05F100431D4638
:108B100000232D23B8BF1446462F0B7004D0452FD9
:108B200000D10136022100E0032103AB019302AB27
:108B300000933246534645EC104B01F0B9FD472FE8
:108B4000804602D119F0010F26D0462F08EB060906
:108B500011D198F80030302B0AD100220023204692
:108B60002946FFF759FA18B9C6F10106CAF800609C
:108B7000DAF8003099440022002320462946FFF706
:108B80004BFA38B93022039B4B4505D2591C03914F
:108B90001A70F8E7CDF80C90039B0E9AA3EB08032C
:108BA0004046136004B0BDE8F087F7B500290446DD
:108BB000BABF49422D232B23092904F8022B437005
:108BC00020DD0DF107031F460A2691FBF6F506FB93
:108BD00015113031092D03F8011C03F1FF3229462C
:108BE00009DC3031023B02F8011CBB42224604D3AF
:108BF000101A03B0F0BD1346E7E713F8012B04F891
:108C0000012BF2E7302319448370021DC170EFE796
:108C10002DE9F04F8DB00C46DDF8588016461F4602
:108C2000054602F025FE03680493184600F09DFCFB
:108C300000230A93D8F800300590073323F0070388
:108C400003F1080294F818A0D4F800B0C8F8002086
:108C5000D3E90023C4E91223D4E9128929F000439F
:108C60000793CDF818804FF0FF32A74BDDE90601DE
:108C7000FFF704FA70BB4FF0FF32A34BDDE90601AA
:108C8000FFF7DEF930BB0022002340464946FFF7DC
:108C9000CDF910B12D2384F843309C4A9C4BBAF196
:108CA000470F8CBF9046984603232BF004022361A4
:108CB00022604FF00009009733460BAA2146284650
:108CC00000F0E6F9013040F08D804FF0FF300DB03C
:108CD000BDE8F08F42464B4640464946FFF7CEF985
:108CE00010B18C4A8C4BDAE761684B1C4BF4806204
:108CF0000AA83ED1062363600023CDE9020309AB35
:108D0000009349EC108B0DF123032260CDF804A0F1
:108D100061682846FFF7E8FE0AF0DF03472B80462C
:108D200009D1099BD81C02DB6268934247DDAAF196
:108D3000020A5FFA8AFABAF1650F099924D8013953
:108D4000524604F150000991FFF72FFF0A9A1318B9
:108D5000012A8146236102DC2268D10701D5013353
:108D600023619DF82330002BA5D02D2384F84330B8
:108D7000A1E7BAF1670F00F07781BAF1470FBBD1D5
:108D80000029B9D10123B6E7BAF1660F19D100293C
:108D900063680CDD216113B92268D20702D5013363
:108DA0000B442361099BA3654FF00009D9E713B970
:108DB0002268D00701D50233F3E70123F1E74FF032
:108DC000670ADDE90932934205DB22682361D10796
:108DD000E8D50133E5E7002BD4BFC3F1020301233B
:108DE0001344DEE723685A0507D423694246314617
:108DF0002846B84701302BD167E7BAF1650F40F23A
:108E0000DC8000220023D4E91201FFF705F90028D5
:108E100033D00123414A31462846B84701303FF458
:108E200054AFDDE909239A4202DB2368D8070FD546
:108E3000DDE9042331462846B84701303FF445AF09
:108E40004FF0000804F11A090A9B013B434509DC75
:108E500023689B0700F10381E0680B9B9842B8BF31
:108E6000184634E701234A4631462846B8470130C0
:108E70003FF42BAF08F10108E6E7099B002B2BDC40
:108E80000123264A31462846B84701303FF41DAF3A
:108E9000099B23B90A9B13B92368D907D8D5DDE903
:108EA000042331462846B84701303FF40EAF4FF057
:108EB000000904F11A0A099B5B424B4501DC0A9B3D
:108EC00094E70123524631462846B84701303FF423
:108ED000FCAE09F10109EEE70A9AA36D9A42A8BF18
:108EE0001A46002A914607DD134631464246284677
:108EF000B84701303FF4E9AE04F11A034FF0000B1C
:108F000029EAE979069315E0FFFFEF7F3AE50100D2
:108F100036E5010042E501003EE501005AE80100A6
:108F20000123069A31462846B84701303FF4CDAEBA
:108F30000BF1010BD4F858A0AAEB09035B45EFDC59
:108F4000DDE909239A42D04415DB2368DA0712D4FD
:108F50000A9B0999A3EB0A02A3EB010A9245A8BF59
:108F60009246BAF1000F0EDC4FF000082AEAEA7AC6
:108F700004F11A0919E0DDE9042331462846B8470F
:108F80000130E5D1A1E65346424631462846B8476E
:108F90000130E9D199E601234A4631462846B847CF
:108FA00001303FF492AE08F10108DDE909239B1A74
:108FB000A3EB0A034345EEDC4AE70A9A012A01DCE7
:108FC000DB073AD50123424631462846B8470130EF
:108FD0003FF47BAEDDE9042331462846B847013033
:108FE00008F101083FF471AE0A9B002203F1FF3A39
:108FF000D4E912010023FFF70FF8C8B953464246DF
:1090000031462846B84701300ED15EE6012352466C
:1090100031462846B84701303FF457AE08F1010801
:109020000A9B013B4345F1DC4B4604F15002DEE66E
:109030004FF0000804F11A0AF2E70123DFE70123E9
:109040004A4631462846B84701303FF43EAE08F163
:109050000108E3680B9A9B1A4345F0DCFCE64FF0ED
:10906000000804F11909F4E700293FF48BAE00234E
:10907000CDE9020309AB009349EC108B2260CDF8D7
:1090800004A00DF123032846FFF72EFD804648E695
:109090002DE9F04791461F468A680B69DDF820806C
:1090A0009342B8BF1346C9F8003091F843200646F2
:1090B0000C4612B10133C9F800302368990642BF4B
:1090C000D9F800300233C9F80030256815F00605DC
:1090D00007D104F1190AE368D9F800209B1AAB42C2
:1090E00028DC94F843302268003318BF012392062D
:1090F0002DD404F1430239463046C047013020D018
:109100002368E568D9F8002003F00603042B08BFA4
:10911000AD1AA36822690CBF25EAE57500259342C4
:10912000C4BF9B1AED184FF000091A344D451AD1EF
:10913000002008E00123524639463046C04701303E
:1091400003D14FF0FF30BDE8F0870135C3E7E118E8
:109150005A1C302081F84300224494F8451082F8CC
:1091600043100233C5E70123224639463046C04743
:109170000130E6D009F10109D8E7FFFF2DE9F043FE
:1091800001F1430C0C46097E85B06E291746064650
:1091900098460C9A00F0B38022D8632936D00AD8BA
:1091A000002900F0B980582900F0838004F14205BD
:1091B00084F8421032E0642901D06929F6D1206890
:1091C0001368050603F104012AD51B681160002B02
:1091D00003DA2D225B4284F843206F480A2239E0EB
:1091E000732900F09D8008D86F2920D07029DDD127
:1091F000236843F02003236003E0752917D0782902
:10920000D4D1782384F84530644855E01368191D9B
:109210001B68116004F1420584F8423001238CE0A0
:109220001B68116010F0400F18BF1BB2CFE7136826
:109230002568181D1060280601D51B6802E0680625
:10924000FBD51B8854486F2914BF0A22082200212D
:1092500084F843106568A560002DC0F295802168F0
:1092600021F004012160002B3DD1002D40F08E80C3
:109270006546082A0BD12368DB0708D52369626895
:109280009A42DEBF302305F8013C05F1FF35ACEB17
:1092900005032361CDF800803B4603AA21463046F2
:1092A000FFF7F6FE01304DD14FF0FF3005B0BDE8BD
:1092B000F083394884F84510136821681D1D1B6828
:1092C00015600A060BD5CA0744BF41F02001216092
:1092D0001BB9226822F0200222601022B7E74D0657
:1092E00048BF9BB2EFE76546B3FBF2F102FB1133D7
:1092F000C35C05F8013D0B460029F5D1B9E71368B9
:1093000025686169181D106028061B6801D5196061
:1093100002E06A06FBD51980002323616546B9E7A0
:109320001368191D11601D68626800212846FFF747
:10933000A7FA08B1401B606063682361002384F8CA
:109340004330A7E723692A4639463046C0470130F3
:10935000AAD023689B0713D4E068039B9842B8BF48
:109360001846A3E701234A4639463046C047013034
:109370009AD00135E368039A9B1AAB42F2DCEBE723
:10938000002504F11909F5E7002BACD1037884F826
:10939000423004F142056CE746E5010057E5010063
:1093A00038B5064C0023054608462360F8F7DAFC7A
:1093B000431C02D1236803B12B6038BD84430020D5
:1093C0001F2938B504460D4604D9162303604FF013
:1093D000FF3038BD426C12B152F821304BB92046F3
:1093E00000F030F82A4601462046BDE8384000F03B
:1093F00017B8012B0AD0591C03D116230360012092
:10940000E7E7002442F82540284698470020E0E797
:10941000024B01461868FFF7D3BF00BF440000208D
:1094200038B5074C0023054608461146236003F073
:1094300037FB431C02D1236803B12B6038BD00BF4A
:109440008443002003F024BB0CB430B5174B0C1E32
:109450009DB01D6808DA8B232B604FF0FF301DB0E4
:10946000BDE8304002B070474FF40273ADF81430DD
:1094700014BF04F1FF332346049307934FF6FF73A1
:1094800002900690ADF81630209A21AB02A928462A
:10949000019302F08BFE431CBCBF8B232B60002C7E
:1094A000DDD0029B00221A70D9E700BF44000020E3
:1094B0000EB430B59CB01FAC4FF4017254F8045B8D
:1094C000ADF814200290069000F04FF80B4B03907B
:1094D00007900B930A48019400230F9314934FF6BF
:1094E000FF73ADF816302A46234602A9006802F041
:1094F000ADFF1CB0BDE8304003B0704705950100DA
:109500004400002000207047C9B2034610F8012B28
:109510001AB18A42F9D118467047002918BF0023B2
:10952000F9E710F8012B11F8013B012A28BF9A42F4
:10953000F7D0D01A7047034611F8012B03F8012B1E
:10954000002AF9D1704770B503461A4612F8015B3C
:109550004DB14C1E01E0AE4205D014F8016F002E53
:10956000F9D11346F1E7181A70BD034613F8012B21
:10957000002AFBD1181A0138704730B503461C7811
:109580005D1C44B912F1FF3204D311F8014B03F80A
:10959000014B14B930BD2B46F1E7002AF2D11A7005
:1095A000F0E710B56AB10139841810F8013B11F8E1
:1095B000012F934203D1A04201D0002BF5D1981A7C
:1095C00010BD1046FCE770B50139044602B970BD04
:1095D000234611F8015F03F8015B561E2DB91444B0
:1095E000A342F4D003F8015BFAE71C463246EDE7EC
:1095F000F0B503787BB1044623782046661C7BB126
:109600004A1E631E12F8015F4DB113F8017FAF428D
:109610003446F7D0F0E70B78002B18BF0020F0BDE0
:109620001846FCE770B504460D4645EC104B16464F
:1096300002F0FAFB51EC100B7EB1C5F30A53C3F1F3
:109640006B03002B09DD1B0503F17F55002405F595
:10965000401522462B46FEF777FA70BDFFFFFFFF4D
:109660002DE9F04F1F46A1B00023814638460E4633
:1096700017921C9302F0FAF880460068FFF775FF16
:109680004FF0000A04464FF0000B1B961B9B1A7804
:109690000D2A32D8092A36D2002A3ED000230D9353
:1096A0001B9D2B78302B40F0AC806B78582B01D071
:1096B000782B67D10D9B01931CAB009302971DABD8
:1096C000884A1BA9484601F0FAFD10F00704064637
:1096D00005D0062C2BD1013500231B950D93179B2C
:1096E000002B40F09A850D9BE3B152460BF10043ED
:1096F00043EC102B21B0BDE8F08F2B2A15D02D2A7A
:1097000004D0202ACAD101331B93BFE701220D9256
:109710005A1C1B925B78002BC2D1179B1B96002B07
:1097200040F0798552465B46E2E70022EFE71C9A5B
:109730003AB135211EA802F06FFC1C99484602F090
:10974000DBF8013C042C06D8DFE804F00A03141708
:109750000A00DDE91EAB3007C1D54BF0004BBEE778
:10976000DDE91EA31D9A23F4801302F2334243EA7B
:10977000025BF0E7DFF870B1EDE76FF0004B4FF000
:10978000FF3AE8E71B9B5A1C1B925B78302BF9D001
:10979000002BA4D00123002506931B9B089307955B
:1097A00005950A221B980778A7F13003D9B2092939
:1097B00029D92246D8F80010FFF7F3FE002831D04F
:1097C0000020059C04903B460246652B01D0452BAA
:1097D00014D124B910B9069B002B9ED000241B9EE7
:1097E000731C1B9373782B2B78D02D2B70D04FF0DC
:1097F000000CA3F13007092F7CD91B964FF0000E07
:109800009AE00023C7E705990829DDBF079902FB05
:109810000133079302FB0535059B013001330593A6
:109820001B90BFE71B9B1A191B92059A1B5D002A10
:1098300037D0059C0246A3F13001092913D9012133
:109840000491C2E71B9B5A1C1B925B780130302BA2
:10985000F8D0A3F13102082A00F2E4841B9A08929E
:10986000024600200446B3F1300E00F1010112D08F
:109870000A4400EB040C21460A278C4513D1211819
:10988000082904F10104044419DC079B0A2101FBA7
:1098900003E3079300211B9B581C1B905B78084631
:1098A000C9E70598D3E7082901F1010103DC079B0B
:1098B0007B430793E1E71029D8BF7D43DDE7102CF8
:1098C000DCBF0A2101FB05E5E4E70123049381E7FE
:1098D0004FF0010CB31C1B93B3788AE74FF0000CD8
:1098E000F8E700BF68E501000000F07F1B9B5F1CEC
:1098F0001B975B78302BF9D0A3F13107082F3FF687
:109900007DAFA3F1300E1B9B0A931B9B5F1C1B9723
:109910005B78A3F13008B8F1090F37D90A997F1A9B
:10992000082F44F61F6737DCBE45A8BFBE46BCF112
:10993000000F01D0CEF1000E002C51D100287FF491
:10994000CEAE069A002A7FF4CAAE049A002A7FF4AB
:10995000E4AE4E2B27D021DC492B7FF4DEAEA049AC
:109960001BA801F0DFFE00283FF4D7AE1B9B9D49EA
:10997000013B1BA81B9301F0D5FE10B91B9B0133C3
:109980001B93DFF874B24FF0000AA8E60A2101FB2E
:109990000E3EAEF1300EB8E7BE46C8E7692BDED00A
:1099A0006E2B7FF4BAAE90491BA801F0BBFE0028D5
:1099B0003FF4B3AE1B9B1B78282B0ED11EAA8B49FC
:1099C0001BA801F0C3FE052807D11F9BDDF878A076
:1099D00043F0FF4B4BF4E00B81E6DFF824B2D2E713
:1099E000AEEB02030693059B0798002B08BF2346A6
:1099F000102C0593A046A8BF4FF01008FEF72AF8D8
:109A0000092C82468B4613DC069B002B3FF467AE85
:109A1000069B7ADD162B61DC754A02EBC30EDEE98C
:109A2000000152465B46FEF78FF882468B4656E6AB
:109A30006F4B03EBC80353E91223FEF785F8064684
:109A400028460F46FEF706F802460B4630463946D2
:109A5000FDF7C4FE0F2C82468B46D5DD069BA4EB9A
:109A600008089844B8F1000F40F3968018F00F03EF
:109A70000AD05F4901EBC30152465B46D1E90001C0
:109A8000FEF762F882468B4638F00F0873D0B8F5BF
:109A90009A7F47DD0024A046079405942223DFF82F
:109AA00058B1C9F800304FF0000A079B002B3FF473
:109AB00016AE1C99484601F01FFF0599484601F073
:109AC0001BFF4146484601F017FF0799484601F041
:109AD00013FF2146484601F00FFF00E6069AC4F145
:109AE00025039342BADB424DC4F10F0405EBC401D8
:109AF00052465B46D1E90001FEF726F8069B1C1B87
:109B000005EBC405D5E900238DE713F1160FA5DB9E
:109B1000374AA2EBC302D2E9002350465946FEF76A
:109B20003DF982E70023334E4FEA28185046594644
:109B30001D46B8F1010F21DC0BB182468B462D4B3F
:109B4000ABF1547B03EBC50552465B46D5E90001FA
:109B5000FDF7FAFF284B0A460B4028498B42824604
:109B600098D8A1F580118B4286BFDFF898B04FF0EE
:109B7000FF3A02F1547B0023049377E018F0010FC1
:109B800006D006EBC503D3E90023FDF7DDFF012373
:109B900001354FEA6808CCE7EDD0C8F1000818F0AD
:109BA0000F020AD0124B03EBC20350465946D3E9C9
:109BB0000023FEF7F3F882468B465FEA2818DAD0D6
:109BC000B8F11F0F20DD0024A0460794059422233E
:109BD0004FF0000A4FF0000BC9F8003065E700BFF6
:109BE0003BE50100BCE6010043E501007CE5010026
:109BF00050E7010028E701000000F07F0000A07C92
:109C00000000F8FFFFFFEF7F18F0100318BF6A2372
:109C1000A04D0493504659460023B8F1000F00F3BD
:109C20000A810BB182468B46049BBBB1CBF30A532E
:109C3000C3F16B03002B594610DD1F2B40F3078146
:109C4000342BDEBF203B4FF0FF3202FA03F34FF01C
:109C5000000ACCBF4FF05C7B03EA010B002200231B
:109C600050465946FEF7D8F90028ACD1079B00931F
:109C7000059A08992346484601F090FE079000286F
:109C80003FF408AF069A069B002AC3F10003A8BF61
:109C900000230E93002422EAE2731693A046079B4A
:109CA0004846596801F0F4FD059000283FF4F6AEEF
:109CB000079B1A69023203F10C0192000C30FEF787
:109CC0003EFE1EAA1DA94BEC10AB4846CDE908ABE1
:109CD00002F020F91C9000283FF4E0AE0121484634
:109CE00001F0E8FE804600283FF4D8AE1D9E1E9A83
:109CF000002EABBF0E9B169B169D0E9FACBFF71898
:109D00009D1B049BF61A1644634B013E9E42C2F112
:109D1000360280F2AF809B1B1F2BA2EB03024FF099
:109D2000010100F39B8001FA03F30F9300230A93D0
:109D3000BE18049BB74215441D443B46A8BF33469A
:109D4000AB42A8BF2B46002BC2BFF61AED1AFF1A72
:109D50000E9BBBB141461A46484601F04BFF804678
:109D600000283FF49BAE01461C9A484601F0ABFE2A
:109D70000C9000283FF492AE1C99484601F0BCFDBF
:109D80000C9B1C93002E7ADC069B002B08DD169A98
:109D90000599484601F02EFF059000283FF47EAE5D
:109DA000002D08DD2A460599484601F071FF05900F
:109DB00000283FF473AE002F08DD41463A4648467E
:109DC00001F066FF804600283FF468AE059A1C99B2
:109DD000484601F0CBFF044600283FF45FAEC3685D
:109DE0000C930023C360414601F0A6FF002855DA1A
:109DF0000C9BE3B9BAF1000F19D1CBF31303B3B93C
:109E00002BF000431B0D1B05B3F1D66F0FD963690F
:109E100013B92369012B0ADD21460122484601F0CE
:109E200037FF4146044601F087FF002867DC049BAA
:109E3000002B71D13DE618F0010F04D0D5E90023C5
:109E4000FDF782FE01234FEA68080835E5E64FF08A
:109E5000FF3202FA03F303EA0A0AFFE6C6F17F467D
:109E600006F57F0606F57B46E23601FA06F30A930D
:109E70000F915DE700230A9301230F9358E73246C1
:109E80001C99484601F004FF1C9000287FF47CAF29
:109E900004E600BF90E5010002FCFFFF5D4640F0D4
:109EA00086800C9ACBF313032AB3AF4A934253D163
:109EB000049B5046D3B1AD4A2A40B2F1D46F4FF063
:109EC000FF3116D8120DC2F16B0301FA03F3984269
:109ED00042D1A74B9D4202D101303FF4DFADA34BED
:109EE0002B4003F5801B4FF0000AA0E74FF0FF3333
:109EF000EDE70B46EBE77BBBBAF1000F2CD10499E1
:109F00009A4A5B46F1B102EA0B01B1F1D66F19DC56
:109F1000B1F15C7F7FF75BAE964A0023CDE9143246
:109F200050465946DDE91423FDF70EFE82468B4666
:109F300000297FF4BEAD00287FF4BBAD2223C9F811
:109F40000030B6E51340A3F580136FEA135B6FEAA8
:109F50000B5B4FF0FF3A6AE70A9B93B12B423FF449
:109F600066AF0C9B049A5046594673B1FFF75AFBF3
:109F700002460B46DDE90801FDF730FC82468B46C0
:109F800055E70F9B13EA0A0FE9E7FFF74BFB024681
:109F90000B46DDE90801FDF71FFC00220023824685
:109FA0008B46FEF739F800287FF411AE3FE74146B3
:109FB000204601F0FEFF57EC106B00224FF080436B
:109FC00010EE100A3946FEF73BF8002877D00C9BBC
:109FD000002B4AD0684B0022CDE90A23664F0026A9
:109FE000624B2B400F930F9A644B9A4240F0CE8005
:109FF000DDE90823DDE90A01A5F1547B4BEC10AB48
:10A00000CDE91423CDE90A0101F00EFFDDE90A01D3
:10A0100053EC102BFDF798FD52465B46FDF7DEFB37
:10A020000B465249564A1940914282465BD9099BD8
:10A0300002F15472934203D1089B01333FF42EADD9
:10A04000DFF82CB14FF0FF3A1C99484601F054FC60
:10A050000599484601F050FC4146484601F04CFC49
:10A060002146484601F048FC19E6BAF1000F1AD122
:10A07000CBF31303EBB900223F4B30463946FDF7D3
:10A08000D5FFC8B93046394600223E4BFDF75CFD8E
:10A0900006460F4607F1004318961993DDE9182389
:10A0A000CDE90A239CE7BAF1010F02D1002D3FF45C
:10A0B0008EAD0022344B8FE70026324FEAE7314B5A
:10A0C000304639460022FDF73FFD0C9B06460F4601
:10A0D00033B901F1004310901193DDE91023DFE75C
:10A0E000CDE91067F9E703F1547B049B002BABD15A
:10A0F0002BF000431B0D0F9A1B059A425D46A3D11E
:10A1000039463046FDF7D0FFFDF7B4FC0B4602465A
:10A1100039463046FDF760FB0C9B06460F4633B9C7
:10A12000BAF1000F03D1CBF31305002D6DD00AA3B4
:10A13000D3E9002330463946FDF778FF00287FF445
:10A14000B8AC07A3D3E9002330463946FDF78CFFAE
:10A1500000283FF479AFACE49535A094FFFFDF3FD2
:10A1600035E5AF350000E03FFFFF0F000000F07F56
:10A17000FFFFEF7F000050390000F03F0000E07F5C
:10A18000FFFF9F7C0000E03F0000F0BF049B33B363
:10A190000F9BB3F1D46F22D827A3D3E90023304615
:10A1A0003946FDF74DFFA0B139463046FDF7A4FF13
:10A1B000002808BF0120FDF74DFC0C9B06460F460A
:10A1C00003BB01F1004312901393DDE91223CDE9A3
:10A1D0000A230B9B0F9A03F1D6639B1A0B939DEDF9
:10A1E000080BDDE90AAB01F01FFE504653EC102BC3
:10A1F0005946FDF7A9FCDDE90823FDF7EFFA824691
:10A200008B4672E7CDE91267DFE70DA3D3E90023A0
:10A21000FDF70CFF9CE700230D93179A1B9B13601F
:10A22000FFF761BA652B4FF000023FF44EAB0121FE
:10A2300014460491FFF7CBBA0000C0FFFFFFDF41D7
:10A240009535A094FFFFCF3F2DE97043244E254A5A
:10A250003468236A2DED028B002B08BF13460A4693
:10A2600001462046FFF7FCF955EC104B10EE102A82
:10A270002B4610EE100A2946FDF700FF30B1BDEC69
:10A28000028B0020BDE8704302F0BABB204629468D
:10A29000FDF752FF08EE100ADFED137AB0EEC87A30
:10A2A000B4EE677AF1EE10FA14DD25F000494FF0B4
:10A2B000FF320E4B20464946FDF7E0FE38B94FF01D
:10A2C000FF320A4B20464946FDF7BAFE10B133680B
:10A2D00022221A60B0EE480ABDEC028BBDE8708302
:10A2E00044000020A8000020FFFF7F7FFFFFEF7FDA
:10A2F0002DE9F0478046894692461E460F463D4668
:10A30000089815F8014BFEF781FA2044437813F0C2
:10A31000080332D12D2C32D17C78BD1C0122002EB5
:10A320005DD0102E09D1302C07D12B7803F0DF033C
:10A33000582B4FD16C7810260235002A14BF4FF0ED
:10A3400000416FF000410027B1FBF6FC384606FBE8
:10A350001C1EA4F13003092B17D81C46A64223DD8E
:10A360007B1C07D084451CD301D1A64519DB00FB1B
:10A370000640012715F8014BEBE72F46BFE72B2CD2
:10A3800004BFBD1C7C781A46C9E7A4F14103192B10
:10A3900001D8373CE2E7A4F16103192B04D8573CFC
:10A3A000DCE74FF0FF37E5E77B1C08D12223C8F834
:10A3B00000300846BAF1000F07D1BDE8F08702B1BE
:10A3C0004042BAF1000FF8D00FB105F1FF39CAF8D9
:10A3D0000090F2E73024002EAFD10826ADE7302CF4
:10A3E000A3D00A26A9E7FFFF37B5064C064D24681F
:10A3F000246A002C08BF2C460094FFF779FF03B0B5
:10A4000030BD00BF44000020A8000020084B37B535
:10A410001C68084D236A002B08BF2B460093134687
:10A420000A4601462046FFF763FF03B030BD00BF78
:10A4300044000020A80000202DE9F047804689460E
:10A4400092461E460F463D46089815F8014BFEF70A
:10A45000DDF92044437813F0080330D12D2C30D19E
:10A460007C78BD1C0121002E5CD0102E09D1302C2F
:10A4700007D12B7803F0DF03582B4ED16C781026D0
:10A4800002354FF0FF320023B2FBF6F206FB02FC6E
:10A490006FEA0C0C1846A4F13007092F17D83C4678
:10A4A000A64223DD002B1EDB82421CD301D1A44532
:10A4B00019DB00FB0640012315F8014BEBE72F46A3
:10A4C000C1E72B2C04BFBD1C7C781946CBE7A4F157
:10A4D0004107192F01D8373CE2E7A4F16107192F92
:10A4E00004D8573CDCE74FF0FF33E5E7002B09DAEF
:10A4F0002223C8F800304FF0FF30BAF1000F07D127
:10A50000BDE8F08701B14042BAF1000FF8D00BB1BD
:10A5100005F1FF39CAF80090F2E73024002EB0D1DF
:10A520000826AEE7302CA4D00A26AAE737B5064C99
:10A53000064D2468246A002C08BF2C460094FFF7BF
:10A540007BFF03B030BD00BF44000020A800002006
:10A55000084B37B51C68084D236A002B08BF2B46F3
:10A56000009313460A4601462046FFF765FF03B0F5
:10A5700030BD00BF44000020A800002049B1FF2AE0
:10A5800085BF8A2303600A704FF0FF3098BF012017
:10A590007047084670472DE9F74F03690C69A342DD
:10A5A0008046C0F28280013C01F114074FEA840C1E
:10A5B00000F1140657F8245056F8240006EB0C035B
:10A5C000013507EB0C090193B0FBF5F595B34FF09E
:10A5D000000A3846B646D34650F8042B93B205FB22
:10A5E00003A34FEA134A9BB2ABEB0303120CDEF852
:10A5F00000B005FB02A213FA8BF34FEA124A1FFACE
:10A6000082FBDEF80020CBEB124202EB23429BB22E
:10A6100043EA024381454FEA224B4EF8043BDBD22A
:10A6200056F80C3033B9019B043B9E421A4630D396
:10A63000C8F81040404601F07FFB002825DB0135BB
:10A6400030464FF0000C57F8042BD0F800E093B2DE
:10A65000ACEB0303120C13FA8EF3C2EB1E4202EBB7
:10A6600023429BB243EA0243B9454FEA224C40F8E9
:10A67000043BE8D256F8242006EB84032AB9043BB5
:10A680009E421A460BD3C8F81040284603B0BDE8D6
:10A69000F08F1268043B002ACAD1013CC5E712685A
:10A6A000043B002AEFD1013CEAE70020EEE7FFFF80
:10A6B0002DE9F04F57EC106B97B0456A06910446B0
:10A6C0000B921293DDF88080CDE900673DB9102030
:10A6D000FEF7AEF86062C0E901550560C560636AC7
:10A6E000196851B15A684A60012393408B60204633
:10A6F00001F002F9636A00221A603B1EBBBF23F01F
:10A700000043019300230122ACBFC8F80030C8F811
:10A710000020AF4BDDF8048033EA080314D1129A0D
:10A7200042F20F731360009B23B9C8F31300002893
:10A7300000F04285219BDFF8ACB2002B00F044858D
:10A740000BF1030300F03EBDDDE9006700220023AA
:10A7500030463946FDF760FC814668B1129A012304
:10A760001360219B002B00F024859A4B219A03F162
:10A77000FF3B136000F028BD14AA15A947EC106B2D
:10A78000204601F0C7FBC8F30A550490002D7CD089
:10A79000C7F3130343F07F5BB2464BF4401BA5F2B3
:10A7A000FF35CDF84C9000228B4B50465946FDF7B3
:10A7B00013F881A3D3E90023FDF7C6F980A3D3E9F9
:10A7C0000023FDF70BF8064628460F46FDF752F921
:10A7D0007DA3D3E90023FDF7B7F902460B463046C7
:10A7E0003946FCF7FBFF06460F46FDF75DFC0022ED
:10A7F0008246002330463946FDF718FC48B15046E2
:10A80000FDF738F932463B46FDF706FC08B90AF178
:10A81000FF3ABAF1160F59D8704901EBCA01DDE9C8
:10A820000023D1E90001FDF71FFC002850D00AF1F8
:10A83000FF3A00230F93149B5D1BB5F1010849BF3C
:10A84000C5F10103002305934FF0000858BF05939D
:10A85000BAF1000F3EDB0023D044CDF838A00793B7
:10A86000069B092B00F29080052BC4BF043B069386
:10A87000069BA3F10203CCBF00250125032B00F2A8
:10A880008F80DFE803F07D7F3171DDE914531D44D3
:10A8900005F23240202813DDC0F14000009B08FA89
:10A8A00000F805F2124023FA00F048EA0000FDF734
:10A8B000D1F801238246A1F1F87B013D139372E7A1
:10A8C000009BC0F1200003FA00F0F0E70123B1E79C
:10A8D0000F90B0E7059BA3EB0A030593CAF10003B1
:10A8E000079300230E93BBE701230A930B9B002BD6
:10A8F00059DD02939946666A00227260042202F1D1
:10A9000014009842716853D9204600F0C1FF636A71
:10A910003060B9F10E0FD3F800B000F2E680002DE0
:10A9200000F0E3809DED007BBAF1000F8DED107B10
:10A9300074DD2A4A0AF00F0302EBC30393ED007B98
:10A940004FEA2A16F0068DED087B65D5244BDDE92C
:10A950001001D3E90823FDF721FACDE9000106F043
:10A960000F0603251E4F4CE001230A930B9B534413
:10A9700003F1010902934B46012BB8BF0123BAE74B
:10A980000023B2E70023F0E70125002306930A9590
:10A990004FF0FF3302939946002212230B92AAE74D
:10A9A00001230A93F4E70123029399461A46F5E737
:10A9B000013171605200A2E761436F63A787D23F04
:10A9C000B3C8608B288AC63FFB799F501344D33F9E
:10A9D0000000F07F5BE801000000F83F50E7010055
:10A9E00028E70100C2E60100F10708D5DDE908010A
:10A9F000D7E90023FDF7A8F8CDE908010135761065
:10AA00000837002EF0D1DDE90823DDE90001FDF76C
:10AA1000C5F9CDE900011AE00225A3E700F0A08006
:10AA2000CAF100069F4BA04F06F00F0203EBC203D2
:10AA3000D3E90023DDE91001FDF786F8CDE9000137
:10AA4000361100230225002E7FD1002BE1D10F9B70
:10AA5000002B00F08780DDE900670022934B304631
:10AA60003946FDF7E3FA00287CD0B9F1000F79D020
:10AA7000029B002B35DD0AF1FF3308933946002293
:10AA80008B4B3046FDF760F8CDE90001029F0135A0
:10AA90002846FCF7EFFFDDE90023FDF755F800221B
:10AAA000844BFCF79BFE0546A1F15076002F5DD14B
:10AAB0000022814BDDE90001FCF78EFE2A46334679
:10AAC000CDE90001FDF7D0FA002840F088822A463F
:10AAD00006F10043DDE90001FDF7A8FA002840F087
:10AAE0007C82DDE91023CDE90023159B002BC0F209
:10AAF0005081BAF10E0F00F34C816A4B03EBCA038D
:10AB000093ED007B0B9B002B8DED027B80F2D880B8
:10AB1000B9F1000F00F3D48040F05E820022664B52
:10AB200051EC170BFDF710F8DDE90023FDF792FA61
:10AB30004F464E46002840F0348231230BF1010588
:10AB40008BF800300AF1010A2FE2F20705D5D7E9A8
:10AB50000023FCF7F9FF013501237610083772E76F
:10AB6000022574E7CDF820A04F4691E74D4B03EB4B
:10AB7000C70353E902010A9B002B47D002460B464C
:10AB800000204E49FDF70AF92A463346FCF724FE19
:10AB9000CDE90C015D46DDE90001FDF785FA0646C9
:10ABA000FCF768FF02460B46DDE90001FCF714FEE6
:10ABB000303605F8016BDDE90C23CDE90001FDF726
:10ABC00035FA002863D1DDE9002300203749FCF77E
:10ABD00003FEDDE90C23FDF729FA002840F0B780D9
:10ABE000A5EB0B039F427FF77CAF0022304BDDE9E2
:10ABF0000C01FCF7A9FF0022CDE90C012C4BDDE98B
:10AC00000001FCF7A1FFCDE90001C4E72A46334665
:10AC1000FCF79AFFCDE90C010BEB07055E46DDE979
:10AC20000001FDF741FA0746FCF724FF30370246E2
:10AC30000B46DDE90001FCF7CFFD06F8017BAE42D3
:10AC4000CDE900014FF0000226D11C4BDDE90C01DB
:10AC5000FCF7C4FD02460B46DDE90001FDF704FAEE
:10AC6000002874D1DDE90C2300201449FCF7B4FD61
:10AC700002460B46DDE90001FDF7D8F900283FF454
:10AC800030AF15F8013C302B05F1FF3202D0DDF872
:10AC900020A04AE01546F4E7054BFCF755FFCDE947
:10ACA0000001BCE750E7010028E701000000F03F89
:10ACB0000000244000001C40000014400000E03F61
:10ACC000DDE900675D46DDE9022330463946FDF7E0
:10ACD00065F8FDF7E9F98046FCF7CCFEDDE90223D3
:10ACE000FCF732FF02460B463046394608F1300683
:10ACF000FCF772FD05F8016BA5EB0B06B1450246AA
:10AD00000B4639D1FCF76AFDDDE9022306460F4602
:10AD1000FDF7AAF9C8B9DDE9022330463946FDF747
:10AD20007BF910B118F0010F0FD10499204600F003
:10AD3000E3FD0023129A2B700AF101031360219B9B
:10AD4000002B00F041821D603EE2CDF820A015F8F6
:10AD5000012C392A05F1FF3308D19B450AD1089B04
:10AD60000133089330238BF800305B461A780132A8
:10AD70001A708CE71D46EAE700229B4BFCF7E4FEC5
:10AD80000022002306460F46FDF746F900289AD018
:10AD9000CBE70A9A002A00F08B80069A012A6EDC23
:10ADA000139A002A67D003F23343079F059D059A43
:10ADB00001211A4420460592984400F07BFE064685
:10ADC000002D0CDDB8F1000F09DD4545059A2B4635
:10ADD000A8BF4346D21A0592ED1AA8EB0308079BB9
:10ADE000EBB10A9B002B67D08FB131463A46204623
:10ADF00000F000FF049A01460646204600F063FE7C
:10AE000004990890204600F077FD089B0493079B67
:10AE1000DA1B04D00499204600F0ECFE04900121D6
:10AE2000204600F047FE0E9B0746002B00F0D08125
:10AE30001A460146204600F0DDFE069B012B074620
:10AE400040DC009B002B39D1019BC3F31303002B83
:10AE500036D1019B23F000431B0D1B052BB1059B35
:10AE60000133059308F10108012307930E9B002B82
:10AE70002AD1012030E0149BC3F1360395E7079BEC
:10AE800009F1FF37BB42BFBF079B0797FA1A0E9B1A
:10AE9000BBBF9B180E93DF1B0027B9F1000FB5BF96
:10AEA000059B059DA3EB09054B46B8BF00237EE734
:10AEB000079F059D0A9E83E7079AABE70023D4E727
:10AEC000009BD2E7002307933B6907EB83031869D4
:10AED00000F0A2FDC0F12000404410F01F0047D058
:10AEE000C0F12003042B3BDD059BC0F11C00034493
:10AEF000059305448044059B002B05DD1A46049903
:10AF0000204600F0C5FE0490B8F1000F05DD39467B
:10AF10004246204600F0BCFE07460F9B53B339461D
:10AF2000049800F009FF002824DA00230A2204997B
:10AF3000204600F0F8FC0A9B04900AF1FF3A002B2F
:10AF400000F04D81002331460A22204600F0EBFC40
:10AF5000029B002B06464FDC069B022B4CDD11E0CA
:10AF6000C9D0059A1C331A4405921D449844C2E77F
:10AF70000346F6E7B9F1000F38DC069B022B35DDFE
:10AF8000CDF80890029B63B939460522204600F0AF
:10AF9000CAFC01460746049800F0CEFE00283FF7A1
:10AFA000CCAD0B9B5D466FEA030A4FF000093946B2
:10AFB000204600F0A1FC002E3FF4B7AEB9F1000F1F
:10AFC00005D0B14503D04946204600F095FC3146F6
:10AFD000204600F091FCA8E600273E46E1E7DDF8B8
:10AFE00020A03E46A9E500BF000024400A9BCDF802
:10AFF0000890002B00F0FA80002D05DD31462A462E
:10B00000204600F045FE0646079B002B4CD0716899
:10B01000204600F03DFC326902320546920006F1FE
:10B020000C010C30FDF78BFC01222946204600F074
:10B030002FFE009BCDF814B003F00103B146079337
:10B04000064639460498FFF7A6FA4946054600F138
:10B050003008049800F070FE3246009039462046D1
:10B0600000F084FEC368024603BB014608900498C2
:10B0700000F062FE089A034611462046089300F04D
:10B080003BFC089BA3B9069A92B9079A82B9B8F11A
:10B09000390F29D0009B002B01DD05F13108059BFC
:10B0A0005D1C83F8008082E73046C2E70123E3E7B6
:10B0B000009A002A04DB25D1069A1ABB079A0ABB1C
:10B0C000002BECDD01220499204600F0E1FD394619
:10B0D000049000F031FE002803DCE0D118F0010FED
:10B0E000DDD0B8F1390FD8D1059B059A5D1C392305
:10B0F000137015F8013C392B05F1FF324FD00133A5
:10B10000137054E7059A002B02F1010506DDB8F132
:10B11000390FE9D008F10108059BC2E7029A05F84A
:10B12000018CA5EB0B03934221D000230A22049942
:10B13000204600F0F8FBB14504904FF000034FF0BB
:10B140000A024946204605D100F0EDFB814606463D
:10B15000059576E700F0E7FB3146814600230A2299
:10B16000204600F0E0FB0646F2E74FF0000901221E
:10B170000499204600F08CFD3946049000F0DCFD77
:10B180000028B6DC02D118F0010FB2D115F8013C4D
:10B19000302B05F1FF327FF40AAF1546F6E79345F1
:10B1A00005D131230AF1010A8BF80030FFE615467C
:10B1B0009FE7DFF864B007E0219BDFF860B01BB1C8
:10B1C0000BF10803219A1360584617B0BDE8F08FC1
:10B1D000069B012B7FF735AE0E9B079349E6029B3A
:10B1E000002B03DC069B022B3FF7CCAE5D463946B5
:10B1F0000498FFF7D0F900F1300805F8018B029AA6
:10B20000A5EB0B039A42B0DD00230A2204992046E5
:10B2100000F089FB0490EAE75AE80100B9E6010072
:10B22000F0B506694B119E4200F1140430DD11F0B7
:10B230001F0104EB860604EB830208D12146B242CB
:10B240000B4611D252F8043B41F8043BF7E754F89F
:10B250002350C1F1200CCD4004322346B2421746A0
:10B260000CD31D6005B104331A1BA3424FEAA2029E
:10B2700008BF0023026108BF4361F0BD3F6807FAC1
:10B280000CF73D4343F8045B52F8045BCD40E5E71F
:10B290002346E9E7A0F13003092B02D82038C0B2D9
:10B2A0007047A0F16103052B01D84738F7E7A0F1FB
:10B2B0004103052B01D82738F1E7002070472DE91D
:10B2C000F04F8BB08A46029016980693904600F095
:10B2D000CDFA036803931846FEF747F9039B0190E4
:10B2E00003444FF0000B13F8013C0793DAF80030E9
:10B2F00002331F4613F8010B30286CD0FFF7CAFF4A
:10B30000044600286AD1019A03993846FEF749F9A4
:10B31000002866D1019BF85CFE18FFF7BBFF0028F0
:10B3200062D03346187830281F4603F10103F9D064
:10B33000FFF7B0FFB0FA80F56D0934464FF0010B0E
:10B340003A46164601323078FFF7A4FF0028F8D1BC
:10B35000019A03993046FEF724F950B954B9019B7C
:10B36000F4182246164601323078FFF793FF002882
:10B37000F8D10CB1A41BA4003378502B01D0702B52
:10B3800040D173782B2B31D02D2B33D0711C4FF043
:10B3900000090878FFF77EFF431EDBB2182B31D877
:10B3A000A0F1100211F8010FFFF774FF431EDBB28A
:10B3B000182B22D9B9F1000F00D052421444CAF818
:10B3C00000100DB3BBF1000F0CBF06270027384655
:10B3D0000BB0BDE8F08F0BF1010B8AE700252C467E
:10B3E000AEE73E460125C7E70446FBE74FF00009FC
:10B3F000B11CCEE74FF00109FAE70A2303FB020272
:10B40000103ACFE73146DAE7F31B013B2946072B19
:10B4100049DC029800F03CFA019B00F114094FF05E
:10B42000000BC3F101030546CDF81090DA460893EE
:10B43000B7423BD3049840F804ABA0EB090080105E
:10B4400028614701504600F0E7FAD8F800603F1A3B
:10B45000B74264DDBF1B3946284600F0F7FD82463F
:10B4600078B17B1E591103F01F024FF0010A59F801
:10B4700021100AFA02F20A4203D0534546DC4FF08B
:10B48000020A39462846FFF7CBFE3C44D8F808307C
:10B49000A34252DA2946029800F02EFA149A0023A9
:10B4A0001360A32793E701315B10B0E7731E059388
:10B4B000079A16F8013C934218D0BBF1200F07D130
:10B4C000049BC3F800A004334FF0000A0493D34652
:10B4D00016F8010CFFF7DEFE00F00F0000FA0BF08B
:10B4E0004AEA000A0BF1040B059B0DE0059B089A44
:10B4F0001344BB42E1D31846019A03990993FEF71E
:10B5000050F8099B0028D8D11E4691E7B91E28465D
:10B5100000F09CFD0028B2D04FF0030AB1E709DA31
:10B52000F71B29463A46029800F0B2FBE41B054699
:10B5300000F114094FF0000AA8E7D8F80400A0426F
:10B540006ADD041BA6422EDCD8F80C30022B22D078
:10B55000032B24D0012B15D1A64213D1012E0BDCD5
:10B56000069AD8F80430136001232B61C9F8003023
:10B57000149B62271D602AE7711E284600F066FDB5
:10B580000028EDD12946029800F0B6F9149A00235C
:10B59000136050271BE7159B002BE1D0F2E7159BAA
:10B5A000002BDDD1EEE7671EBAF1000F31D127B1D4
:10B5B0003946284600F04AFD82467A11012307F0F9
:10B5C0001F0703FA07F759F8223021461F42284681
:10B5D00018BF4AF0020A361BFFF722FED8F80440D3
:10B5E0000227BAF1000F48D0D8F80C30022B15D042
:10B5F000032B17D0012B09D11AF0020F06D0D9F86E
:10B6000000304AEA030A1AF0010F0ED147F0100782
:10B6100033E04FF0010AD0E70127E2E7159BC3F1C1
:10B6200001031593159B002BF0D0D5F8109005F170
:10B6300014034FEA890A03EB0A014FF0000C184685
:10B6400053F8042BB2F1FF3F1CD001320260022FED
:10B6500005F1140338D1D8F80020013AB2420AD1DA
:10B660007111012206F01F0653F8213002FA06F686
:10B670001E4218BF174647F02007149B1D60069B0B
:10B680001C60A4E6994243F804CCD8D8AB6899452D
:10B6900012DB69680298013100F0FAF82A69023277
:10B6A00005F10C01834692000C30FDF748F929465C
:10B6B000029800F021F95D462B695A1C05EB8303C3
:10B6C0002A6101225A61C2E72A694A450BDD01213C
:10B6D0002846FFF7A5FDD8F808300134A342FFF64D
:10B6E000D9AE0127C7E716F01F06FAD09A44C6F173
:10B6F00020065AF8040C00F08FF9B042E7DBF0E7BF
:10B70000C2F10802920070B5C2F1200643680468D5
:10B7100003FA06F52C43D340046040F8043F884206
:10B72000F4D370BD30B50368013311F8014B14B97F
:10B730000360012030BD13F8012BA2F14105192D42
:10B7400098BF2032A242F0D00020F3E72DE9F04F5D
:10B750000B6801685F1102EB870713F01F0387B0C6
:10B7600018BF043700253E1F82469046019347F8D4
:10B77000045CB14634460295AB464A784B1C0393B1
:10B7800042B3104605910492FFF784FD002843D18F
:10B79000049A0599202A18D8029B9B4513DD4C4535
:10B7A00006D2072D04DC2A4649462046FFF7A8FFAB
:10B7B000444544D90023A4F1040944F8043CCDF8DD
:10B7C00008B04C461D460399D7E7292A4AD10231D1
:10B7D000CAF80010BBF1000F44D04C4506D2072D2B
:10B7E00004DC2A4649462046FFF78AFF444528D90B
:10B7F000434654F8042B43F8042BA642F9D2002206
:10B8000043F8042B9E42FBD233681BB9464527D12F
:10B8100001233360052026E00135082D0BF1010BD3
:10B8200006DD4445CFD9002344F8043C0125043CFF
:10B83000226800F00F0040EA02102060C3E70825EC
:10B84000C1E7019B002BDFD04FF0FF32C3F1200393
:10B8500022FA03F357F8042C1A4047F8042CD3E7D4
:10B86000043ED1E7042007B0BDE8F08FF030704708
:10B87000044B1B68186A044B002808BF1846F030B8
:10B88000704700BF44000020A800002070477047A8
:10B8900070B5456A04460E463DB91020FCF7C8FF56
:10B8A0006062C0E901550560C560656AEB6883B1F7
:10B8B000636ADB6853F82600B8B9012101FA06F57E
:10B8C0006A1D9200204600F0E2FB60B1C0E901650C
:10B8D0000EE021220421204600F0D9FB636AE860D3
:10B8E000DB68002BE4D1002070BD026843F82620FD
:10B8F0000023C0E90333F7E770B5446A06460D46F6
:10B900003CB91020FCF794FF7062C0E90144046068
:10B91000C4603DB1736A6A68DB6853F8221029601D
:10B9200043F8225070BD2DE9F0410D691F460646CF
:10B930000C4601F1140C0023DCF8000081B202FB7C
:10B9400001710F0C000C02FB007089B2013301EB96
:10B9500000419D424FEA10474CF8041BECDCD7B184
:10B96000A368AB4212DC616830460131FFF790FFFB
:10B970002269023204F10C01804692000C30FCF77F
:10B98000DEFF21463046FFF7B7FF444604EB850350
:10B9900001355F6125612046BDE8F0812DE9F8435E
:10B9A0000C4615461F4609220833064693FBF2F360
:10B9B000002101229A4220DB3046FFF769FF089BF5
:10B9C0004361092D4FF00103036119DD04F10908FA
:10B9D000C1462C4419F8013B0146303B0A2230464F
:10B9E000FFF7A1FFA145F5D108EB0504083C2D1B8D
:10B9F0006319BB4207DBBDE8F88352000131D9E788
:10BA00000A340925F3E714F8013B0146303B0A22CA
:10BA10003046FFF788FFEBE7020C12040346B2B989
:10BA20000304102013F07F4F04BF1B02083013F0F3
:10BA3000704F04BF1B01043013F0404F04BF9B0044
:10BA40000230002B06DB5B0003D50130704700207D
:10BA5000E8E720207047036813F0070201460BD087
:10BA6000DA0723D4980749BF5B089B0801200B60C5
:10BA70005CBF0B600220704798B2A8B91B0C102065
:10BA800013F0FF0F04BF1B0A08301A0704BF1B097D
:10BA900004309A0704BF9B080230DA0702D45B081F
:10BAA00006D001300B6070471046E9E70020704770
:10BAB0002020704710B50C460121FFF7E9FE012256
:10BAC0004461026110BD2DE9F74F14460A692369EC
:10BAD0009A42B8BF0B468846BCBFA0461C46D8F861
:10BAE0001070D4F81090D8F80830D8F8041007EB8C
:10BAF0000906B342B8BF0131FFF7CAFE00F11405D1
:10BB000005EB860E2B460022734516D304F1140272
:10BB100008F1140102EB890301EB87070093009BF6
:10BB2000019293420CD8002E03DD5EF8043D002BF9
:10BB30005DD0066103B0BDE8F08F43F8042BE3E766
:10BB4000B2F800B0BBF1000F23D08946AC464FF0ED
:10BB5000000859F8044BDCF800A0A3B21FFA8AFAD7
:10BB60000BFB03A34FEA144ADCF8004043444FEABE
:10BB700014480BFB0A8404EB1344E2469BB243EAED
:10BB800004434F454FEA14484AF8043B2BD8CCF8FD
:10BB90000480019BB3F802A00432BAF1000F20D058
:10BBA0002B688946A8464FF0000BB9F800C0B8F8DA
:10BBB00002400AFB0C445C44C4469BB243EA044383
:10BBC0004CF8043B59F8043BB8F804B01B0C0AFBD2
:10BBD00003B303EB14434F454FEA134B05D8C8F8A2
:10BBE000043004359BE7D446B3E7E046DDE7013E89
:10BBF00099E7FFFF2DE9F843154612F003020646C8
:10BC00000F4607D0013A214C002354F82220FFF7B9
:10BC10008AFE0746AD1035D0746A3CB91020FCF797
:10BC200007FE7062C0E901440460C460D6F8248055
:10BC3000D8F808404CB940F271213046FFF73AFF7E
:10BC40000023C8F80800044603604FF00008EB0723
:10BC50000AD5394622463046FFF735FF3946814638
:10BC60003046FFF749FE4F466D100BD0206838B9BB
:10BC7000224621463046FFF726FF2060C0F80080AC
:10BC80000446E4E73846BDE8F88300BF18E8010041
:10BC90002DE9F0470C464FEA621A236949680AEB1E
:10BCA0000309A3680746164609F10105AB4232DBDA
:10BCB0003846FFF7EDFD0023804600F114011A46D7
:10BCC00053452BDB20692AEAEA7A04F1140316F0C3
:10BCD0001F0201EB8A0103EB800C25D0C2F1200E7C
:10BCE00000201E688A46964030434AF8040B53F8F9
:10BCF000040B9C4520FA0EF014D8486008B109F1F5
:10BD00000205013D3846C8F810502146FFF7F4FD02
:10BD10004046BDE8F08701315B00C7E741F82320CA
:10BD20000133CDE75146DCE7043953F8042B41F8E1
:10BD3000042F9C45F9D8E4E703690A699B1A30B5DA
:10BD40000CD19200143014318418114454F8045D5D
:10BD500051F8042D954203D005D30123184630BD78
:10BD6000A042F3D3FAE74FF0FF33F7E72DE9F047AE
:10BD70000D460746114628461446FFF7DDFF061E0E
:10BD800008D131463846FFF783FD0123C0E9043668
:10BD9000BDE8F087A4BF23462C4638466168A6BF9D
:10BDA0001D4600260126FFF773FD2B69C660266934
:10BDB00005F1140904F1140202EB860709EB83086C
:10BDC00000F114054FF0000E52F804AB59F8044B83
:10BDD0001EFA8AF1A3B2C91A230CC3EB1A4303EB70
:10BDE000214389B24FEA234EC84541EA03439446B2
:10BDF00045F8043BE8D8BC4504D355F8043D83B16D
:10BE00000661C5E75CF8041B1EFA81F31A1402EB05
:10BE100011429BB243EA02434FEA224E45F8043BEB
:10BE2000E9E7013EE9E7FFFF124B10EE902A1A40C6
:10BE3000A2F15073002B04DD0020194641EC100BD9
:10BE400070475B421B15132B4FF000004FF00001B1
:10BE500004DC4FF4002242FA03F1EFE7143B1E2BFF
:10BE60004FF00102DABFC3F11F0302FA03F31346D6
:10BE70001846E3E70000F07FF8B5056900F1140704
:10BE800007EB85052E1F55F8044C2046FFF7C4FD2F
:10BE9000C0F120030A280B60DFF874C014DCC0F185
:10BEA0000B0E24FA0EF1B74241EA0C0334BF55F8E9
:10BEB000081C0021153004FA00F021FA0EF140EAC6
:10BEC000010243EC102BF8BDB7423ABFA5F10806BA
:10BED00055F8081C00210B3815D08440C0F120050E
:10BEE00044F07F5444F44014BE4221FA05FC44EA75
:10BEF0000C038CBF56F8044C002401FA00F0EC400F
:10BF000040EA0402DDE744EA0C030A46D9E700BF31
:10BF10000000F03F2DE9F7430E46012159EC108B4C
:10BF20001546FFF7B5FCC9F30A540746C9F31303D6
:10BF300034BB0193B8F1000327D002A840F8083DB4
:10BF4000FFF789FD0099F0B1019AC0F1200302FAD0
:10BF500003F30B43C2407B610192019BBB61002B49
:10BF600014BF022101213961C4B1A4F23344044455
:10BF70003460C0F135002860384603B0BDE8F08376
:10BF800043F48013D5E77961E7E701A8FFF763FD84
:10BF9000019B7B61012139612030E5E707EB8103DB
:10BFA000A0F2324030601869FFF736FDC0EB411057
:10BFB000E1E72DE9F74F884669468146FFF75CFFC8
:10BFC00001A9404657EC106BFFF756FFD9F8103027
:10BFD000D8F81020A3EB020CDDE900329B1A03EB2A
:10BFE0004C135BEC10AB002BCEBF3A46C3EB0333D4
:10BFF0005A4659463D46D4BF02EB035102EB035566
:10C00000304610EE102A0B462946FBF7C7FE41ECDE
:10C01000100B03B0BDE8F08F013910B54911146958
:10C02000013102F1140300EB810103EB8404A3420C
:10C03000024603D300238A4205D310BD53F8042BD4
:10C0400040F8042BF3E742F8043BF4E700F1140254
:10C0500000694B11984210B511DB0ADD11F01F0188
:10C0600007D052F8234024FA01F000FA01F18C4283
:10C070000BD102EB8303934203D8002010BD03468B
:10C08000F7E753F8041D0029F5D00120F6E738B58D
:10C0900002FB01F42146FCF7CDFC054618B122460F
:10C0A0000021FCF770FC284638BDF8B50746144659
:10C0B0000E4621B91146BDE8F840FCF7BBBC22B9D9
:10C0C000FCF76AFC25462846F8BD00F0D9FCA042E2
:10C0D0000FD221463846FCF7ADFC05460028F2D0C9
:10C0E00031462246FCF72BFC31463846FCF754FC1F
:10C0F000E9E73546E7E72DE9F0478E689E4282463C
:10C100000C469046994637D88A8912F4906F31D000
:10C11000256809696F1A6569022305EB450595FBDA
:10C12000F3F509F101033B449D4238BF1D46530519
:10C1300030D52946FCF77EFC064650B90C23CAF8D8
:10C140000030A38943F04003A3814FF0FF30BDE8E6
:10C15000F0873A462169FCF7F2FBA38923F4906348
:10C1600043F08003A381266165613E44ED1B266098
:10C17000A5604E464E4500D94E463246414620689F
:10C18000FCF7E8FBA3689B1BA36023681E442660A2
:10C190000020DCE72A46FFF788FF06460028E2D1A8
:10C1A00021695046FCF7F8FBC8E7FFFF2DE9F04F87
:10C1B0009DB0804603938B891D060C4616460FD50D
:10C1C0000B696BB94021FCF735FC2060206128B970
:10C1D0000C23C8F800304FF0FF30C7E04023636104
:10C1E0000023099320238DF8293030238DF82A303D
:10C1F0004FF0010B37463D4615F8013B0BB1252B9F
:10C200003ED1B7EB060A0BD0534632462146404694
:10C21000FFF771FF013000F0A480099B534409939C
:10C220003B78002B00F09D8000234FF0FF32CDE9DA
:10C230000523049307938DF853301A932F46052254
:10C2400017F8011B4F48FCF71BFB049BD0B9D9061C
:10C2500044BF20228DF853201A0744BF2B228DF8AB
:10C2600053202A782A2A15D0079A2F4600200A251B
:10C27000394611F8013B303B092B4DD9B8B10FE0DD
:10C280002F46B8E73F4A801A0BFA00F01843049093
:10C290003D46D3E7039A111D12680391002A01DB82
:10C2A000079204E0524243F00203079204933B7862
:10C2B0002E2B0CD17B782A2B33D1039B1A1D1B68A4
:10C2C0000392002BB8BF4FF0FF33023705932E4D7A
:10C2D000397803222846FCF7D3FA38B14023401BB3
:10C2E00003FA00F0049B034301370493397827488D
:10C2F0008DF8281006227E1CFCF7C2FA002838D0E0
:10C30000234B13BB039B073323F00703083303932B
:10C31000099B4B4409936DE705FB023201200F4650
:10C32000A6E700230137059319460A25384610F879
:10C33000012B303A092A03D9002BC8D00591C6E752
:10C3400005FB012101230746F0E703AB00932246DA
:10C35000104B04A94046FCF75BFCB0F1FF3F81465F
:10C36000D6D1A3895B063FF536AF09981DB0BDE86D
:10C37000F08F03AB00932246064B04A94046FCF71E
:10C38000FDFEEAE724E801002AE801002EE80100AA
:10C39000118C0100F7C0010038B54B1C144603D1C5
:10C3A0004FF0FF35284638BD938923F02003938151
:10C3B000636B5268CDB28BB1A36B934208DD2368E7
:10C3C0005A1E226003F8015C636801336360E9E789
:10C3D000214600F01BFB0028F1D0E1E7216923682A
:10C3E00051B1994208D213F8011CA94204D1013B72
:10C3F000013223606260D5E7C4E90F3204F14403DF
:10C4000063630323A363234603F8465F236001238A
:10C41000DCE710B50C46496B69B104F1440399425D
:10C4200001D0FCF7B9FA236C63600020606313B19C
:10C43000E36B236010BD2369236000236360A3893D
:10C4400043F02003A3814FF0FF30F3E72DE9F04FD5
:10C45000ADF5257D0DF10C0801930023469347931C
:10C460009E4BA293DFF87C929D4BCDF8208106462F
:10C470000C469246A3930A279AF80030002B00F04E
:10C480002A815546FCF7C6F915F801BB5844437894
:10C4900013F008031CD06368002B12DDFCF7BAF917
:10C4A00023681A7810444278120701D4AA46E3E7B9
:10C4B000479A0132479262680133013A6260236011
:10C4C000E9E7A39B2146304698470028E6D0EDE7F0
:10C4D000BBF1250F40F08280459343939AF80130D9
:10C4E0002A2B03D1102343930AF10205AA4615F81B
:10C4F000011BA1F13002092A22D903227948FCF755
:10C50000BFF938B1A0EB090301209840439B1843C1
:10C510004390AA469AF80030672B0AF101052BD800
:10C52000652B80F09F80472B10D8452B80F09A8098
:10C53000002B6CD0252B51D003234993449727E03F
:10C54000459B07FB0313303B4593CFE75B2B6AD03A
:10C550000CD8582BF0D1439A42F400724392102227
:10C5600044926E2B8CBF0423032310E0632B65D011
:10C57000642BE1D14497F4E7702B4BD026D86E2B77
:10C5800062D04CD8692BD7D100234493032349931D
:10C590006368002B68DD439B590607D4FCF73AF922
:10C5A00023681A7810444278120764D4499B022BFE
:10C5B00073DC01AB224643A9304600F097F801280E
:10C5C00000F0898002287FF471AF1DE0752BD1D077
:10C5D000782BC0D0732BAFD10223D8E76368002B30
:10C5E0000CDD23681A785A4575D1013362682360DF
:10C5F000479B013A01336260479357E7A39B21466B
:10C60000304698470028ECD04698002859D14FF082
:10C61000FF305CE0439A42F0200243929BE70823FC
:10C6200044930423B3E72946404600F0B7F9439BFF
:10C6300043F04003439305460123A8E7439B43F09F
:10C64000400343930023A2E74398C3063FF52EAF70
:10C65000019B479A191D01911B68C0074CBF1A80A6
:10C660001A6023E7052392E7A39B214630469847AB
:10C67000002890D0C8E7479A013247926268013A91
:10C68000002A626002DD0133236087E7A39B214615
:10C6900030469847002881D0B6E7042B06DC01AB72
:10C6A000224643A9304600F085F888E70E4B002B60
:10C6B0003FF4FCAE01AB224643A93046AFF3008005
:10C6C0007DE7A38913F0400F18BF4FF0FF300DF541
:10C6D000257DBDE8F08F4698F9E700BF99C30100BA
:10C6E00013C401002AE80100000000002DE9F04118
:10C6F00015468A6880460C4632B98A69002A14BFFA
:10C700004FF0FF3201228A602268D1065FBF1A68AB
:10C71000111D196017680026A369DBB1012B07D131
:10C720002B6862691B78D35CA3B9002E32D106E076
:10C73000022B07D0002E2DD1A369012B2AD1012075
:10C74000BDE8F081FCF766F82B681B781844437845
:10C750001B07EFD42368DA065EBF2B681B783B709B
:10C760002A686B6802F101022A60A26803F1FF33B4
:10C7700002F1FF326B6006F1010658BF0137A2607B
:10C7800042B1002BC8DCD4F8803129464046984796
:10C790000028C1D0236813F0100305D1E2680132EC
:10C7A000E260A26902B13B7023691E442661002049
:10C7B000C6E7FFFF2DE9F04F9A46744B0C468346BF
:10C7C000164693E8070087B003ABA76883E8070025
:10C7D0006F4BA1696F4A032908BF1A467B1EB3F548
:10C7E000AE7F84BF40F25D13A3602368009243F4E0
:10C7F000506388BF6FF4AE7504F11C0923608CBFD1
:10C800007F1900274B464FF000080193316803ABB6
:10C81000022253F828000978FCF732F8019B30B364
:10C82000B8F1010F5AD162682AB92268082142F48E
:10C83000007261602260226822F4A0622260A26815
:10C84000511EA1609AB13268511C316012781A7081
:10C850005D1C7368013B002B736007DCD4F88031EA
:10C86000314658469847002840F086802B4608F10C
:10C870000108B8F1030FC8D162680AB90A226260E0
:10C880006268454960690193891A00F087F8019B45
:10C890004FF000081D46A3682268002B3AD031688B
:10C8A000606991F800C010F80C00002832D0BCF18B
:10C8B000300F21D110051FD508F1010817B1013340
:10C8C000013FA3607368013B002B73601BDD33687D
:10C8D00001333360A368013BA360DCE7B8F1020FCA
:10C8E000ADD1226802F4C061B1F5007FBFD1102143
:10C8F000616042F48072A1E722F4106222600B783A
:10C900002B700135DEE7D4F8803131465846984720
:10C910000028DFD02368D9050CD54D4508D915F876
:10C92000011CD4F87C313246584698476F1E3D466C
:10C930004D4529D0226812F0100213D12A70636885
:10C94000009E49465846B047DAF8003021681A1D63
:10C95000CAF8002011F0200F1B6810D01860E3689F
:10C960000133E360A5EB0905A84425694544256129
:10C97000002007B0BDE8F08F4FF00008CAE7CA07F3
:10C980004CBF18801860EAE70120F2E738E80100A0
:10C99000E9A301002DA5010054E8010070B50B7852
:10C9A0005E2B13BF4A1C8A1C4B78002108BF012153
:10C9B000441E00F1FF0504F8011FAC42FBD113B97E
:10C9C000013A104670BD81F00104C454511C11F8A5
:10C9D000015C2D2D01F1FF360A4606D05D2DF0D009
:10C9E0000DB93246EDE72B46EFE70E785D2EFAD013
:10C9F000B342F8DC01339E42C454FBDC0231E6E76B
:10CA00009FED010A704700BF0000C07F2DE9F04193
:10CA10000C46496B04F1440399421DD14FF48061E7
:10CA2000FCF708F818B94FF0FF30BDE8F0814FF47B
:10CA30008063A36394F84630606380F8FF3394F812
:10CA4000453080F8FE3394F8443080F8FD3300F22E
:10CA5000FD3020600020E8E7A66B77003A46FFF73C
:10CA600024FB05460028DED000EB060801463246CE
:10CA70004046FBF764FFC4F80080C4E90D57E9E7BE
:10CA800051F8043C181F002BBCBF0B58C01870474E
:10CA9000024B58221A604FF0FF3070478443002049
:10CAA000024B58221A604FF0FF3070478443002039
:10CAB000FEE700BF4275696C742077697468205284
:10CAC000656E6573617320416476616E6365642091
:10CAD000466C657869626C6520536F667477617225
:10CAE00065205061636B6167652076657273696F5D
:10CAF0006E20342E302E3000342E302E30000000C8
:10CB000000000004F8B500BFF8BC08BC9E467047A2
:10CB1000F8B500BFF8BC08BC9E4670470000000096
:10CB200000000000CD4E0000C34E00000141000097
:10CB3000A54E00008010F001BF406164647265730F
:10CB4000735F6D61702E63737620777269746520F0
:10CB50006661696C65640043414348455F575249CB
:10CB600054455F4641494C006D61783D2575206113
:10CB700064647265737365730042415443485F5047
:10CB8000524F42450044454255473D66616C7365CE
:10CB90000A004543553D25730A00444546533D254B
:10CBA000730A0042415443484D41583D25750A00DF
:10CBB000706172616D5F69642C6E616D652C61647A
:10CBC00064726573732C6C656E2C747970652C655A
:10CBD0006E6469616E2C657870722C756E69747301
:10CBE0002C646570730A002F6C6F676765722F2560
:10CBF00073003C70726F746F636F6C0069643D22E8
:10CC000053534D22003C2F70726F746F636F6C3EF4
:10CC1000003C73776974636820003C706172616DD9
:10CC20006574657220003C656375706172616D208A
:10CC3000006E616D653D00627974653D00656375E8
:10CC400062797465696E6465783D006563756269D3
:10CC5000743D003C2F706172616D657465723E00B9
:10CC60003C2F656375706172616D3E003C64657058
:10CC7000656E6473003C61646472657373006C6517
:10CC80006E6774683D003C72656620007061726179
:10CC90006D657465723D003C2F646570656E6473EC
:10CCA0003E003C636F6E76657273696F6E003C6523
:10CCB000637520003C65637509003C2F6563753E14
:10CCC000002F6C6F67676572006C6F676765725FD6
:10CCD000002D2D3E003C212D2D003C70726F6669A9
:10CCE0006C650070726F746F636F6C3D0043414EF2
:10CCF0000053534D0069643D002C005B43414C439D
:10CD00005D2064657020736C6F742066756C6C2C8C
:10CD100020736B697070696E673A20005B43414C09
:10CD2000435D206C6F61646564206465703A200027
:10CD30005B43414C435D20646570206E6F742069D5
:10CD40006E20636163686520286576616C75617427
:10CD5000657320746F2030293A20002573257300F5
:10CD60006361703D25752064726F707065643D2548
:10CD70007520282573290042415443485F4C494D92
:10CD8000495400253034642D253032642D2530324D
:10CD90006420253032643A253032643A25303264DA
:10CDA0002C25732C25730A005B5354415455535D55
:10CDB00020002F6C6F676765722F737461747573D1
:10CDC0002E6C6F67005B53445D20737461747573E0
:10CDD0002E6C6F6720726F7461746564000D0A00B9
:10CDE00044454255473D0074727565004543553DC5
:10CDF00000444546533D0042415443484D41583D4F
:10CE000000706172616D5F69642C6E616D652C618B
:10CE10006464726573732C6C656E2C747970652C08
:10CE2000656E6469616E2C657870722C756E6974BC
:10CE3000732C64657073002573206E6F7420737596
:10CE400070706F727465642062792045435520E2EA
:10CE50008094206C6F6767696E67207A65726F00D7
:10CE60002F6C6F676765722F766572626F73656C82
:10CE70006F672E74787400256C750925730A002578
:10CE80006C750925732025730A00FFFFB7DF0100C9
:10CE9000BADF0100BDDF0100C0DF0100C3DF010018
:10CEA000C7DF0100CBDF0100CFDF0100D3DF0100CE
:10CEB000D6DF0100D9DF0100DDDF01004C4F475F05
:10CEC000434C4F53454400253032582530325825C5
:10CED00030325825303258253032580075380075B8
:10CEE00031360075333200693800693136006933F4
:10CEF0003200666C6F61740063616C63756C6174A1
:10CF00006564006E6F74666F756E640068657800A6
:10CF1000626967006C6974746C650043414C4355E9
:10CF20004C41544544004E4F54464F554E440030FA
:10CF3000782530366C58002667743B00266C743BAD
:10CF40000026616D703B0062697425750025732CA5
:10CF500025732C25732C25752C25732C25732C25D6
:10CF6000732C25732C25730A00726561736F6E3DF7
:10CF700046494C455F4D495353494E4700726561E0
:10CF8000736F6E3D444546535F4348414E474500ED
:10CF9000756E6B6E6F776E6563752E786D6C206342
:10CFA00072656174656400756E6B6E6F776E656334
:10CFB000752E786D6C204641494C45440064656689
:10CFC00061756C74206C6F676765722E786D6C206C
:10CFD00063726561746564006C6F676765722E7853
:10CFE0006D6C204641494C454400524F4D20494408
:10CFF0003D2573004543555F464F554E44005B4504
:10D0000043555D20005B4543555D20666F756E643A
:10D0100020524F4D20494400726561736F6E3D523E
:10D020004F4D5F49445F4348414E4745206E657709
:10D030003D25730043414348455F524547454E00F7
:10D04000616464726573735F6D61702E63737620C3
:10D0500076616C69640043414348455F4849540028
:10D06000524F4D2049443D2573206E6F7420696EE8
:10D0700020646566696E6974696F6E7320E28094DE
:10D08000205020706172616D73206F6E6C79004565
:10D0900043555F49445F4E4F545F464F554E4400E1
:10D0A0005B4543555D20454355204944206E6F74D0
:10D0B00020696E20646566696E6974696F6E73209D
:10D0C000E28094207573696E6720756E6B6E6F7762
:10D0D0006E6563752E786D6C002F6C6F6767657277
:10D0E0002F756E6B6E6F776E6563752E786D6C0045
:10D0F00045435520494400756E6B6E6F776E6563CE
:10D10000752E786D6C20707265736572766564201B
:10D110002873616D6520454355290050524F46499B
:10D120004C455F4B4545500050524F46494C455F7A
:10D1300047454E002F6C6F676765722F6C6F67678E
:10D1400065722E786D6C006C6F676765722E786DF6
:10D150006C20686173206E6F2073656C6563746505
:10D160006420706172616D6574657273004E4F5F0B
:10D17000504152414D5300726561736F6E3D4341A2
:10D180004348455F554E5245414441424C4500504D
:10D190002D706172616D733D2575004543555F5378
:10D1A0005550504F5254454400253034755F25305A
:10D1B000347525303275253032755F25303275254E
:10D1C000303275253032752E6373760035304D421E
:10D1D000207072652D616C6C6F636174696F6E2075
:10D1E0006661696C656420E28094205344206D611F
:10D1F00079206265206E6561726C792066756C6C51
:10D2000000505245414C4C4F435F5741524E006DC8
:10D21000696C6C6973002028004C4F475F57524976
:10D2200054455F4641494C002F6C6F676765722F0C
:10D23000636F756E7465722E747874002530347562
:10D240000A005B4C4F475D20002020535353414C54
:10D2500020204155544F2D47454E45524154454499
:10D260002050524F46494C4520202028554E4B4EC9
:10D270004F574E20454355290A0020205353534110
:10D280004C20204155544F2D47454E455241544561
:10D29000442044454641554C542050524F46494C39
:10D2A000450A0020204372656174656420626563ED
:10D2B000617573652074686520636F6E6E65637455
:10D2C00065642045435520494420776173204E4FC3
:10D2D0005420666F756E6420696E207468652052F4
:10D2E0006F6D5261696465720A2020646566696EBB
:10D2F0006974696F6E732E204F6E6C792073746140
:10D300006E646172642053534D202250222070615C
:10D3100072616D65746572732061726520617661FA
:10D32000696C61626C6520686572653B0A20204506
:10D3300043552D7370656369666963202245222019
:10D34000706172616D657465727320617265206EC3
:10D350006F742E0A0A002020437265617465642090
:10D3600062656361757365206E6F206C6F676765BA
:10D37000722E786D6C207761732070726573656EA4
:10D38000742E204C697374732065766572792070F1
:10D390006172616D65746572207468650A2020454C
:10D3A0004355207265706F727465642061732073D9
:10D3B0007570706F727465642C2077697468206171
:10D3C0002062617369632073657420656E61626CAD
:10D3D00065642E0A0A003C3F786D6C207665727396
:10D3E000696F6E3D22312E302220656E636F646955
:10D3F0006E673D2249534F2D383835392D31223F44
:10D400003E0A003C21444F43545950452070726FEE
:10D4100066696C652053595354454D202270726FD4
:10D4200066696C652E647464223E0A003C212D2DD1
:10D430000A20203D3D3D3D3D3D3D3D3D3D3D3D3D89
:10D440003D3D3D3D3D3D3D3D3D3D3D3D3D3D3D3D0C
:10D450003D3D3D3D3D3D3D3D3D3D3D3D3D3D3D3DFC
:10D460003D3D3D3D3D3D3D3D3D3D3D3D3D3D3D3DEC
:10D470003D3D3D0A0020203D3D3D3D3D3D3D3D3D86
:10D480003D3D3D3D3D3D3D3D3D3D3D3D3D3D3D3DCC
:10D490003D3D3D3D3D3D3D3D3D3D3D3D3D3D3D3DBC
:10D4A0003D3D3D3D3D3D3D3D3D3D3D3D3D3D3D3DAC
:10D4B0003D3D3D3D3D3D3D0A0A00202020202020ED
:10D4C000454355204944203A2025730A2020202036
:10D4D0002020437265617465643A20253034752DCF
:10D4E000253032752D2530327520253032753A259C
:10D4F0003032753A253032750A0A0020203D3D3D14
:10D500003D3D3D3D3D3D3D3D3D3D3D3D3D3D3D3D4B
:10D510003D3D3D3D3D3D3D3D3D3D3D3D3D3D3D3D3B
:10D520003D3D3D3D3D3D3D3D3D3D3D3D3D3D3D3D2B
:10D530003D3D3D3D3D3D3D3D3D3D3D3D3D0A202088
:10D54000454E41424C45202F2044495341424C45D1
:10D55000204120504152414D455445520A20203D22
:10D560003D3D3D3D3D3D3D3D3D3D3D3D3D3D3D3DEB
:10D570003D3D3D3D3D3D3D3D3D3D3D3D3D3D3D3DDB
:10D580003D3D3D3D3D3D3D3D3D3D3D3D3D3D3D3DCB
:10D590003D3D3D3D3D3D3D3D3D3D3D3D3D3D3D0AEE
:10D5A0002020546F204C4F47206120706172616DC4
:10D5B000657465722C2061646420206C69766564F2
:10D5C0006174613D2273656C65637465642220201B
:10D5D000746F20697473206C696E652E0A20205464
:10D5E0006F2073746F702C2064656C657465207493
:10D5F000686174206174747269627574652E204468
:10D60000697361626C656420706172616D657465D7
:10D61000727320636F7374206E6F7468696E673BFA
:10D620000A20207468657920617265206E657665D0
:10D6300072207265717565737465642066726F6DB2
:10D6400020746865204543552E0A0A20203D3D3D43
:10D650003D3D3D3D3D3D3D3D3D3D3D3D3D3D3D3DFA
:10D660003D3D3D3D3D3D3D3D3D3D3D3D3D3D3D3DEA
:10D670003D3D3D3D3D3D3D3D3D3D3D3D3D3D3D3DDA
:10D680003D3D3D3D3D3D3D3D3D3D3D3D3D0A202037
:10D6900053414D504C4520524154450A20203D3DB8
:10D6A0003D3D3D3D3D3D3D3D3D3D3D3D3D3D3D3DAA
:10D6B0003D3D3D3D3D3D3D3D3D3D3D3D3D3D3D3D9A
:10D6C0003D3D3D3D3D3D3D3D3D3D3D3D3D3D3D3D8A
:10D6D0003D3D3D3D3D3D3D3D3D3D3D3D3D3D0A20CA
:10D6E00020457665727920454E41424C4544207074
:10D6F0006172616D6574657220697320706F6C6C06
:10D70000656420656163682073616D706C65206F6E
:10D710007665722074686520343830302062617517
:10D72000640A20204B2D6C696E652C20736F207469
:10D730006865204D4F524520796F7520656E616296
:10D740006C652C2074686520534C4F5745522074EB
:10D750006865206C6F6720726174652E20456E616C
:10D76000626C650A20206F6E6C7920776861742086
:10D77000796F75206E6565642E0A0A20203D3D3D57
:10D780003D3D3D3D3D3D3D3D3D3D3D3D3D3D3D3DC9
:10D790003D3D3D3D3D3D3D3D3D3D3D3D3D3D3D3DB9
:10D7A0003D3D3D3D3D3D3D3D3D3D3D3D3D3D3D3DA9
:10D7B0003D3D3D3D3D3D3D3D3D3D3D3D3D0A202006
:10D7C00043555252454E544C5920444554454354B8
:10D7D000454420504152414D45544552532020204C
:10D7E0002028202A203D20656E61626C65642062DD
:10D7F000792064656661756C7420290A20203D3D9E
:10D800003D3D3D3D3D3D3D3D3D3D3D3D3D3D3D3D48
:10D810003D3D3D3D3D3D3D3D3D3D3D3D3D3D3D3D38
:10D820003D3D3D3D3D3D3D3D3D3D3D3D3D3D3D3D28
:10D830003D3D3D3D3D3D3D3D3D3D3D3D3D3D0A0088
:10D8400020203D3D3D3D3D3D3D3D3D3D3D3D3D3D42
:10D850003D3D3D3D3D3D3D3D3D3D3D3D3D3D3D3DF8
:10D860003D3D3D3D3D3D3D3D3D3D3D3D3D3D3D3DE8
:10D870003D3D3D3D3D3D3D3D3D3D3D3D3D3D3D3DD8
:10D880003D3D0A2D2D3E0A003C70726F66696C6545
:10D890002070726F746F636F6C3D2253534D223E44
:10D8A0000A202020203C706172616D65746572737E
:10D8B0003E0A00202020203C2F706172616D65744B
:10D8C0006572733E0A202020203C73776974636878
:10D8D00065733E0A00202020203C2F737769746313
:10D8E0006865733E0A3C2F70726F66696C653E0A0C
:10D8F000006C697665646174613D2273656C656373
:10D90000746564222000206C697665646174613DF1
:10D910002273656C656374656422002F6C6F6767A2
:10D9200065722F616464726573735F6D61702E63DD
:10D9300073760020202020256320252D3773202595
:10D94000730A0020202020202020203C706172617A
:10D950006D657465722069643D22257322202573EC
:10D96000756E6974733D222573222F3E2020203C62
:10D97000212D2D202573202D2D3E0A002020202032
:10D98000202020203C7377697463682069643D22FD
:10D9900025732225732F3E2020203C212D2D20256C
:10D9A00073202D2D3E0A00556E6B6E6F776E0075DD
:10D9B0006E6974733D0073746F726167657479701A
:10D9C000653D00656E6469616E3D00657870723D0D
:10D9D0000075696E74380075696E7431360075694A
:10D9E0006E74333200726177006966005B464154A1
:10D9F000414C5D2000626974000810182024282C16
:10DA0000305B50484153455D205365617263682027
:10DA100074696D656F757420E286922049444C45A7
:10DA20002028322D6D696E20736C65657029006E3B
:10DA30006F206461746120E280942072652D656EB0
:10DA4000746572696E672050686173652031005398
:10DA5000545245414D5F5741544348444F47005B42
:10DA600050484153455D205761746368646F672077
:10DA7000E2869220636C6F7365206C6F672C205375
:10DA800045415243480066696C653D257320705FCF
:10DA9000706172616D733D257520655F70617261A3
:10DAA0006D735F736B69707065643D2575004C4FD5
:10DAB0004747494E475F535441525445445F505F76
:10DAC0004F4E4C590066696C653D257320756E6438
:10DAD0006566696E65643D2573004C4F4747494E46
:10DAE000475F535441525445445F574954485F552A
:10DAF0004E444546494E45440066696C653D257374
:10DB000020706172616D733D2575004C4F47474928
:10DB10004E475F5354415254454400257320646975
:10DB20007669736F723D3020617420543D256C75A9
:10DB30006D7320E28094206C6F6767696E67207A4E
:10DB400065726F004449565F5A45524F00256C7507
:10DB500000307825302A6C5800252E326600534458
:10DB60005F57524954455F4641494C005B5048411C
:10DB700053455D2053442077726974652065727245
:10DB80006F7220E2869220636C6F7365206C6F6702
:10DB90002C20534541524348005B424F4F545D2077
:10DBA000525443204F4B005B424F4F545D20525420
:10DBB00043206E6F7420726573706F6E64696E6758
:10DBC000005254435F4F4B005254435F494E5641FD
:10DBD0004C49440053534D2D4B6C696E65004341D5
:10DBE0004E2D73747562005B424F4F545D20555348
:10DBF0004220686F73742064657465637465642083
:10DC000062757420534420626C6F636B20696E6987
:10DC100074204641494C4544005B424F4F545D20BF
:10DC200055534220686F737420646574656374652E
:10DC300064202D3E20555342204D61737320537450
:10DC40006F72616765206D6F6465202853442061A1
:10DC50007320647269766529005B464154414C5DCE
:10DC60002053445F494E49545F4641494C005B4252
:10DC70004F4F545D205344204F4B005B424F4F5455
:10DC80005D20534420696E6974204F4B2C207665CB
:10DC900072626F736520646562756720656E61628C
:10DCA0006C6564002F6C6F676765722F73657474A1
:10DCB000696D652E7478740025642D25642D2564A6
:10DCC0002025643A25643A25640066726F6D2073DE
:10DCD000657474696D652E747874005254435F5393
:10DCE00045540030343A34333A3139004F637420AC
:10DCF0002035203230323600636F6D70696C6520DC
:10DD000074696D6520285254432077617320756EC5
:10DD1000736574290072756E6E696E673D256420A7
:10DD2000796561723D257520706C61757369626CEF
:10DD3000653D2564006E6F206C6F676765725F2AB2
:10DD40002E786D6C20666F756E6420696E206C6F26
:10DD5000676765722F00444546535F4D49535349E9
:10DD60004E47005B424F4F545D20646566732066EA
:10DD7000696C653A006C6F676765722E786D6C2010
:10DD8000686173206E6F2073656C656374656420D1
:10DD9000706172616D73207965740050524F46490D
:10DDA0004C455F454D505459006E6F206C6F67674E
:10DDB00065722E786D6C20E280942077696C6C20FF
:10DDC0006175746F2D67656E65726174652061663B
:10DDD0007465722045435520646574656374005012
:10DDE000524F46494C455F4D495353494E470043B6
:10DDF000414E20636F6E74726F6C6C657220696E39
:10DE00006974206661696C656420E28094206368AF
:10DE100065636B207472616E7363656976657220E9
:10DE20006F6E2044342F44350043414E5F494E49C4
:10DE3000545F4641494C0053534D2D6F7665722D0A
:10DE400043414E2073656C6563746564206275742C
:10DE5000206E6F7420696D706C656D656E7465649D
:10DE60002079657420284B2D6C696E65206F6E6C6F
:10DE700079290043414E5F53545542005B424F4F56
:10DE8000545D2043414E20696E6974204F4B20E25F
:10DE90008094206275742053534D2D6F7665722DDA
:10DEA00043414E204E4F5420494D504C454D454E18
:10DEB00054454420287374756229006F6E6C792074
:10DEC00053534D20284B2D6C696E652920697320B2
:10DED000696D706C656D656E7465640050524F5469
:10DEE0004F5F4E4F545F535550504F52544544006E
:10DEF000257520706172616D732073656C65637444
:10DF000065640050524F46494C455F4F4B004445B5
:10DF100046535F4F4B00445331333037206E6F749C
:10DF200020726573706F6E64696E6720E280942062
:10DF300074696D657374616D707320756E6176615F
:10DF4000696C61626C65005254435F4641494C0004
:10DF50005B424F4F545D2070726F66696C65204F55
:10DF60004B3A200020706172616D73005B424F4F2D
:10DF7000545D20646566733A200053443D4F4B2046
:10DF80005254433D25732070726F746F3D2573208A
:10DF900073656C3D257500424F4F545F53454C46A9
:10DFA00054455354005B424F4F545D2073656C667B
:10DFB000746573743A2000503800503200503900B4
:10DFC0005037005031310050313000503132005064
:10DFD0003133005033005034005035380050313761
:10DFE00000535353414C202020005344204361727E
:10DFF00064204C6F67676572202000312E3020004E
:10E000004558464154000100010001010000000094
:10E01000000000001DB30000C9B4000021B30000DF
:10E02000BFB20000A1B3000099B200009BB2000093
:10E0300021BA00009DB200009FB20000A1B2000012
:10E04000B9B80000A3B2000000000000000000000A
:10E0500015BF000065C0000001410000BBBF00000B
:10E0600075BF000081BF0000A3BF000075C600009F
:10E07000ABC60000CDBF00009DC00000F3C700008C
:10E08000B3C70000FDBE000075C8000005BF00005A
:10E0900069BF00006FBF000000000000000000002A
:10E0A0004DCA000091C9000029CA0000FFFFFF1FF0
:10E0B000FFFFFF1FFFFFFF1FFFFFFF1F000000000C
:10E0C000FFFFFF1F00000000FFFFFF1F0000000018
:10E0D0000100010001000000010001000200000039
:10E0E0000100010003000000010001000400000025
:10E0F0000100010005000000010001000600000011
:10E1000001000100070000000100010008000000FC
:10E110000000010009000000000001000A000000EA
:10E12000000001000B000000000001000C000000D6
:10E13000000001000D000000000001000E000000C2
:10E14000000001000F0000000000010000000000BE
:10E1500001000000010000000100000002000000BA
:10E1600001000000030000000100000004000000A6
:10E170000100000005000000010000000600000092
:10E18000010000000700000001000000080000007E
:10E190000000000009000000000000000A0000006C
:10E1A000000000000B000000000000000C00000058
:10E1B000000000000D000000000000000E00000044
:10E1C000000000000F000000000000005B2530335D
:10E1D0006C585D2028256429203A20005B253038C2
:10E1E0006C585D2028256429203A2000000000009A
:10E1F0000000000095C9000037CA0000B9CD00003A
:10E20000C5C90000CDC9000013CB0000E9CA000059
:10E21000140082815400C28194008280D4811482CF
:10E220009405520944008200090051080C805405ED
:10E230005201460042000B0057080E8014051C00D6
:10E24000920811008B081080D4041A0092001780E5
:10E25000520842000980520002801288128012087F
:10E26000578A1A00520051004B0A4E801C00520877
:10E27000C2009700490A4C80D20002019100510A65
:10E280005080D20851088B801280120982018900C7
:10E29000578A120142018B80D289D2014282140432
:10E2A000928054049208C2024B889404D20802035C
:10E2B00049881E005482FFFF010300008AE201002A
:10E2C0000203000092E201000501000056E2010095
:10E2D0000401000050E201000301000048E20100D7
:10E2E000020100003CE20100060100005AE20100C8
:10E2F000070100005CE20100040300009AE2010053
:10E300000303000098E201000C01000082E201001A
:10E310000901000062E201000A0100006CE2010054
:10E320000B01000078E201000E000000B2E20100E3
:10E330000000000010E201000100000014E20100F2
:10E340000200000018E20100010100002EE20100BD
:10E350000001000020E20100000500009EE2010033
:10E360000C0000001CE201000D0000001EE2010094
:10E3700001050000A2E2010002050000AAE201007E
:10E38000080100005EE201000003000088E20100D5
:10E39000FFFF00FF010203FF0403010C0009140842
:10E3A000111C101918FFFFFF0600080010001800CC
:10E3B0002000400060008000000180010002000495
:10E3C0000008FFFF0A0900000A0900003F0B0000D7
:10E3D0000100020008001000000000000000000022
:10E3E000F92F0100093C010001410000D72F010075
:10E3F0004F30010011310100E12F0100CD2F01004C
:10E40000113301002D300100C92F01000C0A080E44
:10E41000101802191D1F01FF00000000000000007D
:10E42000193A0100BD4101001142010041420100C1
:10E43000E5420100A1430100000000000D4A010077
:10E440001D4A01002D4A0100B54A0100D54B0100CB
:10E45000000000003D4501002D450100454501003B
:10E4600009460100E947010000000000A144010045
:10E47000A3440100A5440100C944010000000000BC
:10E48000000000000000000000000000BB6F010061
:10E4900061700100DD6F0100E96F0100D16F0100C3
:10E4A00029700100F56F0100AF6F0100A96F010035
:10E4B000B96F0100C5700100B9CC0100D0E40100C2
:10E4C000D8E4010036420020E6E40100EFE4010058
:10E4D00041726475696E6F00554E4F205234204D65
:10E4E000696E696D610043444320506F727400444B
:10E4F00046552D525420506F7274000000000000E9
:10E50000000000000000000000000000000000000B
:10E510000000000000000000000000FF666D6F6456
:10E520006600000000000000000000804300504F23
:10E53000534958002E00494E4600696E66004E4110
:10E540004E006E616E003031323334353637383933
:10E550004142434445460030313233343536373852
:10E56000396162636465660035000000CEFBFFFF21
:10E57000CB03000001000000000000003400000098
:10E58000CEFBFFFFCB0300000100000000000000F5
:10E59000BC89D897B2D29C3C33A7A8D523F6493979
:10E5A0003DA7F444FD0FA5329D978CCF08BA5B259B
:10E5B000436FAC6428066811002020202020202012
:10E5C0002020282828282820202020202020202023
:10E5D0002020202020202020208810101010101033
:10E5E000101010101010101010040404040404047F
:10E5F0000404041010101010101041414141414119
:10E6000001010101010101010101010101010101FA
:10E61000010101011010101010104242424242420A
:10E6200002020202020202020202020202020202CA
:10E630000202020210101010200000000000000072
:10E6400000000000000000000000000000000000CA
:10E6500000000000000000000000000000000000BA
:10E6600000000000000000000000000000000000AA
:10E67000000000000000000000000000000000009A
:10E68000000000000000000000000000000000008A
:10E69000000000000000000000000000000000007A
:10E6A000000000000000000000000000000000006A
:10E6B000000000000000000000496E66696E697489
:10E6C00079004E614E00FFFF0000000000000000D6
:10E6D000000000000000000000000000000000003A
:10E6E000000000000000000000000000000000002A
:10E6F000000000000000000000000000000000001A
:10E700000000000000000000000000000000000009
:10E7100000000000000000000000000000000000F9
:10E7200000000000000000000080E03779C3414392
:10E73000176E05B5B5B89346F5F93FE9034F384D67
:10E74000321D30F94877825A3CBF737FDD4F157513
:10E75000000000000000F03F000000000000244026
:10E7600000000000000059400000000000408F4001
:10E77000000000000088C34000000000006AF8406C
:10E780000000000080842E4100000000D012634190
:10E790000000000084D797410000000065CDCD4106
:10E7A000000000205FA00242000000E876483742E7
:10E7B000000000A2941A6D42000040E59C30A24285
:10E7C0000000901EC4BCD64200003426F56B0C43FA
:10E7D0000080E03779C3414300A0D88557347643A1
:10E7E00000C84E676DC1AB43003D9160E458E14302
:10E7F000408CB5781DAF154450EFE2D6E41A4B4477
:10E8000092D54D06CFF08044F64AE1C7022DB544BB
:10E81000B49DD9794378EA4405000000190000004E
:10E820007D000000232D302B2000686C4C006566B5
:10E830006745464700FFFFFF56E8010059E8010021
:10E840005CE80100412D46612D66383930313233A4
:10E85000343536375D002B2D00303000785800FFFE
:04E8600000000000B4
:10E86C00200200000000000000000000000000007A
:10E87C000A00000009570100C442002010000C00DF
:10E88C0000000000FF000000000009400A0000002A
:10E89C000112010002020201404123690000010142
:10E8AC00020301014800002000000000E8E601001E
:10E8BC0008E70100C8E601000000000000000000AD
:10E8CC00000000000000000000000000000000003C
:10E8DC00000000000000000000000000000000002C
:10E8EC00000000000000000000000000000000001C
:10E8FC00000000000000000000000000000000000C
:10E90C0000000000000000004300000000000000B8
:10E91C0000000000000000000000000000000000EB
:10E92C000000000000000000430000000000000098
:10E93C0000000000000000000000000000000000CB
:10E94C000000000000000000430000000000000078
:10E95C0000000000000000000000000000000000AB
:10E96C000000000000000000430000000000000058
:10E97C00000000000000000000000000000000008B
:10E98C000000000000000000430000000000000038
:10E99C00000000000000000000000000000000006B
:10E9AC000000000000000000430000000000000018
:10E9BC00000000000000000000000000000000004B
:10E9CC0000000000000000004300000000000000F8
:10E9DC00000000000000000000000000000000002B
:10E9EC0000000000000000007DA50100518801001E
:10E9FC0000000000B8E5010034E50100B9CC0100CD
:10EA0C00B9CC0100B9CC0100B9CC0100B9CC0100E2
:10EA1C00B9CC0100B9CC0100B9CC0100B9CC0100D2
:10EA2C00FFFFFFFFFFFFFFFFFFFFFFFFFFFF0000E8
:10EA3C000100415343494900000000000000000060
:10EA4C0000000000000000000000000000000000BA
:10EA5C000000415343494900000000000000000041
:10EA6C00000000000000000000000000000000009A
:10EA7C0000000000E54000009963000065BA00004A
:10EA8C0089C80000BDCD0000912F0100B9340100F0
:10EA9C00D5340100A1380100E13B0100A13D01008A
:10EAAC00F53F0100D5710100C1400000CDCD000043
:10EABC00A52F0100E1340100ED38010001400100F7
:0400000310001DA527
:00000001FF
